{"beat_times": [0.08126984126984127, 0.7198185941043084, 1.2654875283446712, 1.9272562358276644, 2.5658049886621317, 3.1811337868480725, 3.7848526077097504, 4.3769614512471655, 4.992290249433107, 5.677278911564626, 6.339047619047619, 6.942766439909297, 7.558095238095238, 8.185034013605442, 8.800362811791382, 9.404081632653062, 10.019410430839002, 10.611519274376418, 11.296507936507936, 11.877006802721088, 12.422675736961452, 13.072834467120181, 13.630113378684808, 14.199002267573697, 14.802721088435375, 15.336780045351475, 15.975328798185942, 16.590657596371884, 17.171156462585035, 17.786485260770974, 18.42503401360544, 19.02875283446712, 19.6324716553288, 20.201360544217685, 20.816689342403627, 21.420408163265307, 22.035736961451246, 22.66267573696145, 23.254784580498868, 23.84689342403628, 24.404172335600908, 24.99628117913832, 25.623219954648526, 26.261768707482993, 26.969977324263038, 27.527256235827664, 28.07292517006803, 28.711473922902496, 29.3384126984127, 30.011791383219954, 30.615510204081634, 31.24244897959184, 31.880997732426305, 32.55437641723356, 33.19292517006803, 33.78503401360544, 34.38875283446712, 34.969251700680275, 35.58458049886622, 36.17668934240363], "beat_labels": [19, 2, 13, 25, 10, 3, 23, 23, 18, 3, 23, 23, 23, 1, 1, 1, 6, 26, 12, 12, 16, 27, 11, 7, 7, 7, 7, 6, 15, 15, 15, 15, 24, 24, 24, 4, 4, 4, 21, 21, 21, 22, 28, 17, 8, 0, 0, 0, 20, 17, 8, 29, 9, 5, 5, 9, 5, 9, 14, 14]}