{"beat_times": [0.23219954648526078, 0.8126984126984127, 1.3583673469387756, 1.8692063492063493, 2.426485260770975, 2.9373242630385485, 3.4597732426303853, 4.028662131519274, 4.6439909297052155, 5.224489795918367, 5.746938775510204, 6.30421768707483, 6.884716553287982, 7.441995464852607, 7.987664399092971, 8.533333333333333, 9.148662131519274, 9.682721088435374, 10.216780045351474, 10.832108843537416, 11.459047619047618, 11.981496598639456, 12.585215419501134, 13.188934240362812, 13.757823129251701, 14.338321995464852, 14.907210884353741, 15.406439909297053, 15.963718820861677, 16.497777777777777, 16.973786848072564, 17.4962358276644, 18.018684807256236, 18.587573696145125, 19.156462585034014, 19.783401360544218, 20.410340136054423, 20.990839002267574, 21.582947845804988, 22.175056689342405, 22.76716553287982, 23.359274376417233, 23.92816326530612, 24.49705215419501, 25.0659410430839, 25.63482993197279, 26.203718820861678, 26.772607709750567, 27.341496598639456, 27.921995464852607, 28.50249433106576, 29.048163265306123, 29.628662131519274, 30.209160997732425, 30.789659863945577, 31.37015873015873, 31.950657596371883, 32.53115646258503, 33.111655328798186, 33.69215419501134, 34.27265306122449], "beat_labels": [10, 25, 25, 25, 15, 15, 15, 15, 1, 25, 9, 9, 19, 19, 18, 4, 14, 3, 24, 26, 21, 21, 14, 22, 16, 28, 2, 7, 2, 23, 23, 13, 7, 7, 23, 13, 5, 11, 11, 11, 11, 17, 17, 17, 8, 8, 8, 8, 8, 6, 6, 27, 12, 29, 0, 0, 0, 0, 20, 20, 0]}