{"beat_times": [2.147845804988662, 2.5541950113378684, 2.9837641723356008, 3.4249433106575964, 3.8312925170068026, 4.272471655328798, 4.713650793650793, 5.143219954648526, 5.572789115646258, 5.979138321995465, 6.3854875283446715, 6.768616780045352, 7.174965986394557, 7.569705215419501, 7.952834467120182, 8.335963718820862, 8.742312925170069, 9.148662131519274, 9.566621315192744, 10.031020408163265, 10.47219954648526, 10.89015873015873, 11.250068027210885, 11.644807256235827, 12.051156462585034, 12.45750566893424, 12.863854875283447, 13.246984126984128, 13.630113378684808, 14.013242630385488, 14.419591836734694, 14.8259410430839, 15.232290249433106, 15.673469387755102, 16.04498866213152, 16.451337868480724, 16.92734693877551, 17.31047619047619, 17.670385487528346, 18.134784580498867, 18.61079365079365, 19.017142857142858, 19.44671201814059, 19.86467120181406, 20.29424036281179, 20.66575963718821, 21.16498866213152, 21.559727891156463, 21.966077097505668, 22.372426303854876, 22.732335600907028, 23.11546485260771, 23.53342403628118, 23.962993197278912, 24.369342403628117, 24.79891156462585, 25.240090702947846, 25.66965986394558, 26.087619047619047, 26.51718820861678, 26.946757369614513, 27.376326530612246, 27.77106575963719, 28.16580498866213, 28.54893424036281, 28.908843537414967, 29.31519274376417, 29.68671201814059, 30.116281179138323, 30.53424036281179, 31.05668934240363, 31.463038548752834, 31.846167800453514, 32.3221768707483, 32.728526077097506, 33.25097505668934, 33.69215419501134, 34.12172335600907, 34.481632653061226, 34.853151927437644, 35.18984126984127, 35.58458049886622, 36.07219954648526, 36.4669387755102, 36.83845804988662, 37.23319727891157, 37.62793650793651, 38.01106575963719, 38.2897052154195, 38.626394557823126, 39.00952380952381, 39.334603174603174, 39.69451247165533, 40.1124716553288, 40.530430839002264, 40.925170068027214, 41.34312925170068, 41.72625850340136, 42.120997732426304, 42.515736961451246, 42.92208616780045, 43.340045351473925, 43.769614512471655, 44.18757369614512, 44.640362811791384, 45.05832199546485, 45.49950113378685, 45.92907029478458, 46.37024943310658, 46.81142857142857, 47.26421768707483, 47.6821768707483, 48.10013605442177, 48.50648526077097, 48.93605442176871, 49.36562358276644, 49.795192743764176, 50.23637188208617, 50.64272108843537, 51.04907029478458, 51.478639455782314], "beat_labels": [11, 11, 11, 11, 11, 11, 11, 1, 15, 15, 15, 17, 27, 18, 18, 27, 13, 15, 4, 4, 8, 20, 27, 20, 7, 6, 19, 15, 29, 29, 9, 9, 9, 29, 19, 19, 6, 13, 13, 29, 28, 16, 6, 16, 0, 8, 26, 8, 12, 12, 8, 2, 27, 18, 27, 7, 29, 5, 5, 19, 6, 6, 6, 25, 13, 8, 12, 12, 12, 12, 26, 4, 21, 2, 12, 2, 10, 14, 14, 4, 4, 4, 2, 22, 22, 12, 15, 10, 10, 10, 26, 12, 21, 21, 21, 21, 3, 3, 3, 3, 3, 3, 4, 4, 8, 27, 17, 17, 29, 16, 15, 13, 1, 1, 1, 24, 24, 9, 23, 23, 23]}