{"beat_times": [2.4380952380952383, 2.8676643990929707, 3.2856235827664397, 3.7500226757369615, 4.191201814058957, 4.574331065759637, 4.96907029478458, 5.3986394557823125, 5.839818594104308, 6.246167800453515, 6.664126984126984, 7.128526077097506, 7.511655328798186, 7.9412244897959186, 8.370793650793651, 8.78875283446712, 9.148662131519274, 9.508571428571429, 9.868480725623582, 10.286439909297052, 10.716009070294785, 11.133968253968254, 11.563537414965987, 12.004716553287983, 12.422675736961452, 12.84063492063492, 13.25859410430839, 13.676553287981859, 14.094512471655328, 14.524081632653061, 14.965260770975057, 15.371609977324264, 15.801179138321995, 16.207528344671204, 16.648707482993196, 17.08988662131519, 17.542675736961453, 17.96063492063492, 18.37859410430839, 18.808163265306124, 19.22612244897959, 19.655691609977325, 20.073650793650792, 20.503219954648525, 20.94439909297052, 21.373968253968254, 21.768707482993197], "beat_labels": [6, 6, 20, 20, 25, 1, 1, 22, 17, 8, 26, 16, 3, 21, 9, 14, 7, 24, 13, 13, 13, 13, 5, 28, 19, 2, 10, 10, 2, 29, 10, 10, 2, 27, 0, 27, 0, 18, 15, 4, 11, 23, 11, 12, 23, 4, 12]}