{"beat_times": [0.26702947845804986, 0.7894784580498866, 1.3235374149659864, 1.822766439909297, 2.3568253968253967, 2.8212244897959184, 3.355283446712018, 3.900952380952381, 4.388571428571429, 4.876190476190477, 5.479909297052155, 5.979138321995465, 6.524807256235827, 7.024036281179138, 7.534875283446712, 8.010884353741497, 8.498503401360544, 8.986122448979591, 9.47374149659864, 9.891700680272109, 10.286439909297052, 10.727619047619047, 11.168798185941043, 11.644807256235827, 12.213696145124716, 12.701315192743763, 13.154104308390023, 13.722993197278912, 14.245442176870748, 14.721451247165533, 15.116190476190477, 15.603809523809524, 16.068208616780044, 16.520997732426302, 16.99700680272109, 17.46140589569161, 17.867755102040817, 18.297324263038547, 18.75011337868481, 19.202902494331067, 19.71374149659864, 20.154920634920636, 20.723809523809525, 21.2346485260771, 21.722267573696143, 22.23310657596372, 22.674285714285713, 23.127074829931974, 23.672743764172335, 24.13714285714286, 24.543492063492064], "beat_labels": [22, 21, 1, 1, 4, 16, 13, 14, 7, 14, 0, 29, 29, 27, 23, 3, 24, 25, 6, 20, 19, 1, 5, 10, 24, 6, 20, 6, 4, 4, 2, 25, 12, 10, 4, 8, 8, 28, 18, 18, 3, 9, 15, 2, 26, 1, 17, 11, 11, 11, 2]}