{"beat_times": [2.020136054421769, 2.705124716553288, 3.3668934240362813, 4.133151927437642, 4.829750566893424, 5.5147392290249435, 6.211337868480726, 6.884716553287982, 7.592925170068027, 8.277913832199546, 8.962902494331066, 9.578231292517007, 10.344489795918367, 11.029478458049887, 11.72607709750567, 12.411065759637188, 13.10766439909297, 13.79265306122449, 14.477641723356008, 15.17424036281179, 15.85922902494331, 16.532607709750568, 17.240816326530613, 17.925804988662133, 18.622403628117915, 19.30739229024943, 19.99238095238095, 20.688979591836734, 21.373968253968254, 22.058956916099774, 22.755555555555556, 23.440544217687076, 24.13714285714286, 24.822131519274375, 25.507120181405895, 26.16888888888889, 26.911927437641722, 27.573696145124718, 28.305124716553287, 28.955283446712016, 29.675102040816327, 30.29043083900227, 30.928979591836736, 31.555918367346937, 32.24090702947846, 32.97233560090703, 33.69215419501134, 34.38875283446712, 35.015691609977324, 35.68907029478458, 36.443718820861676, 37.08226757369614, 37.73242630385487, 38.42902494331066, 39.05596371882086, 39.72934240362812, 40.50721088435374, 41.250249433106575, 41.98167800453515, 42.71310657596372, 43.46775510204082, 44.199183673469385, 44.76807256235828, 45.51111111111111, 46.25414965986395, 46.985578231292514], "beat_labels": [12, 10, 28, 25, 25, 14, 16, 17, 17, 17, 2, 4, 2, 4, 0, 17, 2, 7, 2, 7, 2, 26, 0, 19, 0, 7, 16, 7, 2, 17, 2, 4, 4, 7, 7, 8, 8, 21, 20, 6, 3, 29, 18, 3, 5, 27, 24, 22, 13, 22, 13, 9, 23, 23, 29, 11, 11, 12, 16, 16, 1, 1, 1, 9, 9, 15]}