{"beat_times": [0.06965986394557823, 0.46439909297052157, 0.8243083900226758, 1.195827664399093, 1.5789569160997732, 1.9736961451247166, 2.2987755102040817, 2.705124716553288, 3.076643990929705, 3.4713832199546486, 3.877732426303855, 4.249251700680272, 4.620770975056689, 5.015510204081632, 5.410249433106576, 5.8165986394557825, 6.188117913832199, 6.548027210884354, 6.896326530612245, 7.291065759637188, 7.743854875283446, 8.17342403628118, 8.579773242630386, 8.986122448979591, 9.346031746031747, 9.7059410430839, 10.08907029478458, 10.425759637188209, 10.762448979591836, 11.15718820861678, 11.54031746031746, 11.935056689342403, 12.294965986394558, 12.678095238095239, 13.049614512471654, 13.421133786848072, 13.804263038548752, 14.280272108843537, 14.686621315192744, 15.09297052154195, 15.47609977324263, 15.85922902494331, 16.24235827664399, 16.637097505668933, 17.020226757369613, 17.39174603174603, 17.786485260770974, 18.285714285714285, 18.692063492063493, 19.06358276643991, 19.469931972789116, 19.934331065759636, 20.387120181405894, 20.770249433106574, 21.106938775510205, 21.51328798185941, 21.908027210884352, 22.256326530612245, 22.604625850340135, 23.022585034013606, 23.38249433106576, 23.76562358276644, 24.19519274376417, 24.624761904761904, 25.019501133786846, 25.402630385487527, 25.762539682539682, 26.157278911564624, 26.55201814058957, 26.993197278911566, 27.445986394557824, 27.875555555555554, 28.305124716553287, 28.69986394557823, 29.059773242630385, 29.41968253968254, 29.791201814058958, 30.174331065759638, 30.511020408163265, 30.882539682539683, 31.24244897959184, 31.613968253968252, 31.98548752834467, 32.36861678004535, 32.70530612244898, 33.065215419501136, 33.448344671201816, 33.85469387755102, 34.249433106575964, 34.59773242630386, 34.9924716553288, 35.36399092970522, 35.72390022675737, 36.09541950113379, 36.45532879818594, 36.826848072562356, 37.198367346938774, 37.593106575963716, 38.02267573696145, 38.45224489795918, 38.87020408163265, 39.288163265306125, 39.69451247165533, 40.07764172335601, 40.483990929705215, 40.89034013605442, 41.308299319727894, 41.72625850340136, 42.132607709750566, 42.515736961451246, 42.898866213151926], "beat_labels": [5, 12, 22, 12, 24, 1, 29, 10, 29, 3, 5, 5, 22, 25, 25, 3, 20, 5, 29, 29, 27, 27, 17, 17, 26, 29, 7, 26, 3, 8, 16, 29, 29, 10, 21, 12, 0, 8, 26, 10, 10, 10, 23, 16, 7, 29, 23, 7, 29, 29, 23, 20, 5, 5, 10, 7, 23, 1, 1, 10, 1, 1, 26, 13, 22, 18, 18, 28, 6, 11, 5, 20, 22, 12, 9, 9, 11, 6, 4, 4, 2, 2, 22, 22, 8, 1, 1, 15, 28, 28, 11, 6, 28, 2, 2, 2, 2, 2, 1, 2, 15, 15, 14, 14, 14, 3, 14, 19, 0, 22, 26]}