{"beat_times": [0.4992290249433107, 1.0100680272108844, 1.5325170068027212, 2.0317460317460316, 2.5541950113378684, 3.0418140589569163, 3.517823129251701, 3.9938321995464854, 4.504671201814059, 5.00390022675737, 5.526349206349207, 6.072018140589569, 6.617687074829932, 7.186575963718821, 7.697414965986394, 8.219863945578231, 8.672653061224489, 9.1718820861678, 9.7059410430839, 10.205170068027211, 10.727619047619047, 11.215238095238096, 11.714467120181405, 12.236916099773243, 12.736145124716554, 13.130884353741497, 13.618503401360543, 14.117732426303855, 14.628571428571428, 15.104580498866213, 15.673469387755102, 16.16108843537415, 16.683537414965986, 17.19437641723356, 17.716825396825396, 18.239274376417235, 18.68045351473923, 19.156462585034014, 19.655691609977325, 20.154920634920636, 20.700589569160996, 21.153378684807254, 21.722267573696143, 22.267936507936508, 22.790385487528344, 23.312834467120183, 23.81206349206349, 24.322902494331064, 24.856961451247166, 25.309750566893424, 25.808979591836735, 26.296598639455784, 26.772607709750567, 27.353106575963718, 27.875555555555554, 28.43283446712018, 28.943673469387754, 29.524172335600905, 30.023401360544216, 30.603900226757368, 31.079909297052154, 31.555918367346937, 32.066757369614514, 32.55437641723356, 32.995555555555555, 33.41351473922902, 33.85469387755102, 34.307482993197276, 34.748662131519275, 35.236281179138324, 35.72390022675737, 36.25795918367347, 36.75718820861678, 37.25641723356009, 37.74403628117914, 38.2897052154195, 38.85859410430839, 39.381043083900224, 39.92671201814059, 40.518820861678, 40.97160997732426, 41.45922902494331, 41.912018140589566, 42.36480725623583, 42.80598639455782, 43.32843537414966, 43.82766439909297, 44.29206349206349, 44.83773242630385, 45.406621315192744, 45.94068027210884, 46.42829931972789, 46.96235827664399, 47.391927437641726, 47.867936507936506, 48.4368253968254, 49.02893424036281, 49.574603174603176, 50.108662131519274, 50.64272108843537, 51.16517006802721, 51.687619047619044, 52.22167800453515, 52.73251700680272], "beat_labels": [9, 12, 12, 3, 3, 3, 5, 5, 21, 11, 24, 0, 27, 25, 5, 25, 20, 26, 25, 14, 22, 20, 10, 17, 15, 10, 13, 27, 20, 28, 6, 10, 10, 17, 5, 27, 0, 20, 23, 4, 1, 1, 23, 27, 29, 8, 4, 13, 8, 7, 19, 23, 2, 15, 29, 1, 29, 8, 29, 8, 7, 23, 1, 8, 2, 2, 1, 4, 29, 8, 8, 10, 8, 4, 8, 8, 2, 2, 8, 6, 6, 8, 15, 15, 6, 6, 18, 19, 1, 8, 29, 16, 19, 19, 2, 6, 23, 19, 19, 2, 19, 2, 2, 2]}