{"beat_times": [0.2438095238095238, 0.7662585034013606, 1.2770975056689342, 1.7531065759637188, 2.2523356009070294, 2.7399546485260773, 3.2624036281179136, 3.7732426303854876, 4.284081632653061, 4.783310657596372, 5.282539682539682, 5.77015873015873, 6.280997732426304, 6.757006802721088, 7.291065759637188, 7.813514739229025, 8.312743764172335, 8.777142857142858, 9.264761904761905, 9.740770975056689, 10.27482993197279, 10.797278911564625, 11.3081179138322, 11.784126984126985, 12.294965986394558, 12.782585034013605, 13.246984126984128, 13.711383219954648, 14.152562358276644, 14.651791383219955, 15.162630385487528, 15.673469387755102, 16.219138321995466, 16.72997732426304, 17.240816326530613, 17.751655328798186, 18.274104308390022, 18.76172335600907, 19.260952380952382, 19.736961451247165, 20.224580498866214, 20.712199546485262, 21.223038548752836, 21.687437641723356, 22.128616780045352, 22.558185941043085, 23.010975056689343, 23.49859410430839, 23.974603174603175, 24.473832199546486, 24.938231292517006, 25.44907029478458, 25.94829931972789, 26.540408163265305, 27.09768707482993, 27.68979591836735, 28.223854875283447, 28.76952380952381, 29.23392290249433, 29.709931972789114, 30.162721088435376, 30.603900226757368, 31.05668934240363, 31.48625850340136, 31.880997732426305, 32.3221768707483, 32.78657596371882, 33.23936507936508, 33.80825396825397, 34.27265306122449, 34.78349206349206, 35.27111111111111, 35.80517006802721, 36.385668934240364, 37.02421768707483, 37.63954648526077, 38.138775510204084, 38.6031746031746], "beat_labels": [28, 4, 4, 4, 1, 1, 24, 24, 28, 28, 4, 4, 17, 17, 4, 4, 1, 28, 20, 13, 14, 14, 14, 27, 27, 27, 7, 29, 0, 7, 8, 6, 25, 0, 0, 6, 23, 13, 0, 7, 5, 5, 8, 7, 7, 18, 10, 0, 7, 26, 26, 26, 0, 0, 3, 26, 3, 10, 2, 2, 0, 22, 4, 12, 12, 12, 12, 10, 9, 9, 19, 9, 20, 21, 11, 16, 15, 20]}