{"beat_times": [0.26702947845804986, 0.7430385487528345, 1.1261678004535147, 1.5325170068027212, 2.020136054421769, 2.4729251700680273, 2.9257142857142857, 3.4829931972789114, 3.959002267573696, 4.435011337868481, 4.922630385487528, 5.363809523809524, 5.8165986394557825, 6.30421768707483, 6.780226757369615, 7.233015873015873, 7.7090249433106575, 8.196643990929704, 8.661043083900227, 9.125442176870749, 9.58984126984127, 10.019410430839002, 10.460589569160998, 11.017868480725623, 11.517097505668934, 11.993106575963719, 12.550385487528345, 13.02639455782313, 13.514013605442177, 13.966802721088435, 14.477641723356008, 15.011700680272108, 15.534149659863946, 16.021768707482995, 16.532607709750568, 17.00861678004535, 17.4962358276644, 17.925804988662133, 18.390204081632653, 18.84299319727891, 19.29578231292517], "beat_labels": [0, 7, 25, 3, 27, 27, 29, 12, 1, 12, 1, 12, 1, 1, 1, 24, 24, 12, 23, 16, 26, 19, 6, 5, 10, 17, 28, 18, 11, 28, 4, 9, 20, 4, 22, 13, 2, 21, 15, 8, 14]}