{"beat_times": [6.791836734693877, 7.267845804988662, 7.7090249433106575, 8.161814058956915, 8.602993197278911, 9.044172335600907, 9.485351473922902, 9.97297052154195, 10.47219954648526, 10.936598639455783, 11.319727891156463, 11.702857142857143, 12.097596371882085, 12.49233560090703, 12.898684807256236, 13.432743764172336, 13.87392290249433, 14.384761904761906, 14.86077097505669, 15.348390022675737, 15.882448979591837, 16.39328798185941, 16.904126984126986, 17.356916099773244, 17.809705215419502, 18.285714285714285, 18.76172335600907, 19.260952380952382, 19.725351473922903, 20.189750566893423, 20.67736961451247, 21.153378684807254, 21.61777777777778, 22.0821768707483, 22.558185941043085, 23.010975056689343, 23.440544217687076, 23.95138321995465, 24.427392290249433, 24.891791383219953, 25.356190476190477, 25.820589569160997, 26.31981859410431, 26.772607709750567, 27.225396825396825, 27.678185941043083, 28.16580498866213, 28.641814058956918, 29.15265306122449, 29.58222222222222, 30.06984126984127, 30.522630385487528, 30.975419501133786, 31.451428571428572, 31.93904761904762, 32.38022675736961, 32.8562358276644, 33.332244897959185, 33.84308390022676, 34.29587301587301, 34.76027210884354, 35.2130612244898, 35.70068027210884, 36.19990929705215, 36.72235827664399, 37.16353741496599, 37.62793650793651, 38.11555555555555, 38.61478458049886, 39.09079365079365, 39.52036281179139, 39.91510204081633], "beat_labels": [21, 21, 3, 3, 3, 3, 17, 25, 20, 6, 6, 17, 10, 10, 10, 1, 1, 18, 28, 16, 16, 15, 15, 15, 7, 7, 7, 7, 7, 13, 13, 5, 7, 7, 7, 7, 0, 13, 29, 29, 29, 11, 11, 11, 11, 24, 26, 23, 27, 12, 19, 9, 9, 8, 8, 8, 2, 2, 4, 4, 11, 24, 26, 23, 18, 12, 19, 22, 22, 14, 14, 18]}