{"beat_times": [0.33668934240362813, 0.7778684807256235, 1.2190476190476192, 1.6602267573696146, 2.1130158730158732, 2.5425850340136056, 2.9373242630385485, 3.3901133786848074, 3.81968253968254, 4.249251700680272, 4.713650793650793, 5.189659863945578, 5.6540589569161, 6.15328798185941, 6.6873469387755105, 7.151746031746032, 7.650975056689342, 8.13859410430839, 8.544943310657596, 8.951292517006802, 9.415691609977324, 9.868480725623582, 10.286439909297052, 10.727619047619047, 11.203628117913832, 11.668027210884354, 12.144036281179138, 12.60843537414966, 13.049614512471654, 13.479183673469388, 13.897142857142857], "beat_labels": [4, 11, 27, 26, 7, 7, 23, 28, 18, 2, 20, 21, 0, 3, 24, 12, 15, 14, 10, 9, 25, 22, 16, 5, 13, 6, 1, 19, 29, 8, 17]}