{"beat_times": [0.301859410430839, 1.0797278911564625, 1.9504761904761905, 2.786394557823129, 3.4713832199546486, 4.08671201814059, 4.818140589569161, 5.5147392290249435, 6.188117913832199, 6.977596371882086, 7.790294784580499, 8.695873015873016, 9.613061224489796, 10.448979591836734, 11.261678004535147, 12.097596371882085, 13.096054421768708, 13.897142857142857, 14.70984126984127, 15.545759637188208, 16.34684807256236, 17.04344671201814, 17.809705215419502, 18.866213151927436, 19.667301587301587, 20.44517006802721, 21.16498866213152, 21.81514739229025, 22.569795918367348, 23.4637641723356], "beat_labels": [11, 2, 26, 7, 8, 9, 20, 25, 18, 29, 22, 17, 0, 5, 12, 3, 15, 1, 6, 21, 4, 14, 24, 28, 23, 10, 13, 19, 27, 16]}