{"beat_times": [0.6849886621315193, 1.0797278911564625, 1.4164172335600906, 1.7763265306122449, 2.182675736961451, 2.5774149659863945, 3.030204081632653, 3.3901133786848074, 3.7616326530612243, 4.179591836734694, 4.562721088435374, 4.957460317460318, 5.352199546485261, 5.723718820861678, 6.1184580498866215, 6.524807256235827, 6.931156462585034, 7.314285714285714, 7.697414965986394, 8.092154195011338, 8.486893424036282, 8.870022675736962, 9.253151927437642, 9.636281179138322, 10.031020408163265, 10.425759637188209, 10.80888888888889, 11.19201814058957, 11.57514739229025, 11.969886621315192, 12.353015873015874, 12.736145124716554, 13.130884353741497, 13.56045351473923, 13.990022675736961, 14.44281179138322, 14.895600907029479, 15.36, 15.74312925170068, 16.149478458049888, 16.50938775510204, 16.950566893424035, 17.403356009070293, 17.728435374149658, 18.123174603174604, 18.54113378684807, 18.94748299319728, 19.353832199546485, 19.748571428571427, 20.166530612244898, 20.572879818594103, 21.0140589569161, 21.39718820861678, 21.757097505668934, 22.186666666666667, 22.593015873015872, 22.987755102040815, 23.38249433106576, 23.754013605442175, 24.13714285714286, 24.49705215419501, 24.926621315192744, 25.391020408163264, 25.75092970521542, 26.122448979591837, 26.482358276643993, 26.853877551020407, 27.28344671201814, 27.66657596371882, 28.014875283446713, 28.374784580498865, 28.723083900226758, 29.082993197278913, 29.41968253968254, 29.826031746031745, 30.209160997732425, 30.53424036281179, 30.928979591836736, 31.381768707482994, 31.7881179138322, 32.21768707482993, 32.6356462585034, 33.041995464852604, 33.448344671201816, 33.85469387755102, 34.249433106575964, 34.60934240362812, 35.03891156462585, 35.43365079365079, 35.88643990929705, 36.29278911564626, 36.67591836734694, 37.05904761904762, 37.430566893424036, 37.813696145124716, 38.185215419501134, 38.568344671201814, 38.951473922902494, 39.334603174603174, 39.70612244897959, 40.100861678004534, 40.483990929705215, 40.85551020408163, 41.22702947845805], "beat_labels": [28, 21, 21, 21, 8, 8, 1, 1, 28, 1, 11, 27, 14, 23, 7, 3, 9, 7, 7, 24, 24, 17, 7, 19, 15, 6, 6, 15, 15, 22, 22, 9, 9, 3, 3, 7, 7, 29, 0, 25, 10, 5, 0, 25, 5, 25, 25, 12, 12, 12, 5, 10, 10, 0, 17, 17, 2, 3, 2, 2, 2, 2, 10, 10, 0, 17, 17, 17, 17, 17, 6, 16, 26, 16, 26, 26, 16, 26, 17, 17, 6, 17, 17, 2, 17, 17, 16, 0, 2, 10, 10, 12, 17, 19, 4, 4, 4, 6, 0, 13, 20, 18, 13, 13], "beat_selections": [64, 9, 58, 15, 95, 41, 70, 14, 4, 32, 52, 10, 91, 103, 12, 27, 86, 84, 101, 23, 100, 3, 29, 13, 20, 43, 74, 11, 8, 37]}