{"beat_times": [1.0216780045351475, 1.3351473922902495, 1.7066666666666668, 2.066575963718821, 2.426485260770975, 2.7747845804988662, 3.0882539682539685, 3.436553287981859, 3.8080725623582765, 4.133151927437642, 4.458231292517007, 4.806530612244898, 5.154829931972789, 5.5147392290249435, 5.851428571428571, 6.176507936507937, 6.513197278911565, 6.826666666666667, 7.174965986394557, 7.523265306122449, 7.87156462585034, 8.208253968253969, 8.544943310657596, 8.904852607709751, 9.241541950113378, 9.578231292517007, 9.914920634920636, 10.251609977324263, 10.588299319727891, 10.936598639455783, 11.284897959183674, 11.633197278911565, 11.969886621315192, 12.30657596371882, 12.64326530612245, 12.99156462585034, 13.316643990929705, 13.653333333333334, 13.990022675736961, 14.338321995464852, 14.675011337868481, 14.97687074829932, 15.32517006802721, 15.673469387755102, 16.01015873015873, 16.335238095238097, 16.671927437641724, 17.020226757369613, 17.345306122448978, 17.68199546485261, 18.007074829931973, 18.332154195011338, 18.703673469387756, 19.040362811791383, 19.365442176870747, 19.71374149659864, 20.050430839002267, 20.387120181405894, 20.700589569160996, 21.04888888888889, 21.385578231292516, 21.73387755102041, 22.070566893424036], "beat_labels": [8, 10, 3, 1, 11, 18, 5, 1, 0, 0, 24, 25, 25, 20, 20, 24, 19, 22, 14, 16, 17, 15, 15, 5, 21, 22, 13, 16, 16, 23, 15, 20, 16, 26, 2, 7, 7, 19, 5, 5, 22, 29, 3, 28, 9, 9, 24, 28, 8, 22, 14, 2, 6, 6, 13, 5, 21, 22, 13, 27, 8, 12, 4], "beat_selections": [9, 3, 34, 2, 62, 38, 53, 35, 0, 44, 1, 4, 61, 26, 50, 22, 27, 20, 5, 16, 31, 56, 57, 29, 15, 12, 33, 59, 43, 41]}