{"beat_times": [11.493877551020407, 12.248526077097505, 12.979954648526077, 13.734603174603174, 14.489251700680272, 15.383219954648526, 15.998548752834466, 16.61387755102041, 17.438185941043084, 18.26249433106576, 19.017142857142858, 19.771791383219956, 20.526439909297054, 21.257868480725623, 21.942857142857143, 22.639455782312925, 23.4637641723356, 24.29968253968254, 24.83374149659864, 25.588390022675735, 26.354648526077096, 27.12090702947846, 28.026485260770976, 28.827573696145123, 29.57061224489796, 30.278820861678003, 31.196009070294785, 32.066757369614514, 32.69369614512472, 33.35546485260771, 34.11011337868481, 34.88798185941043, 35.631020408163266, 36.3740589569161, 37.1287074829932, 37.8833560090703, 38.638004535147395, 39.3578231292517, 40.054421768707485, 40.751020408163264, 41.586938775510205, 42.42285714285714, 43.165895691609975, 43.92054421768707, 44.67519274376417, 45.38340136054422, 46.08, 46.78820861678005, 47.589297052154194, 48.44843537414966, 49.14503401360544, 49.96934240362812, 50.712380952380954, 51.45541950113379, 52.19845804988662, 52.97632653061225, 53.719365079365076, 54.41596371882086, 55.147392290249435, 55.878820861678, 56.59863945578231, 57.50421768707483, 58.24725623582766, 59.025124716553286, 59.69850340136055, 60.36027210884354, 61.103310657596374, 61.84634920634921, 62.58938775510204, 63.332426303854874, 64.07546485260771, 64.83011337868481, 65.5847619047619, 66.339410430839, 67.10566893424036, 67.89514739229026, 68.67301587301587, 69.4508843537415, 70.24036281179139, 70.99501133786848, 71.7728798185941, 72.49269841269842, 73.29378684807256, 74.09487528344671, 74.89596371882087, 75.697052154195, 76.46331065759637, 77.18312925170068, 77.92616780045351, 78.63437641723355, 79.35419501133786, 80.1320634920635, 80.87510204081633, 81.6065306122449, 82.39600907029478, 83.06938775510204, 83.71954648526076, 84.45097505668934, 85.13596371882086, 85.89061224489797, 86.62204081632653], "beat_labels": [16, 12, 26, 25, 15, 2, 16, 16, 27, 12, 12, 25, 10, 9, 7, 17, 2, 12, 26, 10, 2, 9, 7, 11, 28, 27, 7, 16, 17, 11, 26, 3, 12, 12, 12, 3, 15, 20, 14, 17, 7, 4, 4, 24, 10, 20, 17, 17, 14, 26, 24, 15, 20, 17, 7, 29, 19, 7, 22, 22, 17, 13, 11, 10, 7, 2, 1, 23, 1, 1, 9, 9, 7, 16, 8, 16, 8, 6, 6, 6, 5, 5, 21, 21, 18, 18, 18, 18, 18, 18, 21, 21, 0, 18, 0, 0, 0, 21, 21, 0, 0], "beat_selections": [96, 68, 65, 35, 42, 80, 78, 72, 74, 21, 19, 62, 32, 61, 48, 4, 0, 53, 93, 56, 52, 82, 58, 67, 50, 3, 18, 8, 24, 55]}