{"beat_times": [0.301859410430839, 0.9287981859410431, 1.6370068027210884, 2.449705215419501, 3.2275736961451247, 3.982222222222222, 4.725260770975057, 5.5147392290249435, 6.2693877551020405, 7.024036281179138, 7.790294784580499, 8.533333333333333, 9.299591836734693, 10.054240362811791, 10.797278911564625, 11.586757369614512, 12.329795918367347, 13.096054421768708, 13.862312925170068, 14.59374149659864, 15.36, 16.114648526077097, 16.869297052154195, 17.647165532879818, 18.401814058956916, 19.156462585034014, 19.922721088435374, 20.66575963718821, 21.43201814058957, 22.186666666666667, 22.929705215419503, 23.719183673469388, 24.473832199546486, 25.21687074829932, 26.006349206349206, 26.830657596371882, 27.492426303854874, 28.23546485260771, 28.990113378684807, 29.779591836734692, 30.53424036281179, 31.288888888888888, 32.05514739229025, 32.79818594104309, 33.56444444444445, 34.307482993197276], "beat_labels": [5, 20, 5, 24, 0, 13, 28, 1, 15, 3, 6, 12, 23, 4, 9, 16, 15, 3, 6, 19, 18, 4, 9, 25, 26, 3, 6, 12, 23, 21, 9, 1, 15, 11, 17, 8, 0, 27, 9, 1, 7, 14, 29, 22, 10, 2], "beat_selections": [36, 39, 45, 9, 13, 2, 18, 40, 35, 22, 44, 33, 27, 5, 41, 16, 15, 34, 20, 19, 1, 29, 43, 28, 3, 23, 24, 37, 6, 42]}