{"beat_times": [11.203628117913832, 11.679637188208616, 12.178866213151927, 12.701315192743763, 13.212154195011339, 13.734603174603174, 14.257052154195012, 14.779501133786848, 15.290340136054422, 15.801179138321995, 16.31201814058957, 16.81124716553288, 17.322086167800453, 17.821315192743764, 18.320544217687075, 18.819773242630387, 19.33061224489796, 19.841451247165534, 20.352290249433107, 20.851519274376418, 21.35074829931973, 21.826757369614512, 22.31437641723356, 22.801995464852606, 23.289614512471655, 23.76562358276644, 24.241632653061224, 24.694421768707482, 25.18204081632653, 25.64643990929705, 26.110839002267575, 26.668117913832198, 27.144126984126984, 27.70140589569161, 28.293514739229025, 28.804353741496598, 29.280362811791385, 29.76798185941043, 30.243990929705216, 30.859319727891158, 31.358548752834466, 31.857777777777777, 32.345396825396826, 32.891065759637186, 33.3902947845805, 33.866303854875284, 34.319092970521545, 34.81832199546485, 35.32916099773242, 35.851609977324266, 36.327619047619045, 36.85006802721088, 37.45378684807256, 38.034285714285716, 38.49868480725623, 38.963083900226756, 39.46231292517007, 39.96154195011338, 40.47238095238095, 41.041269841269845, 41.55210884353742, 42.06294784580499, 42.59700680272109, 43.10784580498866, 43.549024943310656, 44.02503401360544, 44.489433106575966, 44.93061224489796, 45.38340136054422, 45.89424036281179, 46.451519274376416, 46.85786848072562, 47.34548752834467, 47.74022675736961, 48.204625850340136, 48.72707482993197, 49.237913832199546, 49.70231292517007, 50.155102040816324, 50.61950113378685, 51.141950113378684, 51.65278911564626, 52.11718820861678, 52.70929705215419, 53.2085260770975, 53.777414965986395, 54.323083900226756, 54.84553287981859, 55.20544217687075, 55.693061224489796, 56.076190476190476, 56.57541950113379, 56.95854875283447, 57.446167800453516, 57.817687074829934, 58.363356009070294, 58.87419501133787, 59.41986394557823, 59.895873015873015, 60.348662131519276, 60.81306122448979, 61.25424036281179, 61.74185941043084, 62.24108843537415, 62.728707482993194, 63.239546485260774, 63.85487528344671], "beat_labels": [16, 3, 1, 16, 3, 3, 3, 3, 3, 3, 3, 3, 3, 3, 3, 3, 16, 16, 16, 16, 16, 16, 16, 16, 16, 16, 1, 1, 1, 1, 1, 1, 1, 1, 1, 1, 18, 18, 18, 18, 18, 15, 15, 15, 27, 26, 26, 5, 5, 5, 15, 15, 27, 13, 13, 20, 20, 14, 2, 7, 7, 25, 12, 12, 12, 14, 2, 21, 7, 25, 4, 25, 4, 4, 0, 9, 9, 9, 24, 24, 24, 23, 10, 10, 28, 10, 17, 17, 17, 0, 10, 29, 29, 8, 8, 8, 8, 8, 11, 6, 6, 11, 6, 19, 22, 22, 22], "beat_selections": [74, 35, 58, 8, 72, 48, 99, 59, 94, 76, 85, 98, 62, 53, 57, 41, 25, 86, 40, 103, 55, 67, 104, 81, 80, 71, 45, 52, 84, 91]}