{"beat_times": [0.2438095238095238, 0.615328798185941, 1.0448979591836736, 1.4396371882086167, 1.822766439909297, 2.2058956916099772, 2.5541950113378684, 2.948934240362812, 3.355283446712018, 3.7035827664399092, 4.1099319727891155, 4.46984126984127, 4.85297052154195, 5.23609977324263, 5.61922902494331, 5.979138321995465, 6.397097505668934, 6.780226757369615, 7.163356009070295, 7.546485260770975, 7.929614512471655, 8.301133786848073, 8.684263038548753, 9.079002267573696, 9.438911564625851, 9.833650793650794, 10.193560090702947, 10.576689342403627, 10.948208616780045, 11.354557823129252, 11.749297052154194, 12.097596371882085, 12.445895691609977, 12.852244897959183, 13.270204081632652, 13.64172335600907, 14.02485260770975, 14.40798185941043, 14.79111111111111, 15.185850340136055, 15.568979591836735, 15.963718820861677, 16.335238095238097, 16.718367346938777, 17.101496598639457, 17.507845804988662, 17.856145124716555, 18.285714285714285, 18.703673469387756, 19.086802721088436, 19.481541950113378, 19.853061224489796, 20.224580498866214, 20.63092970521542, 21.0140589569161, 21.36235827664399, 21.757097505668934, 22.151836734693877, 22.534965986394557, 22.894875283446712, 23.26639455782313, 23.64952380952381, 24.03265306122449, 24.404172335600908, 24.787301587301588, 25.158820861678006, 25.518730158730158, 25.901859410430838, 26.261768707482993, 26.62167800453515, 26.993197278911566, 27.376326530612246, 27.77106575963719, 28.223854875283447, 28.63020408163265, 29.013333333333332, 29.38485260770975, 29.76798185941043, 30.15111111111111, 30.499410430839003, 30.882539682539683, 31.277278911564625, 31.648798185941043, 32.04353741496599, 32.43827664399093, 32.80979591836735, 33.1697052154195, 33.55283446712018, 33.924353741496596, 34.307482993197276, 34.71383219954649, 35.10857142857143, 35.468480725623586, 35.851609977324266, 36.234739229024946, 36.58303854875283, 36.977777777777774, 37.372517006802724, 37.755646258503404, 38.11555555555555, 38.47546485260771, 38.846984126984125, 39.288163265306125, 39.65968253968254, 40.06603174603175, 40.41433106575964], "beat_labels": [1, 1, 1, 22, 22, 10, 10, 10, 29, 10, 13, 7, 7, 7, 7, 7, 22, 1, 9, 23, 10, 3, 3, 3, 29, 13, 19, 7, 19, 7, 7, 7, 7, 25, 25, 25, 1, 1, 1, 1, 5, 14, 5, 14, 5, 14, 4, 28, 28, 4, 9, 4, 4, 23, 15, 15, 19, 17, 17, 18, 6, 27, 18, 6, 2, 2, 6, 6, 27, 21, 24, 28, 28, 4, 5, 28, 4, 23, 15, 15, 23, 28, 28, 15, 8, 26, 26, 16, 16, 9, 9, 9, 23, 5, 5, 9, 23, 22, 0, 0, 12, 9, 23, 3, 20, 11], "beat_selections": [98, 37, 65, 21, 49, 44, 60, 13, 84, 18, 7, 105, 100, 25, 45, 54, 88, 57, 62, 56, 104, 69, 4, 19, 70, 34, 86, 61, 81, 24]}