{"beat_times": [4.864580498866213, 5.3986394557823125, 5.88625850340136, 6.408707482993197, 6.919546485260771, 7.383945578231293, 7.87156462585034, 8.370793650793651, 8.846802721088435, 9.369251700680271, 9.93814058956916, 10.50702947845805, 11.029478458049887, 11.551927437641723, 12.085986394557823, 12.620045351473923, 13.142494331065759, 13.664943310657597, 14.187392290249432, 14.70984126984127, 15.255510204081633, 15.766349206349206, 16.288798185941044, 16.81124716553288, 17.345306122448978, 17.856145124716555, 18.390204081632653, 18.935873015873018, 19.44671201814059, 19.99238095238095, 20.456780045351476, 20.97922902494331, 21.571337868480725, 22.035736961451246, 22.534965986394557, 23.057414965986396, 23.672743764172335, 24.2184126984127, 24.76408163265306, 25.29814058956916, 25.890249433106575, 26.424308390022677, 26.911927437641722, 27.39954648526077, 27.96843537414966, 28.514104308390024, 29.106213151927438, 29.593832199546487, 30.081451247165532, 30.56907029478458, 31.126349206349207, 31.63718820861678, 32.14802721088435, 32.612426303854875, 33.053605442176874, 33.55283446712018, 34.08689342403628, 34.60934240362812, 35.14340136054422, 35.64263038548753, 36.14185941043084, 36.55981859410431, 37.047437641723356, 37.535056689342404, 38.034285714285716, 38.521904761904764, 38.98630385487528, 39.53197278911565, 40.054421768707485, 40.63492063492063, 41.145759637188206, 41.64498866213152, 42.26031746031746, 42.782766439909295, 43.32843537414966, 43.874104308390024, 44.43138321995465, 44.977052154195015, 45.53433106575964, 46.021950113378686, 46.56761904761905, 47.101678004535145, 47.589297052154194, 48.06530612244898, 48.576145124716554, 49.121814058956915, 49.65587301587301, 50.18993197278912, 50.74721088435374, 51.2928798185941, 51.81532879818594, 52.33777777777778, 52.87183673469388, 53.40589569160998, 53.939954648526076, 54.46240362811791, 55.01968253968254], "beat_labels": [2, 2, 29, 3, 27, 27, 27, 29, 2, 2, 15, 15, 27, 27, 14, 20, 20, 20, 20, 2, 29, 18, 18, 19, 21, 21, 21, 24, 28, 28, 10, 10, 11, 11, 11, 12, 8, 7, 26, 16, 23, 25, 25, 0, 0, 0, 1, 7, 15, 6, 6, 6, 6, 6, 9, 9, 4, 4, 11, 11, 11, 12, 8, 8, 3, 13, 13, 23, 5, 5, 5, 5, 5, 1, 7, 18, 3, 3, 22, 17, 17, 22, 3, 3, 29, 15, 15, 15, 15, 7, 18, 18, 18, 7, 7, 14, 15], "beat_selections": [44, 73, 8, 77, 57, 69, 49, 74, 63, 55, 30, 58, 61, 65, 14, 88, 39, 79, 22, 23, 17, 26, 81, 40, 27, 41, 38, 5, 28, 7]}