{"beat_times": [0.034829931972789115, 0.5224489795918368, 1.0100680272108844, 1.5209070294784581, 2.020136054421769, 2.5193650793650795, 3.006984126984127, 3.5062131519274375, 3.9938321995464854, 4.481451247165533, 4.9458503401360545, 5.433469387755102, 5.863038548752835, 6.350657596371882, 6.8382766439909295, 7.395555555555555, 7.894784580498866, 8.382403628117913, 8.858412698412698, 9.357641723356009, 9.845260770975056, 10.32126984126984, 10.797278911564625, 11.27328798185941, 11.77251700680272, 12.26013605442177, 12.770975056689343, 13.270204081632652, 13.699773242630386, 14.17578231292517, 14.651791383219955, 15.12780045351474, 15.603809523809524, 16.07981859410431, 16.637097505668933, 17.124716553287982, 17.542675736961453, 18.030294784580498, 18.517913832199547, 19.005532879818595, 19.481541950113378, 19.969160997732427, 20.44517006802721, 20.93278911564626, 21.408798185941045, 21.966077097505668, 22.430476190476192, 22.941315192743765, 23.417324263038548, 23.904943310657597, 24.392562358276646, 24.775691609977326, 25.36780045351474, 25.739319727891157, 26.354648526077096, 26.749387755102042, 27.36471655328798, 27.77106575963719, 28.258684807256238, 28.746303854875283, 29.3384126984127, 29.744761904761905, 30.34848072562358, 30.743219954648527, 31.346938775510203, 31.741678004535146, 32.298956916099776, 32.8562358276644, 33.29741496598639, 33.77342403628118, 34.27265306122449, 34.84154195011338, 35.352380952380955, 35.851609977324266, 36.327619047619045, 36.815238095238094, 37.33768707482993, 37.83691609977324, 38.32453514739229, 38.8237641723356, 39.27655328798186, 39.717732426303854, 40.22857142857143, 40.66975056689343, 41.145759637188206, 41.633378684807255, 42.09777777777778, 42.58539682539683, 43.0962358276644, 43.57224489795918, 44.09469387755102, 44.593922902494334, 45.19764172335601, 45.69687074829932, 46.19609977324263], "beat_labels": [5, 5, 24, 6, 6, 6, 6, 6, 6, 6, 1, 1, 1, 1, 1, 1, 1, 20, 17, 10, 16, 16, 16, 9, 9, 13, 18, 18, 8, 8, 11, 18, 8, 1, 29, 22, 3, 29, 29, 7, 3, 20, 26, 0, 15, 12, 9, 9, 9, 2, 2, 2, 13, 13, 13, 13, 21, 21, 2, 2, 28, 28, 25, 25, 19, 19, 18, 11, 18, 11, 11, 11, 7, 7, 7, 7, 22, 7, 22, 22, 22, 4, 14, 27, 15, 4, 26, 0, 15, 12, 17, 10, 23, 16, 2], "beat_selections": [43, 10, 94, 36, 85, 0, 7, 39, 28, 47, 19, 30, 89, 55, 82, 44, 20, 18, 68, 64, 17, 56, 35, 92, 2, 62, 42, 83, 60, 37]}