{"beat_times": [0.18575963718820862, 0.8475283446712019, 1.3931972789115645, 1.9388662131519274, 2.48453514739229, 3.0418140589569163, 3.633922902494331, 4.2260317460317465, 4.818140589569161, 5.3986394557823125, 5.990748299319728, 6.594467120181406, 7.209795918367347, 7.836734693877551, 8.40562358276644, 8.974512471655329, 9.566621315192744, 10.170340136054422, 10.762448979591836, 11.366167800453514, 11.993106575963719, 12.596825396825396, 13.188934240362812, 13.804263038548752, 14.396371882086168, 15.023310657596372, 15.615419501133786, 16.24235827664399, 16.869297052154195, 17.46140589569161, 18.053514739229026, 18.64562358276644, 19.237732426303854, 19.853061224489796, 20.44517006802721, 21.02566893424036, 21.490068027210885, 21.942857142857143, 22.54657596371882, 23.127074829931974, 23.719183673469388, 24.3112925170068, 24.973061224489797, 25.507120181405895, 26.01795918367347, 26.540408163265305, 27.062857142857144, 27.631746031746033, 28.189024943310656, 28.757913832199545, 29.350022675736962, 29.95374149659864, 30.580680272108843, 31.184399092970523, 31.7881179138322, 32.36861678004535, 32.995555555555555, 33.57605442176871, 34.19138321995465, 34.78349206349206, 35.41043083900227, 36.014149659863946, 36.594648526077094, 37.17514739229025, 37.767256235827666, 38.35936507936508, 38.951473922902494, 39.52036281179139, 40.1124716553288, 40.704580498866214, 41.29668934240363, 41.900408163265304, 42.515736961451246, 43.119455782312926, 43.74639455782313, 44.32689342403628, 44.919002267573696, 45.49950113378685, 46.08, 46.6140589569161, 47.18294784580499, 47.751836734693875, 48.32072562358277, 48.83156462585034, 49.35401360544218, 49.87646258503401, 50.37569160997732, 50.95619047619048, 51.536689342403626], "beat_labels": [24, 17, 0, 0, 24, 17, 0, 0, 24, 17, 17, 0, 24, 17, 0, 0, 4, 19, 20, 12, 19, 6, 25, 6, 4, 11, 7, 12, 11, 2, 2, 0, 10, 2, 2, 2, 9, 16, 16, 13, 13, 24, 17, 0, 0, 24, 17, 0, 0, 4, 19, 20, 12, 25, 6, 25, 6, 26, 11, 7, 12, 1, 10, 10, 22, 1, 10, 10, 22, 21, 8, 22, 15, 5, 14, 5, 14, 5, 23, 5, 23, 27, 3, 23, 29, 12, 18, 28, 28], "beat_selections": [14, 61, 30, 82, 49, 79, 54, 26, 70, 36, 62, 58, 52, 39, 74, 72, 37, 5, 86, 50, 51, 69, 64, 78, 0, 53, 57, 81, 88, 84]}