{"beat_times": [0.12770975056689343, 0.6501587301587302, 1.2654875283446712, 1.787936507936508, 2.3219954648526078, 2.7747845804988662, 3.239183673469388, 3.7732426303854876, 4.35374149659864, 4.922630385487528, 5.5495691609977325, 6.095238095238095, 6.6525170068027215, 7.198185941043084, 7.7090249433106575, 8.208253968253969, 8.753922902494331, 9.276371882086167, 9.798820861678005, 10.309659863945578, 10.843718820861678, 11.377777777777778, 11.888616780045352, 12.399455782312925, 12.933514739229025, 13.455963718820861, 13.990022675736961, 14.524081632653061, 15.069750566893424, 15.592199546485261, 16.149478458049888, 16.671927437641724, 17.182766439909297, 17.69360544217687, 18.250884353741498, 18.773333333333333, 19.29578231292517, 19.806621315192743, 20.340680272108845, 20.874739229024943, 21.39718820861678, 21.91963718820862, 22.442086167800454, 22.96453514739229, 23.49859410430839, 24.021043083900228], "beat_labels": [6, 18, 5, 10, 28, 16, 10, 12, 17, 20, 4, 15, 14, 13, 7, 2, 11, 3, 19, 9, 9, 13, 7, 2, 29, 0, 1, 20, 4, 15, 14, 13, 7, 2, 21, 24, 19, 22, 27, 8, 7, 26, 1, 0, 25, 23], "beat_selections": [43, 42, 23, 17, 10, 2, 0, 32, 39, 19, 3, 16, 7, 13, 12, 11, 5, 8, 1, 18, 27, 34, 37, 45, 35, 44, 41, 38, 4, 24]}