{"beat_times": [1.822766439909297, 2.1942857142857144, 2.5658049886621317, 2.9373242630385485, 3.308843537414966, 3.6687528344671203, 4.051882086167801, 4.4117913832199545, 4.794920634920635, 5.154829931972789, 5.50312925170068, 5.874648526077097, 6.246167800453515, 6.617687074829932, 6.989206349206349, 7.360725623582766, 7.732244897959184, 8.092154195011338, 8.452063492063493, 8.811972789115647, 9.183492063492064, 9.543401360544218, 9.926530612244898, 10.286439909297052, 10.65795918367347, 11.017868480725623, 11.38938775510204, 11.749297052154194, 12.10920634920635, 12.480725623582767, 12.852244897959183, 13.212154195011339, 13.583673469387755, 13.955192743764172, 14.315102040816326, 14.686621315192744, 15.058140589569161, 15.418049886621315, 15.789569160997733, 16.149478458049888, 16.520997732426302, 16.904126984126986, 17.264036281179138, 17.647165532879818, 18.007074829931973, 18.37859410430839, 18.75011337868481, 19.13324263038549, 19.49315192743764, 19.853061224489796, 20.236190476190476, 20.607709750566894, 20.96761904761905, 21.3275283446712, 21.71065759637188, 22.070566893424036, 22.453696145124717, 22.813605442176872, 23.173514739229024, 23.54503401360544, 23.881723356009072, 24.241632653061224, 24.61315192743764, 24.973061224489797, 25.33297052154195, 25.704489795918366, 26.076009070294784, 26.43591836734694, 26.79582766439909, 27.155736961451247, 27.527256235827664, 27.898775510204082, 28.24707482993197], "beat_labels": [14, 1, 1, 20, 23, 14, 17, 17, 3, 8, 10, 10, 25, 25, 5, 15, 29, 29, 15, 15, 21, 24, 15, 15, 12, 15, 12, 6, 0, 24, 12, 5, 29, 15, 15, 22, 0, 24, 5, 15, 29, 12, 15, 6, 19, 18, 18, 18, 13, 7, 7, 27, 9, 26, 4, 28, 4, 4, 28, 16, 11, 11, 5, 6, 16, 16, 15, 22, 0, 2, 2, 2, 2], "beat_selections": [68, 1, 70, 8, 54, 31, 43, 50, 9, 52, 11, 60, 26, 48, 0, 39, 59, 6, 45, 44, 3, 20, 67, 4, 21, 12, 53, 51, 55, 17]}