{"beat_times": [1.2770975056689342, 1.7414965986394557, 2.2058956916099772, 2.693514739229025, 3.1579138321995464, 3.6687528344671203, 4.121541950113379, 4.597551020408163, 5.0967800453514736, 5.607619047619048, 6.106848072562358, 6.559637188208617, 7.082086167800454, 7.569705215419501, 8.045714285714286, 8.544943310657596, 9.044172335600907, 9.520181405895691, 10.00780045351474, 10.576689342403627, 11.122358276643991, 11.633197278911565, 12.085986394557823, 12.538775510204081, 12.979954648526077, 13.479183673469388, 13.978412698412699, 14.512471655328799, 15.011700680272108, 15.534149659863946, 16.07981859410431, 16.61387755102041, 17.136326530612244, 17.623945578231293, 18.11156462585034, 18.506303854875284, 19.02875283446712, 19.551201814058956, 20.085260770975058, 20.607709750566894, 21.083718820861677, 21.652607709750566, 22.16344671201814, 22.66267573696145, 23.16190476190476, 23.661133786848072, 24.19519274376417, 24.729251700680273, 25.193650793650793, 25.63482993197279, 26.1340589569161, 26.63328798185941, 27.144126984126984, 27.66657596371882, 28.189024943310656, 28.746303854875283, 29.26875283446712, 29.76798185941043, 30.26721088435374, 30.778049886621314, 31.277278911564625], "beat_labels": [21, 21, 8, 8, 8, 0, 8, 8, 2, 0, 0, 8, 0, 0, 0, 0, 27, 27, 14, 8, 8, 6, 6, 2, 2, 20, 20, 3, 3, 4, 9, 12, 12, 4, 4, 23, 1, 15, 5, 23, 24, 26, 18, 25, 29, 28, 22, 17, 16, 24, 19, 7, 18, 3, 26, 16, 13, 15, 15, 10, 11], "beat_selections": [9, 36, 24, 27, 33, 38, 22, 51, 6, 30, 59, 60, 32, 56, 18, 57, 48, 47, 42, 50, 25, 1, 46, 35, 49, 43, 54, 16, 45, 44]}