{"beat_times": [1.18421768707483, 1.5789569160997732, 1.9853061224489796, 2.403265306122449, 2.809614512471655, 3.215963718820862, 3.633922902494331, 3.982222222222222, 4.342131519274377, 4.725260770975057, 5.085170068027211, 5.456689342403628, 5.828208616780046, 6.2345578231292516, 6.629297052154195, 7.000816326530612, 7.395555555555555, 7.836734693877551, 8.25469387755102, 8.661043083900227, 9.079002267573696, 9.462131519274376, 9.903310657596371, 10.286439909297052, 10.704399092970522, 11.122358276643991, 11.57514739229025, 12.027936507936507, 12.445895691609977, 12.805804988662132, 13.177324263038548, 13.548843537414966, 13.94358276643991, 14.268662131519275, 14.663401360544217, 15.058140589569161, 15.429659863945579, 15.824399092970522, 16.195918367346938, 16.602267573696146, 17.03183673469388, 17.449795918367347, 17.867755102040817, 18.285714285714285, 18.657233560090702, 19.051972789115645, 19.435102040816325, 19.806621315192743, 20.259410430839, 20.654149659863947, 21.037278911564627, 21.524897959183672, 21.989297052154196, 22.488526077097507, 22.918095238095237, 23.336054421768708, 23.719183673469388, 24.090702947845806, 24.462222222222223, 24.787301587301588, 25.205260770975055, 25.55356009070295, 25.94829931972789, 26.33142857142857, 26.70294784580499, 27.09768707482993, 27.492426303854874, 27.898775510204082, 28.293514739229025, 28.641814058956918, 29.00172335600907, 29.408072562358278, 29.814421768707483, 30.220770975056688, 30.615510204081634, 31.010249433106576, 31.40498866213152, 31.7881179138322], "beat_labels": [18, 4, 4, 0, 19, 22, 10, 10, 27, 20, 24, 16, 6, 6, 13, 14, 17, 6, 14, 15, 15, 16, 5, 12, 12, 9, 2, 12, 12, 28, 28, 21, 21, 5, 23, 23, 23, 8, 29, 29, 23, 26, 11, 3, 21, 21, 8, 25, 8, 5, 5, 5, 7, 9, 2, 12, 14, 1, 1, 1, 25, 25, 7, 7, 7, 7, 8, 3, 8, 3, 21, 1, 1, 11, 11, 25, 3, 3], "beat_selections": [3, 72, 26, 76, 2, 50, 13, 52, 66, 53, 6, 74, 23, 14, 15, 19, 11, 16, 0, 4, 9, 32, 5, 36, 10, 75, 41, 8, 30, 38]}