{"beat_times": [0.8359183673469388, 1.4280272108843537, 2.0085260770975055, 2.589024943310658, 3.1695238095238096, 3.7500226757369615, 4.330521541950113, 4.911020408163266, 5.491519274376417, 6.095238095238095, 6.606077097505669, 7.128526077097506, 7.720634920634921, 8.277913832199546, 8.811972789115647, 9.32281179138322, 9.833650793650794, 10.367709750566894, 11.029478458049887, 11.668027210884354, 12.213696145124716, 12.736145124716554, 13.374693877551021, 13.978412698412699, 14.570521541950113, 15.162630385487528, 15.777959183673469, 16.416507936507937, 17.00861678004535, 17.647165532879818, 18.285714285714285, 18.84299319727891, 19.400272108843538, 19.922721088435374, 20.503219954648525, 20.94439909297052, 21.536507936507938, 22.105396825396827, 22.651065759637188, 23.196734693877552, 23.754013605442175, 24.322902494331064, 24.88018140589569, 25.437460317460317, 26.05278911564626, 26.70294784580499, 27.36471655328798, 27.96843537414966, 28.560544217687074, 29.15265306122449, 29.733151927437643, 30.313650793650794, 30.894149659863945, 31.474648526077097, 32.066757369614514, 32.64725623582766, 33.22775510204082, 33.7037641723356, 34.37714285714286, 34.969251700680275, 35.468480725623586, 36.060589569160996, 36.617868480725626, 37.24480725623583, 37.813696145124716, 38.39419501133787, 38.99791383219954, 39.63646258503401, 40.321451247165534, 40.936780045351476, 41.4940589569161, 42.08616780045352, 42.736326530612246, 43.39809523809524, 44.05986394557823, 44.62875283446712, 45.22086167800453, 45.75492063492064, 46.31219954648526, 46.91591836734694, 47.44997732426304, 47.9956462585034, 48.6574149659864, 49.44689342403628, 49.99256235827664, 50.5730612244898, 51.141950113378684, 51.757278911564626, 52.291337868480724, 52.82539682539682, 53.38267573696145, 53.893514739229026, 54.50884353741497, 55.10095238095238, 55.60018140589569, 56.11102040816326, 56.610249433106574, 57.2604081632653, 57.86412698412698, 58.433015873015876, 59.025124716553286, 59.64045351473923, 60.25578231292517, 60.87111111111111, 61.55609977324263, 62.078548752834465, 62.67065759637188, 63.27437641723356, 63.87809523809524, 64.49342403628118, 65.03909297052154, 65.59637188208617, 66.13043083900227, 66.66448979591837, 67.19854875283447, 67.67455782312925, 68.26666666666667, 68.87038548752834], "beat_labels": [6, 26, 6, 6, 6, 6, 6, 9, 7, 7, 1, 5, 2, 8, 20, 1, 1, 5, 24, 15, 15, 23, 15, 11, 14, 3, 11, 16, 16, 9, 7, 27, 12, 7, 11, 9, 7, 7, 8, 8, 21, 8, 21, 0, 19, 19, 0, 0, 19, 19, 18, 18, 18, 18, 2, 2, 20, 1, 29, 5, 15, 23, 1, 29, 24, 23, 3, 20, 3, 25, 25, 15, 23, 8, 0, 9, 7, 1, 24, 16, 4, 12, 24, 20, 3, 17, 12, 3, 22, 22, 16, 16, 9, 20, 17, 17, 8, 28, 28, 13, 8, 2, 11, 11, 8, 10, 26, 26, 10, 10, 10, 10, 26, 26, 10, 10, 26, 26], "beat_selections": [47, 62, 55, 66, 80, 11, 6, 36, 100, 35, 114, 103, 32, 99, 24, 20, 79, 94, 51, 48, 93, 42, 89, 61, 18, 69, 1, 31, 97, 63]}