{"beat_times": [2.809614512471655, 3.4597732426303853, 4.098321995464852, 4.725260770975057, 5.363809523809524, 6.002358276643991, 6.6525170068027215, 7.302675736961452, 7.9412244897959186, 8.579773242630386, 9.229931972789116, 9.880090702947847, 10.495419501133787, 11.087528344671203, 11.598367346938776, 12.097596371882085, 12.701315192743763, 13.328253968253968, 14.082902494331066, 14.849160997732426, 15.568979591836735, 16.207528344671204, 16.857687074829933, 17.519455782312924, 18.18122448979592, 18.83138321995465, 19.469931972789116, 20.120090702947845, 20.78185941043084, 21.408798185941045, 22.04734693877551, 22.68589569160998, 23.336054421768708, 23.986213151927437, 24.636371882086166, 25.2865306122449, 25.959909297052153, 26.610068027210886, 27.295056689342402, 28.07292517006803, 28.781133786848073, 29.489342403628118, 30.174331065759638, 30.801269841269843, 31.451428571428572, 32.07836734693878, 32.682086167800456, 33.28580498866213, 33.97079365079365, 34.66739229024943, 35.38721088435374, 36.04897959183673, 36.710748299319725, 37.34929705215419, 37.99945578231293, 38.64961451247166, 39.25333333333333, 39.86866213151927, 40.483990929705215, 41.09931972789116, 41.7146485260771, 42.32997732426304, 42.956916099773245, 43.59546485260771, 44.14113378684807, 44.81451247165533, 45.48789115646259, 46.16126984126984, 46.81142857142857, 47.4615873015873, 48.12335600907029, 48.81995464852608, 49.621043083900226, 50.28281179138322, 50.93297052154195, 51.57151927437642, 52.19845804988662, 52.82539682539682, 53.440725623582765, 54.044444444444444, 54.648163265306124, 55.309931972789116, 55.93687074829932, 56.55219954648526, 57.19074829931973, 57.78285714285714, 58.37496598639456, 58.967074829931974, 59.570793650793654, 60.22095238095238, 60.87111111111111, 61.45160997732426, 62.11337868480726, 62.77514739229025, 63.43691609977324, 64.09868480725623, 64.76045351473923, 65.41061224489796, 66.118820861678, 66.82702947845804, 67.48879818594105, 68.0692970521542, 68.77750566893424, 69.38122448979591, 70.32163265306123, 71.07628117913832, 71.73804988662131, 72.38820861678005, 73.00353741496599, 73.7233560090703, 74.40834467120182, 75.07011337868481, 75.72027210884353, 76.37043083900227, 76.95092970521542, 77.53142857142858, 78.19319727891157, 78.95945578231293, 79.70249433106576, 80.32943310657596, 80.96798185941043, 81.6065306122449, 82.25668934240363, 82.87201814058957, 83.47573696145125, 84.11428571428571], "beat_labels": [2, 15, 15, 15, 15, 15, 2, 15, 15, 2, 0, 5, 5, 29, 11, 14, 18, 16, 22, 29, 11, 11, 5, 29, 19, 27, 13, 8, 19, 0, 0, 15, 15, 2, 15, 7, 7, 11, 5, 18, 7, 3, 1, 23, 28, 4, 7, 26, 10, 13, 6, 25, 20, 6, 19, 19, 0, 15, 2, 15, 2, 0, 18, 15, 15, 15, 2, 15, 15, 2, 0, 21, 9, 17, 14, 14, 0, 12, 29, 19, 10, 10, 29, 5, 19, 27, 1, 11, 19, 0, 18, 15, 15, 2, 15, 5, 24, 11, 5, 18, 0, 7, 24, 10, 28, 18, 3, 1, 1, 27, 6, 1, 1, 3, 3, 3, 5, 0, 15, 15, 2, 18, 18, 15, 15, 15], "beat_selections": [10, 108, 33, 113, 45, 116, 53, 35, 27, 72, 48, 97, 77, 49, 15, 1, 17, 73, 16, 28, 52, 71, 18, 43, 102, 51, 47, 25, 104, 23]}