{"beat_times": [3.4249433106575964, 4.1099319727891155, 4.818140589569161, 5.526349206349207, 6.164897959183674, 6.722176870748299, 7.337505668934241, 7.964444444444444, 8.742312925170069, 9.380861678004536, 10.181950113378685, 10.89015873015873, 11.57514739229025, 12.178866213151927, 12.829024943310658, 13.537233560090703, 14.210612244897959, 14.883990929705215, 15.557369614512472, 16.23074829931973, 16.938956916099773, 17.647165532879818, 18.308934240362813, 19.005532879818595, 19.702131519274378, 20.410340136054423, 21.060498866213152, 21.73387755102041, 22.407256235827663, 23.092244897959183, 23.754013605442175, 24.439002267573695, 25.123990929705215, 25.808979591836735, 26.493968253968255, 27.17895691609977, 27.86394557823129, 28.490884353741496, 29.18748299319728, 29.88408163265306, 30.603900226757368, 31.33532879818594, 31.98548752834467, 32.62403628117914, 33.28580498866213, 33.94757369614513, 34.67900226757369, 35.456870748299316, 36.17668934240363, 36.87328798185941, 37.54666666666667, 38.2897052154195, 38.97469387755102, 39.69451247165533, 40.41433106575964, 41.041269841269845, 41.633378684807255, 42.36480725623583, 42.98013605442177, 43.59546485260771, 44.29206349206349, 44.977052154195015, 45.5459410430839, 46.16126984126984, 46.76498866213152, 47.51963718820862, 48.23945578231292, 49.04054421768708, 49.76036281179138, 50.43374149659864, 51.13034013605442, 51.82693877551021, 52.47709750566894, 53.15047619047619, 53.78902494331066, 54.43918367346939, 55.11256235827664, 55.82077097505669, 56.47092970521542, 57.15591836734694, 57.79446712018141, 58.479455782312925, 59.129614512471655, 59.82621315192744, 60.6853514739229], "beat_labels": [24, 26, 0, 6, 27, 29, 15, 0, 23, 28, 19, 10, 17, 19, 11, 19, 18, 4, 25, 25, 18, 18, 18, 18, 17, 12, 4, 4, 17, 12, 25, 4, 4, 4, 4, 21, 10, 10, 10, 5, 19, 21, 21, 9, 21, 21, 14, 15, 20, 15, 14, 22, 20, 22, 1, 1, 29, 29, 11, 11, 11, 2, 13, 13, 1, 1, 1, 1, 1, 8, 3, 3, 3, 3, 3, 16, 7, 16, 16, 16, 7, 16, 7, 16, 7], "beat_selections": [2, 67, 61, 72, 34, 39, 3, 82, 69, 43, 36, 60, 29, 62, 46, 6, 79, 12, 16, 13, 48, 42, 53, 8, 0, 18, 1, 4, 9, 56]}