{"beat_times": [0.16253968253968254, 0.6965986394557823, 1.1609977324263039, 1.6370068027210884, 2.066575963718821, 2.5541950113378684, 3.0418140589569163, 3.5874829931972787, 4.1099319727891155, 4.6439909297052155, 5.2128798185941045, 5.758548752834467, 6.30421768707483, 6.849886621315193, 7.395555555555555, 7.918004535147392, 8.452063492063493, 9.02095238095238, 9.520181405895691, 10.042630385487529, 10.565079365079365, 11.099138321995465, 11.609977324263038, 12.120816326530612, 12.64326530612245, 13.293424036281179, 13.757823129251701, 14.222222222222221, 14.663401360544217, 15.267120181405895, 15.847619047619048, 16.451337868480724, 16.950566893424035, 17.507845804988662, 18.099954648526076, 18.634013605442178, 19.191292517006804, 19.736961451247165, 20.28263038548753, 20.816689342403627, 21.304308390022676, 21.838367346938774, 22.3956462585034, 22.941315192743765, 23.62630385487528, 24.206802721088437, 24.68281179138322, 25.135600907029477], "beat_labels": [22, 11, 26, 6, 5, 20, 25, 8, 5, 8, 3, 1, 5, 9, 3, 21, 13, 16, 3, 10, 14, 4, 16, 24, 29, 27, 18, 14, 12, 12, 7, 4, 4, 16, 16, 17, 0, 3, 16, 28, 2, 5, 3, 2, 15, 14, 23, 19], "beat_selections": [36, 11, 40, 42, 21, 41, 3, 30, 7, 13, 19, 1, 28, 16, 45, 44, 33, 35, 26, 47, 5, 15, 0, 46, 23, 6, 2, 25, 39, 24]}