{"beat_times": [0.8823582766439909, 1.3235374149659864, 1.7066666666666668, 2.1130158730158732, 2.5309750566893423, 2.948934240362812, 3.3668934240362813, 3.866122448979592, 4.237641723356009, 4.690430839002268, 5.085170068027211, 5.456689342403628, 5.897868480725624, 6.280997732426304, 6.733786848072563, 7.163356009070295, 7.604535147392291, 8.068934240362811, 8.533333333333333, 8.951292517006802, 9.392471655328798, 9.822040816326531, 10.263219954648527, 10.704399092970522, 11.15718820861678, 11.668027210884354, 12.19047619047619, 12.620045351473923, 13.038004535147392, 13.525623582766439, 14.05968253968254, 14.524081632653061, 15.034920634920635, 15.545759637188208, 16.033378684807257, 16.451337868480724, 16.880907029478458, 17.29886621315193, 17.728435374149658, 18.15800453514739, 18.587573696145125, 19.06358276643991, 19.51637188208617, 19.98077097505669, 20.410340136054423, 20.839909297052156, 21.28108843537415, 21.722267573696143, 22.16344671201814, 22.604625850340135, 23.022585034013606, 23.45215419501134, 23.881723356009072, 24.3112925170068, 24.740861678004535, 25.228480725623584, 25.692879818594104, 26.110839002267575, 26.563628117913833, 27.00480725623583, 27.445986394557824, 27.910385487528345, 28.421224489795918, 28.897233560090704, 29.373242630385487, 29.8724716553288, 30.360090702947847, 30.83609977324263, 31.30049886621315, 31.753287981859412, 32.19446712018141, 32.64725623582766, 33.10004535147392, 33.52961451247165, 33.935963718820865, 34.34231292517007, 34.795102040816325, 35.236281179138324, 35.68907029478458, 36.118639455782315, 36.53659863945578, 36.91972789115646, 37.36090702947846, 37.813696145124716, 38.254875283446715, 38.626394557823126, 39.03274376417234, 39.41587301587302, 39.833832199546485, 40.27501133786848, 40.69297052154195, 41.06448979591837, 41.4940589569161, 41.88879818594104, 42.31836734693878, 42.736326530612246, 43.17750566893424, 43.61868480725624, 44.07147392290249, 44.46621315192744, 44.88417233560091, 45.33696145124716, 45.7665306122449, 46.20770975056689, 46.68371882086168, 47.11328798185941, 47.51963718820862, 47.94920634920635, 48.4368253968254, 48.88961451247165, 49.33079365079365, 49.771972789115644, 50.20154195011338, 50.654331065759635, 51.141950113378684, 51.58312925170068, 52.03591836734694, 52.55836734693877, 53.0227664399093, 53.48716553287982, 53.90512471655329, 54.34630385487528, 54.72943310657596, 55.12417233560091], "beat_labels": [3, 20, 20, 10, 27, 10, 20, 12, 8, 8, 26, 26, 12, 20, 0, 20, 11, 11, 11, 11, 11, 11, 3, 13, 1, 27, 10, 27, 0, 0, 27, 27, 2, 29, 16, 16, 8, 8, 8, 25, 25, 25, 25, 25, 3, 15, 15, 15, 9, 9, 13, 13, 13, 19, 19, 17, 19, 6, 6, 6, 13, 18, 13, 18, 17, 17, 17, 1, 1, 17, 5, 14, 14, 14, 12, 12, 12, 16, 10, 22, 22, 22, 7, 14, 24, 24, 24, 24, 4, 4, 4, 4, 4, 4, 4, 4, 6, 28, 21, 21, 2, 2, 2, 2, 2, 2, 29, 29, 29, 29, 23, 23, 23, 23, 10, 7, 7, 7, 7, 7, 7, 7, 7, 7], "beat_selections": [29, 24, 105, 44, 93, 70, 96, 118, 8, 49, 114, 20, 75, 51, 71, 46, 35, 55, 63, 53, 1, 98, 81, 112, 87, 41, 11, 25, 97, 33]}