{"beat_times": [0.08126984126984127, 0.5340589569160997, 1.0332879818594105, 1.555736961451247, 2.2175056689342405, 2.8444444444444446, 3.4597732426303853, 4.040272108843538, 4.6788208616780045, 5.282539682539682, 5.909478458049887, 6.513197278911565, 7.116916099773243, 7.720634920634921, 8.370793650793651, 8.986122448979591, 9.58984126984127, 10.205170068027211, 10.797278911564625, 11.400997732426303, 12.016326530612245, 12.60843537414966, 13.212154195011339, 13.804263038548752, 14.419591836734694, 15.011700680272108, 15.603809523809524, 16.253968253968253, 16.857687074829933, 17.449795918367347, 18.099954648526076, 18.68045351473923, 19.29578231292517, 19.91111111111111, 20.514829931972788, 21.037278911564627, 21.59455782312925, 22.151836734693877, 22.77877551020408, 23.370884353741495, 23.9978231292517, 24.694421768707482, 25.460680272108842, 25.93668934240363, 26.447528344671202, 27.051247165532878, 27.66657596371882, 28.24707482993197, 28.827573696145123, 29.454512471655327, 30.081451247165532, 30.72, 31.288888888888888, 31.93904761904762, 32.682086167800456, 33.262585034013604, 33.8314739229025, 34.47002267573696, 35.00408163265306, 35.59619047619048, 36.118639455782315, 36.72235827664399, 37.34929705215419, 37.9762358276644, 38.59156462585034, 39.172063492063494, 39.787392290249436, 40.41433106575964, 41.01804988662131, 41.66820861678004, 42.32997732426304, 42.86403628117914, 43.42131519274376], "beat_labels": [12, 12, 0, 26, 26, 8, 8, 7, 26, 26, 20, 6, 6, 11, 11, 14, 4, 28, 8, 24, 7, 3, 18, 3, 17, 21, 5, 19, 14, 4, 29, 14, 19, 7, 3, 18, 18, 17, 21, 1, 5, 22, 2, 9, 10, 25, 13, 13, 3, 3, 3, 17, 1, 5, 23, 13, 2, 9, 27, 15, 13, 3, 3, 17, 17, 1, 5, 22, 10, 13, 27, 16, 2], "beat_selections": [2, 65, 42, 21, 29, 40, 11, 20, 6, 43, 44, 14, 0, 60, 28, 59, 71, 63, 36, 32, 10, 38, 67, 54, 19, 45, 4, 70, 17, 30]}