{"beat_times": [0.2786394557823129, 1.0565079365079366, 1.8459863945578232, 2.6354648526077096, 3.378503401360544, 4.179591836734694, 4.9458503401360545, 5.677278911564626, 6.431927437641724, 7.325895691609977, 8.080544217687075, 8.835192743764173, 9.601451247165533, 10.344489795918367, 11.017868480725623, 11.77251700680272, 12.57360544217687, 13.328253968253968, 14.082902494331066, 14.837551020408164, 15.580589569160997, 16.32362811791383, 16.962176870748298, 17.77487528344671, 18.517913832199547, 19.237732426303854, 19.98077097505669, 20.723809523809525, 21.466848072562357, 22.186666666666667, 22.929705215419503, 23.672743764172335, 24.41578231292517, 25.14721088435374, 25.890249433106575, 26.610068027210886, 27.353106575963718, 28.096145124716553, 28.827573696145123, 29.547392290249434, 30.25560090702948, 31.068299319727892, 31.90421768707483, 32.64725623582766, 33.40190476190476, 34.12172335600907, 34.87637188208617, 35.60780045351474, 36.33922902494331, 37.05904761904762, 37.802086167800454, 38.53351473922903, 39.25333333333333, 39.85705215419501, 40.41433106575964, 41.134149659863944, 41.76108843537415, 42.58539682539683, 43.35165532879819, 44.106303854875286, 44.860952380952384, 45.627210884353744, 46.27736961451247, 47.03201814058957, 47.84471655328798, 48.61097505668934, 49.342403628117914, 50.05061224489796, 50.6659410430839, 51.374149659863946, 52.186848072562356, 52.91827664399093, 53.53360544217687, 54.323083900226756, 55.10095238095238, 55.82077097505669, 56.540589569161, 57.30684807256236, 58.16598639455783, 58.909024943310655, 59.66367346938775, 60.395102040816326, 61.09170068027211], "beat_labels": [7, 17, 18, 0, 29, 4, 4, 29, 29, 10, 10, 11, 2, 12, 20, 20, 1, 13, 5, 11, 2, 12, 20, 20, 25, 25, 28, 9, 5, 29, 25, 19, 5, 15, 15, 9, 7, 24, 23, 7, 7, 26, 7, 9, 2, 29, 25, 29, 29, 8, 16, 16, 16, 16, 18, 18, 18, 29, 6, 25, 14, 18, 22, 27, 8, 8, 25, 1, 1, 29, 25, 25, 9, 9, 18, 9, 18, 29, 21, 3, 9, 3, 3], "beat_selections": [3, 67, 12, 79, 5, 32, 58, 36, 49, 80, 10, 19, 13, 17, 60, 34, 50, 1, 55, 31, 23, 78, 62, 38, 37, 30, 41, 63, 26, 45]}