{"beat_times": [0.25541950113378686, 0.9404081632653061, 1.6021768707482993, 2.159455782312925, 2.6238548752834467, 3.332063492063492, 3.9706122448979593, 4.609160997732427, 5.2477097505668935, 5.921088435374149, 6.594467120181406, 7.279455782312925, 7.999274376417233, 8.70748299319728, 9.311201814058958, 9.97297052154195, 10.878548752834467, 11.551927437641723, 12.225306122448979, 12.898684807256236, 13.56045351473923, 14.222222222222221, 14.883990929705215, 15.534149659863946, 16.195918367346938, 16.84607709750567, 17.519455782312924, 18.14639455782313, 18.808163265306124, 19.435102040816325, 20.085260770975058, 20.74702947845805, 21.39718820861678, 22.058956916099774, 22.709115646258503, 23.370884353741495, 23.974603174603175, 24.68281179138322, 25.344580498866215, 25.994739229024944, 26.668117913832198, 27.31827664399093, 27.980045351473922, 28.61859410430839, 29.26875283446712, 29.90730158730159, 30.56907029478458, 31.207619047619048, 31.857777777777777, 32.496326530612244, 33.111655328798186, 33.73859410430839, 34.319092970521545, 34.911201814058956, 35.50331065759637, 36.118639455782315, 36.75718820861678, 37.41895691609977, 38.0691156462585, 38.75410430839002, 39.404263038548756, 39.996371882086166], "beat_labels": [27, 10, 2, 17, 3, 11, 11, 13, 3, 11, 11, 11, 2, 11, 10, 3, 0, 20, 7, 23, 12, 9, 19, 29, 24, 26, 20, 26, 1, 0, 9, 8, 21, 5, 14, 5, 16, 14, 6, 8, 25, 24, 0, 4, 1, 0, 9, 8, 18, 15, 15, 3, 17, 17, 8, 17, 17, 14, 28, 13, 22, 13], "beat_selections": [45, 44, 2, 15, 43, 35, 38, 18, 54, 21, 14, 10, 20, 7, 34, 49, 36, 52, 48, 22, 26, 32, 60, 19, 24, 40, 27, 0, 58, 23]}