{"beat_times": [0.29024943310657597, 0.7430385487528345, 1.253877551020408, 1.7414965986394557, 2.159455782312925, 2.5541950113378684, 2.948934240362812, 3.378503401360544, 3.8080725623582765, 4.272471655328798, 4.760090702947846, 5.224489795918367, 5.746938775510204, 6.2345578231292516, 6.722176870748299, 7.209795918367347, 7.767074829931973, 8.219863945578231, 8.730702947845804, 9.229931972789116, 9.671111111111111, 10.158730158730158, 10.704399092970522, 11.215238095238096, 11.69124716553288, 12.19047619047619, 12.712925170068027, 13.165714285714285, 13.653333333333334, 14.17578231292517, 14.675011337868481, 15.116190476190477, 15.615419501133786, 16.172698412698413, 16.69514739229025], "beat_labels": [0, 29, 9, 27, 11, 5, 5, 19, 23, 15, 15, 10, 16, 25, 1, 1, 26, 12, 2, 2, 2, 24, 7, 3, 28, 8, 17, 22, 6, 20, 21, 13, 18, 14, 4], "beat_selections": [0, 14, 20, 23, 34, 5, 28, 22, 25, 2, 11, 4, 17, 31, 33, 9, 12, 26, 32, 7, 29, 30, 27, 8, 21, 13, 16, 3, 24, 1]}