{"beat_times": [0.19736961451247165, 0.6849886621315193, 1.2887074829931973, 1.822766439909297, 2.3568253968253967, 2.8792743764172335, 3.4249433106575964, 3.947392290249433, 4.504671201814059, 5.143219954648526, 5.712108843537415, 6.257777777777778, 6.8034467120181406, 7.360725623582766, 7.894784580498866, 8.440453514739229, 8.997732426303855, 9.531791383219955, 10.054240362811791, 10.50702947845805, 11.04108843537415, 11.563537414965987, 12.07437641723356, 12.585215419501134, 13.119274376417234, 13.664943310657597, 14.245442176870748, 14.756281179138321, 15.290340136054422, 15.824399092970522, 16.381678004535146, 16.92734693877551, 17.449795918367347, 18.06512471655329, 18.64562358276644, 19.191292517006804, 19.748571428571427, 20.305850340136054, 20.839909297052156, 21.36235827664399, 21.91963718820862, 22.418866213151926, 22.906485260770975, 23.45215419501134, 24.009433106575965, 24.5318820861678, 25.089160997732428, 25.623219954648526, 26.16888888888889, 26.70294784580499, 27.28344671201814, 27.817505668934242, 28.374784580498865, 29.013333333333332, 29.547392290249434, 30.058231292517007, 30.603900226757368, 31.126349206349207, 31.695238095238096, 32.25251700680272, 32.78657596371882, 33.41351473922902, 34.00562358276644, 34.53968253968254, 35.073741496598636, 35.57297052154195, 36.14185941043084, 36.6875283446712, 37.198367346938774, 37.755646258503404, 38.32453514739229, 38.92825396825397, 39.53197278911565, 40.12408163265306, 40.71619047619048, 41.33151927437642, 41.9352380952381, 42.52734693877551, 43.119455782312926, 43.723174603174606, 44.32689342403628, 44.89578231292517, 45.41823129251701, 45.96390022675737, 46.46312925170068, 46.9275283446712, 47.40353741496599, 47.94920634920635, 48.55292517006803, 49.075374149659865, 49.60943310657596, 50.18993197278912, 50.85170068027211, 51.478639455782314, 52.0475283446712, 52.5815873015873, 53.1156462585034, 53.661315192743764, 54.19537414965986, 54.74104308390023, 55.28671201814059, 55.83238095238095, 56.37804988662131, 56.91210884353742, 57.39972789115646, 57.94539682539683, 58.46784580498866, 59.013514739229024, 59.54757369614512, 60.070022675736965, 60.58086167800454, 61.103310657596374, 61.718639455782316, 62.2875283446712, 62.78675736961451, 63.285986394557824, 63.785215419501135, 64.2960544217687, 64.79528344671202, 65.31773242630385], "beat_labels": [11, 2, 14, 6, 19, 27, 8, 10, 10, 4, 10, 4, 7, 3, 8, 10, 10, 4, 22, 3, 0, 16, 23, 18, 25, 16, 23, 1, 0, 16, 23, 25, 29, 16, 10, 0, 22, 20, 8, 13, 7, 13, 0, 3, 0, 0, 8, 20, 7, 3, 22, 22, 10, 16, 7, 1, 16, 15, 23, 1, 29, 16, 3, 25, 0, 15, 23, 25, 22, 4, 17, 9, 21, 27, 8, 9, 21, 27, 7, 9, 0, 25, 24, 24, 26, 5, 5, 8, 27, 0, 4, 3, 4, 23, 10, 7, 10, 8, 7, 3, 4, 23, 10, 0, 16, 27, 18, 0, 15, 3, 18, 28, 7, 23, 18, 28, 16, 23, 0, 12], "beat_selections": [80, 59, 1, 91, 100, 86, 3, 12, 97, 71, 8, 0, 119, 39, 2, 57, 104, 70, 114, 4, 47, 72, 68, 26, 82, 24, 84, 105, 115, 32]}