{"beat_times": [0.9752380952380952, 1.5441269841269842, 2.124625850340136, 2.705124716553288, 3.2624036281179136, 3.8545124716553287, 4.423401360544218, 5.00390022675737, 5.584399092970521, 6.15328798185941, 6.710566893424036, 7.279455782312925, 7.87156462585034, 8.463673469387755, 9.032562358276644, 9.636281179138322, 10.228390022675738, 10.820498866213152, 11.412607709750567, 11.981496598639456, 12.57360544217687, 13.154104308390023, 13.711383219954648, 14.280272108843537, 14.837551020408164, 15.418049886621315, 15.975328798185942, 16.555827664399093, 17.124716553287982, 17.705215419501133, 18.274104308390022, 18.84299319727891, 19.4118820861678, 19.99238095238095, 20.56126984126984, 21.141768707482992, 21.71065759637188, 22.3027664399093, 22.871655328798187, 23.45215419501134, 24.009433106575965, 24.589931972789117, 25.158820861678006, 25.739319727891157, 26.31981859410431, 26.969977324263038, 27.620136054421767, 28.189024943310656, 28.73469387755102, 29.31519274376417, 29.98857142857143, 30.55746031746032, 31.02185941043084, 31.579138321995465, 32.17124716553288, 32.728526077097506, 33.262585034013604, 33.866303854875284, 34.47002267573696, 35.015691609977324, 35.54975056689342, 36.14185941043084, 36.73396825396826, 37.314467120181405, 37.8833560090703, 38.44063492063492, 39.03274376417234, 39.59002267573696, 40.170521541950116, 40.71619047619048, 41.37795918367347, 41.94684807256236, 42.52734693877551, 43.03818594104308, 43.52580498866213, 44.152743764172335, 44.84934240362812, 45.41823129251701, 46.08, 46.73015873015873, 47.28743764172336, 47.91437641723356, 48.54131519274377], "beat_labels": [6, 24, 0, 12, 19, 18, 26, 26, 1, 3, 14, 27, 10, 16, 14, 27, 27, 3, 14, 27, 27, 3, 15, 10, 21, 16, 3, 28, 10, 3, 14, 4, 10, 23, 14, 9, 1, 23, 15, 15, 15, 3, 25, 10, 25, 29, 4, 22, 10, 4, 4, 25, 4, 4, 25, 22, 22, 3, 29, 1, 4, 23, 29, 4, 10, 3, 29, 9, 4, 23, 28, 11, 13, 2, 17, 20, 5, 7, 25, 8, 8, 8, 8], "beat_selections": [2, 59, 73, 65, 49, 76, 0, 77, 79, 67, 32, 71, 3, 72, 10, 22, 13, 74, 5, 4, 75, 24, 47, 37, 1, 42, 7, 11, 70, 45]}