{"beat_times": [2.159455782312925, 2.8328344671201813, 3.517823129251701, 4.191201814058957, 4.841360544217687, 5.5147392290249435, 6.03718820861678, 6.6873469387755105, 7.349115646258503, 8.034104308390022, 8.672653061224489, 9.357641723356009, 10.100680272108843, 10.750839002267574, 11.284897959183674, 12.004716553287983, 12.747755102040816, 13.421133786848072, 14.048072562358277, 14.698231292517006, 15.394829931972788, 16.056598639455782, 16.718367346938777, 17.403356009070293, 18.06512471655329, 18.703673469387756, 19.260952380952382, 19.922721088435374, 20.700589569160996, 21.31591836734694, 22.00090702947846, 22.68589569160998, 23.394104308390023, 24.102312925170068, 24.79891156462585, 25.495510204081633, 26.203718820861678, 26.911927437641722, 27.596916099773242, 28.281904761904762, 28.966893424036282, 29.6518820861678, 30.33687074829932, 31.02185941043084, 31.70684807256236, 32.36861678004535, 33.03038548752834, 33.63410430839002, 34.2378231292517, 34.864761904761906, 35.50331065759637, 36.1534693877551, 36.80362811791383, 37.46539682539682, 38.12716553287982, 38.846984126984125, 39.53197278911565, 40.22857142857143, 40.90195011337868, 41.57532879818594, 42.237097505668935, 42.898866213151926, 43.57224489795918, 44.28045351473923, 44.94222222222222, 45.60399092970521, 46.32380952380952, 47.04362811791383, 47.751836734693875, 48.46004535147392, 49.13342403628118, 49.80680272108844, 50.50340136054422, 51.22321995464853, 51.919818594104306, 52.628027210884355, 53.289795918367346, 53.998004535147395, 54.67138321995465, 55.356371882086165, 56.018140589569164, 56.73795918367347, 57.42294784580499, 58.13115646258503, 58.80453514739229, 59.53596371882086, 60.20934240362812, 60.89433106575964, 61.544489795918366, 62.2875283446712, 62.99573696145125, 63.69233560090703, 64.35410430839002, 65.07392290249433, 65.74730158730159, 66.45551020408163, 67.10566893424036, 67.82548752834467, 68.52208616780045, 69.21868480725624, 69.89206349206349, 70.58866213151927, 71.22721088435374, 71.97024943310657, 72.63201814058957, 73.35183673469388, 74.03682539682539, 74.74503401360545, 75.4184126984127, 76.11501133786848, 76.76517006802722, 77.45015873015873], "beat_labels": [19, 16, 23, 3, 3, 5, 5, 20, 3, 3, 26, 3, 27, 24, 26, 18, 17, 17, 18, 18, 26, 3, 21, 26, 29, 3, 29, 27, 8, 13, 15, 15, 14, 1, 14, 15, 15, 1, 15, 1, 15, 15, 15, 7, 14, 1, 11, 11, 14, 7, 7, 7, 1, 15, 15, 15, 15, 1, 25, 25, 1, 14, 4, 25, 1, 12, 16, 8, 28, 8, 0, 12, 6, 12, 0, 8, 6, 8, 10, 12, 9, 8, 10, 12, 6, 8, 10, 8, 9, 2, 0, 12, 6, 2, 3, 8, 9, 2, 10, 2, 9, 2, 10, 8, 6, 8, 4, 2, 9, 2, 25, 22], "beat_selections": [90, 52, 109, 8, 106, 6, 104, 51, 75, 108, 82, 47, 71, 29, 34, 53, 1, 16, 18, 0, 7, 22, 111, 2, 13, 58, 20, 12, 68, 24]}