{"beat_times": [1.7763265306122449, 2.3568253968253967, 2.948934240362812, 3.5526530612244898, 4.144761904761904, 4.725260770975057, 5.328979591836735, 5.921088435374149, 6.524807256235827, 7.093696145124716, 7.662585034013605, 8.266303854875284, 8.870022675736962, 9.462131519274376, 10.065850340136054, 10.65795918367347, 11.23845804988662, 11.830566893424036, 12.434285714285714, 13.02639455782313, 13.630113378684808, 14.222222222222221, 14.814331065759637, 15.406439909297053, 16.01015873015873, 16.602267573696146, 17.19437641723356, 17.786485260770974, 18.390204081632653, 18.982312925170067, 19.574421768707484, 20.166530612244898, 20.770249433106574, 21.36235827664399, 21.954467120181405, 22.54657596371882, 23.138684807256237, 23.73079365079365, 24.322902494331064, 24.90340136054422, 25.495510204081633, 26.087619047619047, 26.679727891156464, 27.260226757369615, 27.85233560090703, 28.444444444444443, 29.048163265306123, 29.61705215419501, 30.209160997732425, 30.801269841269843, 31.381768707482994, 31.973877551020408, 32.565986394557825, 33.158095238095235, 33.73859410430839, 34.33070294784581, 34.911201814058956, 35.514920634920635, 36.10702947845805, 36.6875283446712, 37.27963718820862, 37.871746031746035, 38.463854875283445, 39.0443537414966, 39.63646258503401, 40.22857142857143, 40.820680272108845, 41.412789115646255, 42.00489795918367, 42.58539682539683, 43.17750566893424, 43.75800453514739, 44.35011337868481, 44.94222222222222, 45.53433106575964, 46.11482993197279, 46.7069387755102, 47.29904761904762, 47.89115646258504, 48.471655328798185, 49.05215419501134, 49.65587301587301, 50.24798185941043, 50.828480725623585, 51.420589569160995, 52.01269841269841, 52.59319727891157, 53.06920634920635, 53.67292517006803, 54.35791383219954, 54.95002267573696, 55.54213151927438, 56.13424036281179, 56.71473922902494, 57.30684807256236], "beat_labels": [28, 0, 0, 19, 14, 14, 19, 7, 7, 7, 19, 0, 13, 16, 13, 16, 21, 16, 17, 17, 13, 3, 6, 6, 13, 13, 16, 6, 6, 3, 6, 6, 13, 13, 17, 17, 15, 9, 23, 4, 26, 1, 5, 21, 26, 1, 4, 12, 25, 17, 18, 4, 15, 1, 15, 21, 26, 1, 2, 17, 15, 21, 20, 12, 17, 17, 4, 4, 17, 21, 10, 17, 26, 9, 24, 17, 29, 1, 11, 21, 17, 1, 22, 4, 1, 1, 25, 4, 23, 1, 27, 17, 25, 1, 8], "beat_selections": [1, 85, 58, 21, 39, 42, 30, 7, 94, 37, 70, 78, 63, 14, 5, 36, 13, 18, 50, 6, 62, 69, 82, 88, 74, 48, 40, 90, 0, 76]}