{"beat_times": [0.011609977324263039, 0.5456689342403628, 1.0565079365079366, 1.6602267573696146, 2.2058956916099772, 2.728344671201814, 3.250793650793651, 3.7848526077097504, 4.307301587301588, 4.85297052154195, 5.3986394557823125, 5.944308390022676, 6.524807256235827, 7.163356009070295, 7.732244897959184, 8.324353741496598, 8.835192743764173, 9.311201814058958, 9.729160997732427, 10.251609977324263, 10.65795918367347, 11.145578231292516, 11.6215873015873, 12.097596371882085, 12.585215419501134, 13.061224489795919, 13.537233560090703, 14.001632653061224, 14.454421768707483, 14.988480725623583, 15.51092970521542, 16.021768707482995, 16.555827664399093, 17.055056689342404, 17.61233560090703, 18.099954648526076, 18.61079365079365, 19.098412698412698, 19.655691609977325, 20.166530612244898, 20.712199546485262, 21.269478458049885, 21.745487528344672, 22.291156462585032, 22.790385487528344, 23.312834467120183, 23.83528344671202, 24.369342403628117, 24.88018140589569, 25.36780045351474, 25.890249433106575, 26.424308390022677, 26.969977324263038, 27.562086167800455, 28.11936507936508, 28.606984126984127, 29.18748299319728, 29.733151927437643, 30.26721088435374, 30.801269841269843, 31.346938775510203], "beat_labels": [2, 3, 0, 8, 5, 27, 0, 0, 0, 0, 9, 9, 9, 26, 23, 4, 20, 23, 23, 4, 4, 27, 5, 5, 15, 18, 28, 17, 17, 15, 25, 16, 21, 21, 12, 21, 12, 24, 19, 19, 1, 1, 13, 13, 13, 29, 10, 10, 10, 29, 1, 29, 14, 7, 11, 11, 14, 6, 22, 6, 6], "beat_selections": [8, 50, 0, 1, 15, 4, 59, 53, 3, 11, 47, 54, 34, 43, 52, 24, 31, 28, 25, 38, 16, 32, 58, 18, 37, 30, 13, 21, 26, 45]}