{"beat_times": [15.847619047619048, 16.486167800453515, 17.124716553287982, 17.740045351473924, 18.37859410430839, 19.017142857142858, 19.655691609977325, 20.29424036281179, 20.93278911564626, 21.559727891156463, 22.19827664399093, 22.825215419501134, 23.45215419501134, 24.079092970521543, 24.71764172335601, 25.36780045351474, 26.02956916099773, 26.656507936507936, 27.28344671201814, 27.875555555555554, 28.45605442176871, 29.18748299319728, 29.826031746031745, 30.464580498866212, 31.114739229024945, 31.683628117913834, 32.35700680272109, 32.98394557823129, 33.645714285714284, 34.37714285714286, 34.89959183673469, 35.514920634920635, 36.09541950113379, 36.72235827664399, 37.384126984126986, 38.034285714285716, 38.71927437641723, 39.20689342403628, 39.880272108843535, 40.553650793650796, 41.26185941043084, 42.08616780045352, 42.689886621315196, 43.316825396825394, 43.80444444444444, 44.419773242630384, 45.04671201814059, 45.67365079365079, 46.34702947845805, 46.985578231292514, 47.62412698412698, 48.23945578231292, 48.86639455782313, 49.504943310657595, 50.14349206349206, 50.770430839002266, 51.420589569160995, 52.0475283446712, 52.68607709750567, 53.31301587301587, 53.9631746031746, 54.57850340136054, 55.21705215419501, 55.83238095238095, 56.47092970521542, 57.09786848072562, 57.73641723356009, 58.37496598639456, 59.013514739229024, 59.65206349206349, 60.279002267573695, 60.91755102040816, 61.55609977324263, 62.18303854875283, 62.8215873015873, 63.46013605442177, 64.08707482993198, 64.7372335600907, 65.36417233560091, 66.00272108843538, 66.62965986394558, 67.25659863945579, 67.89514739229026, 68.53369614512472, 69.17224489795919, 69.81079365079366, 70.43773242630385, 71.07628117913832, 71.71482993197279, 72.341768707483, 72.98031746031747, 73.61886621315193, 74.24580498866213, 74.89596371882087, 75.52290249433106, 76.14984126984127, 76.78839002267574, 77.41532879818594, 78.0538775510204, 78.69242630385487, 79.33097505668934, 79.95791383219955, 80.59646258503402, 81.23501133786849, 81.87356009070295, 82.50049886621315, 83.13904761904762, 83.77759637188208, 84.4045351473923], "beat_labels": [20, 14, 11, 5, 20, 5, 11, 5, 20, 14, 11, 5, 11, 8, 8, 29, 7, 7, 26, 21, 26, 24, 26, 21, 27, 4, 26, 4, 20, 2, 15, 4, 27, 21, 4, 16, 29, 19, 4, 27, 4, 24, 19, 24, 24, 21, 26, 18, 25, 17, 28, 17, 17, 17, 3, 9, 23, 13, 3, 9, 23, 23, 3, 18, 10, 1, 6, 1, 6, 6, 6, 12, 22, 12, 6, 12, 6, 12, 10, 10, 10, 1, 10, 1, 10, 6, 6, 12, 22, 0, 10, 12, 22, 22, 10, 10, 6, 1, 6, 6, 10, 1, 10, 12, 22, 0, 10, 12, 6], "beat_selections": [105, 97, 29, 58, 25, 11, 96, 16, 14, 59, 78, 2, 107, 57, 9, 30, 35, 53, 47, 37, 0, 33, 72, 56, 21, 48, 46, 39, 50, 36]}