{"beat_times": [0.10448979591836735, 0.7778684807256235, 1.4164172335600906, 2.043356009070295, 2.670294784580499, 3.297233560090703, 3.93578231292517, 4.551111111111111, 5.189659863945578, 5.804988662131519, 6.431927437641724, 7.070476190476191, 7.697414965986394, 8.324353741496598, 8.916462585034013, 9.566621315192744, 10.228390022675738, 10.85532879818594, 11.493877551020407, 12.10920634920635, 12.747755102040816, 13.374693877551021, 14.013242630385488, 14.628571428571428, 15.255510204081633, 15.882448979591837, 16.50938775510204, 17.147936507936507, 17.786485260770974, 18.401814058956916, 19.040362811791383, 19.667301587301587, 20.305850340136054, 20.93278911564626, 21.559727891156463, 22.186666666666667, 22.825215419501134, 23.440544217687076, 24.067482993197277, 24.694421768707482, 25.26331065759637, 25.959909297052153, 26.59845804988662, 27.225396825396825, 27.85233560090703, 28.45605442176871, 29.094603174603176, 29.72154195011338, 30.383310657596372, 31.010249433106576, 31.63718820861678, 32.26412698412698, 32.90267573696145, 33.51800453514739, 34.16816326530612, 34.78349206349206, 35.41043083900227, 36.03736961451247, 36.65269841269841, 37.29124716553288, 37.871746031746035, 38.54512471655329, 39.14884353741497, 39.81061224489796, 40.44916099773243, 41.07609977324263, 41.7146485260771, 42.3415873015873, 42.96852607709751, 43.59546485260771, 44.23401360544218, 44.872562358276646, 45.48789115646259, 46.11482993197279, 46.74176870748299, 47.368707482993194, 48.00725623582766, 48.634195011337866, 49.26113378684807, 49.888072562358275, 50.538231292517004, 51.153560090702946, 51.78049886621315, 52.407437641723355, 53.04598639455782, 53.661315192743764, 54.28825396825397, 54.9384126984127, 55.5653514739229, 56.19229024943311, 56.80761904761905, 57.43455782312925, 58.08471655328798, 58.71165532879819, 59.32698412698413, 59.97714285714286, 60.615691609977326, 61.23102040816327, 61.85795918367347, 62.48489795918368, 63.12344671201814, 63.75038548752835, 64.37732426303855, 65.00426303854876, 65.64281179138322, 66.26975056689342, 66.88507936507936, 67.52362811791383, 68.15056689342404, 68.77750566893424, 69.42766439909298, 70.04299319727892, 70.68154195011338, 71.29687074829933, 71.94702947845805, 72.56235827664399, 73.20090702947846, 73.8162358276644, 74.4431746031746, 75.08172335600906, 75.697052154195, 76.32399092970522, 76.96253968253968, 77.60108843537415, 78.22802721088435], "beat_labels": [13, 9, 7, 9, 15, 12, 23, 6, 27, 1, 3, 6, 15, 6, 29, 11, 7, 6, 20, 6, 3, 1, 28, 9, 23, 11, 23, 6, 15, 6, 26, 12, 27, 4, 18, 2, 14, 2, 18, 9, 0, 2, 25, 9, 0, 2, 10, 18, 13, 9, 23, 9, 26, 12, 3, 9, 20, 1, 26, 11, 3, 12, 3, 12, 7, 12, 20, 6, 3, 6, 3, 17, 26, 6, 23, 12, 7, 1, 20, 12, 19, 4, 14, 4, 14, 4, 14, 4, 0, 2, 0, 2, 14, 21, 5, 21, 13, 1, 23, 6, 23, 6, 3, 6, 28, 6, 3, 6, 22, 1, 15, 1, 20, 1, 20, 1, 8, 6, 28, 1, 24, 11, 24, 9, 16], "beat_selections": [90, 77, 89, 60, 85, 94, 101, 2, 116, 49, 46, 15, 63, 96, 82, 28, 124, 71, 47, 80, 112, 95, 108, 50, 120, 42, 72, 32, 118, 14]}