{"beat_times": [0.09287981859410431, 0.592108843537415, 1.242267573696145, 1.9853061224489796, 2.6006349206349206, 3.239183673469388, 3.866122448979592, 4.516281179138322, 5.12, 5.758548752834467, 6.373877551020408, 6.989206349206349, 7.604535147392291, 8.243083900226758, 8.846802721088435, 9.485351473922902, 10.077460317460318, 10.704399092970522, 11.319727891156463, 11.935056689342403, 12.561995464852608, 13.072834467120181, 13.699773242630386, 14.454421768707483, 15.081360544217688, 15.70829931972789, 16.32362811791383, 16.962176870748298, 17.589115646258502, 18.22766439909297, 18.84299319727891, 19.458321995464853, 20.09687074829932, 20.735419501133787, 21.373968253968254, 21.966077097505668, 22.604625850340135, 23.23156462585034, 23.870113378684806, 24.462222222222223, 24.938231292517006, 25.437460317460317, 26.041179138321997, 26.644897959183673, 27.271836734693878, 27.875555555555554, 28.490884353741496, 29.106213151927438, 29.72154195011338, 30.33687074829932, 30.963809523809523, 31.579138321995465, 32.19446712018141, 32.80979591836735, 33.425124716553285, 34.04045351473923, 34.65578231292517, 35.294331065759636, 35.90965986394558, 36.52498866213152, 37.14031746031746, 37.755646258503404, 38.35936507936508, 38.97469387755102, 39.5784126984127, 40.2053514739229, 40.820680272108845, 41.43600907029479, 42.05133786848072, 42.67827664399093, 43.29360544217687, 43.89732426303855, 44.50104308390023, 45.22086167800453, 45.847800453514736, 46.41668934240363, 47.008798185941046, 47.600907029478456, 48.193015873015874, 48.78512471655329, 49.3772335600907, 49.96934240362812, 50.54984126984127, 51.258049886621315, 51.861768707482995, 52.453877551020405, 53.03437641723356, 53.60326530612245, 54.19537414965986, 54.79909297052154, 55.39120181405896], "beat_labels": [10, 10, 10, 21, 25, 11, 2, 26, 15, 11, 15, 11, 15, 11, 2, 23, 4, 11, 16, 4, 28, 0, 0, 0, 22, 12, 9, 19, 24, 7, 18, 7, 7, 6, 14, 9, 4, 6, 18, 1, 17, 27, 16, 27, 12, 3, 16, 4, 17, 12, 15, 17, 12, 3, 11, 11, 15, 29, 1, 29, 16, 22, 1, 1, 8, 8, 8, 0, 13, 13, 23, 20, 9, 17, 9, 22, 17, 9, 4, 15, 9, 17, 9, 5, 9, 12, 15, 15, 8, 8, 8], "beat_selections": [21, 62, 14, 45, 19, 83, 37, 32, 90, 72, 0, 13, 85, 69, 34, 50, 18, 51, 30, 27, 71, 3, 61, 15, 28, 4, 7, 43, 20, 57]}