{"beat_times": [0.25541950113378686, 0.8243083900226758, 1.3815873015873017, 1.9388662131519274, 2.4961451247165534, 3.053424036281179, 3.622312925170068, 4.179591836734694, 4.748480725623582, 5.282539682539682, 5.839818594104308, 6.408707482993197, 6.977596371882086, 7.63936507936508, 8.231473922902495, 8.78875283446712, 9.346031746031747, 9.903310657596371, 10.460589569160998, 11.00625850340136, 11.563537414965987, 12.120816326530612, 12.689705215419501, 13.328253968253968, 13.827482993197279, 14.55891156462585, 15.162630385487528, 15.719909297052155, 16.31201814058957, 17.020226757369613, 17.57750566893424, 18.15800453514739, 18.738503401360543, 19.469931972789116, 20.027210884353742, 20.59609977324263, 21.176598639455783, 21.73387755102041, 22.209886621315192, 22.732335600907028, 23.254784580498868, 23.81206349206349, 24.276462585034015, 24.775691609977326, 25.321360544217686, 25.878639455782313, 26.284988662131518, 26.830657596371882, 27.376326530612246, 27.86394557823129, 28.328344671201815, 28.85079365079365, 29.477732426303856, 29.976961451247167, 30.53424036281179, 31.091519274376417, 31.741678004535146, 32.36861678004535, 32.995555555555555, 33.56444444444445, 34.12172335600907, 34.702222222222225, 35.28272108843537, 35.99092970521542, 36.594648526077094, 37.16353741496599, 37.918185941043085, 38.48707482993197, 39.05596371882086, 39.613242630385486, 40.18213151927438, 40.600090702947846, 41.16897959183674, 41.7146485260771, 42.283537414965984, 42.898866213151926, 43.56063492063492, 44.1643537414966, 44.73324263038549, 45.3253514739229, 45.88263038548753, 46.451519274376416, 47.03201814058957, 47.74022675736961, 48.32072562358277, 49.02893424036281, 49.64426303854875, 50.24798185941043, 50.828480725623585, 51.374149659863946, 51.76888888888889, 52.360997732426306, 52.86022675736962, 53.324625850340134, 53.881904761904764, 54.381133786848075, 54.868752834467124, 55.44925170068027, 56.029750566893426, 56.59863945578231, 57.167528344671204, 57.72480725623583, 58.30530612244898, 58.87419501133787, 59.466303854875285, 60.00036281179138, 60.58086167800454, 61.05687074829932, 61.544489795918366, 62.11337868480726, 62.67065759637188, 63.07700680272109, 63.63428571428572, 64.2031746031746, 64.78367346938775, 65.36417233560091], "beat_labels": [7, 26, 29, 1, 15, 15, 2, 9, 29, 12, 23, 11, 4, 4, 11, 11, 11, 23, 8, 8, 12, 12, 1, 5, 1, 3, 2, 2, 11, 24, 27, 2, 0, 0, 0, 23, 9, 25, 9, 12, 9, 2, 18, 2, 23, 18, 18, 23, 8, 28, 21, 14, 9, 13, 6, 22, 22, 17, 5, 27, 24, 10, 24, 10, 11, 24, 0, 24, 27, 27, 18, 9, 19, 27, 23, 4, 4, 11, 11, 11, 11, 8, 23, 0, 23, 12, 1, 5, 3, 9, 2, 4, 8, 18, 11, 27, 24, 0, 0, 0, 24, 8, 25, 25, 9, 23, 18, 4, 24, 4, 24, 18, 4, 4, 16, 20], "beat_selections": [66, 3, 6, 25, 76, 23, 54, 0, 19, 104, 61, 16, 39, 53, 51, 4, 114, 57, 46, 72, 115, 50, 56, 44, 60, 37, 1, 30, 49, 8]}