{"beat_times": [5.5495691609977325, 5.909478458049887, 6.30421768707483, 6.710566893424036, 7.047256235827664, 7.360725623582766, 7.6741950113378685, 7.987664399092971, 8.324353741496598, 8.695873015873016, 9.032562358276644, 9.346031746031747, 9.682721088435374, 10.031020408163265, 10.379319727891156, 10.727619047619047, 11.04108843537415, 11.377777777777778, 11.72607709750567, 12.07437641723356, 12.445895691609977, 12.794195011337868, 13.119274376417234, 13.455963718820861, 13.781043083900228, 14.152562358276644, 14.500861678004535, 14.849160997732426, 15.197460317460317, 15.592199546485261, 15.928888888888888, 16.288798185941044, 16.637097505668933, 17.020226757369613, 17.39174603174603, 17.740045351473924, 18.088344671201813, 18.436643990929706, 18.84299319727891, 19.249342403628116, 19.620861678004534, 19.957551020408165, 20.28263038548753, 20.607709750566894, 20.921179138321996, 21.257868480725623, 21.606167800453516, 21.954467120181405, 22.291156462585032, 22.627845804988663, 22.96453514739229, 23.312834467120183, 23.64952380952381, 23.9978231292517, 24.346122448979592, 24.694421768707482, 25.042721088435375, 25.391020408163264, 25.739319727891157, 26.087619047619047, 26.424308390022677, 26.81904761904762, 27.155736961451247, 27.46920634920635, 27.78267573696145, 28.08453514739229, 28.43283446712018, 28.76952380952381, 29.059773242630385, 29.373242630385487, 29.698321995464852, 30.011791383219954, 30.325260770975056, 30.661950113378683, 30.998639455782314, 31.346938775510203, 31.70684807256236, 32.05514739229025], "beat_labels": [29, 29, 10, 10, 10, 10, 16, 16, 16, 4, 19, 19, 16, 16, 12, 4, 4, 4, 17, 17, 17, 1, 1, 1, 1, 1, 13, 25, 25, 5, 7, 7, 7, 7, 12, 12, 12, 23, 23, 16, 8, 20, 8, 23, 23, 0, 0, 15, 15, 15, 14, 14, 14, 22, 22, 22, 2, 2, 21, 6, 6, 27, 28, 6, 18, 18, 3, 3, 3, 3, 3, 24, 24, 13, 26, 9, 9, 11], "beat_selections": [46, 25, 57, 70, 15, 29, 59, 31, 40, 75, 5, 77, 14, 73, 50, 47, 6, 20, 64, 11, 41, 58, 55, 43, 72, 27, 74, 61, 62, 0]}