{"beat_times": [0.046439909297052155, 0.47600907029478456, 0.9752380952380952, 1.4280272108843537, 1.9040362811791383, 2.3568253968253967, 2.8212244897959184, 3.2856235827664397, 3.7500226757369615, 4.167981859410431, 4.609160997732427, 5.061950113378685, 5.50312925170068, 5.9675283446712015, 6.431927437641724, 6.884716553287982, 7.337505668934241, 7.825124716553288, 8.277913832199546, 8.719092970521542, 9.183492063492064, 9.659501133786849, 10.147120181405896, 10.646349206349207, 11.145578231292516, 11.633197278911565, 12.132426303854876, 12.620045351473923, 13.072834467120181, 13.514013605442177, 13.966802721088435, 14.431201814058957, 14.907210884353741, 15.348390022675737, 15.789569160997733, 16.219138321995466, 16.683537414965986, 17.136326530612244, 17.565895691609978, 18.018684807256236, 18.506303854875284, 18.982312925170067, 19.4118820861678, 19.86467120181406, 20.340680272108845, 20.82829931972789, 21.31591836734694, 21.768707482993197, 22.256326530612245, 22.709115646258503, 23.173514739229024, 23.64952380952381, 24.125532879818593, 24.589931972789117, 25.054331065759637, 25.507120181405895, 25.98312925170068, 26.459138321995464, 26.923537414965985, 27.411156462585033, 27.85233560090703, 28.31673469387755, 28.792743764172336, 29.26875283446712, 29.733151927437643, 30.220770975056688, 30.68517006802721, 31.161179138321994, 31.63718820861678, 32.1015873015873, 32.565986394557825, 33.041995464852604, 33.51800453514739, 33.982403628117915, 34.4584126984127, 34.95764172335601, 35.41043083900227, 35.898049886621315, 36.385668934240364, 36.83845804988662, 37.33768707482993, 37.79047619047619, 38.254875283446715, 38.75410430839002, 39.21850340136054], "beat_labels": [19, 19, 19, 5, 13, 21, 21, 20, 7, 7, 7, 7, 7, 7, 7, 7, 5, 5, 5, 5, 5, 27, 27, 14, 16, 16, 14, 14, 15, 15, 15, 2, 18, 18, 4, 4, 4, 24, 24, 24, 10, 10, 10, 10, 25, 9, 9, 23, 26, 12, 12, 12, 12, 29, 29, 6, 6, 6, 6, 3, 3, 22, 22, 1, 1, 22, 1, 1, 20, 8, 8, 8, 0, 28, 28, 0, 17, 17, 17, 17, 0, 11, 11, 0, 11], "beat_selections": [72, 64, 31, 59, 36, 20, 57, 10, 71, 46, 43, 84, 49, 4, 26, 28, 24, 79, 32, 1, 7, 5, 65, 47, 38, 44, 48, 22, 74, 53]}