{"beat_times": [9.09061224489796, 9.798820861678005, 10.483809523809525, 11.168798185941043, 11.830566893424036, 12.538775510204081, 13.200544217687074, 13.897142857142857, 14.582131519274377, 15.290340136054422, 15.963718820861677, 16.66031746031746, 17.345306122448978, 18.053514739229026, 18.738503401360543, 19.423492063492063, 20.108480725623583, 20.816689342403627, 21.490068027210885, 22.186666666666667, 22.871655328798187, 23.579863945578232, 24.264852607709752, 24.91501133786848, 25.56517006802721, 26.261768707482993, 26.958367346938775, 27.66657596371882, 28.409614512471656, 29.1178231292517, 29.80281179138322, 30.48780045351474, 31.172789115646257, 31.79972789115646, 32.507936507936506, 33.20453514739229, 33.935963718820865, 34.644172335600906, 35.31755102040816, 36.014149659863946, 36.69913832199546, 37.34929705215419, 38.02267573696145, 38.71927437641723, 39.46231292517007, 40.170521541950116, 40.85551020408163, 41.54049886621315, 42.22548752834467, 42.85242630385488, 43.56063492063492, 44.257233560090704, 44.98866213151928, 45.70848072562358, 46.38185941043084, 47.07845804988662, 47.763446712018144, 48.40199546485261, 49.075374149659865, 49.771972789115644, 50.52662131519274, 51.23482993197279, 51.908208616780044, 52.60480725623583, 53.289795918367346, 53.92834467120181, 54.6249433106576, 55.36798185941043, 56.06458049886621, 56.76117913832199, 57.446167800453516, 58.142766439909295, 58.816145124716556, 59.466303854875285, 60.13968253968254, 60.836281179138325, 61.59092970521542, 62.2875283446712, 62.97251700680272, 63.669115646258504, 64.35410430839002, 64.95782312925171, 65.66603174603175, 66.36263038548753, 67.11727891156463, 67.82548752834467, 68.49886621315193, 69.19546485260771, 69.88045351473923, 70.5190022675737, 71.19238095238096, 71.88897959183673, 72.64362811791383, 73.35183673469388, 74.03682539682539, 74.72181405895692, 75.4184126984127, 76.06857142857143, 76.74195011337868, 77.43854875283446, 78.14675736961452, 78.90140589569161, 79.63283446712018, 80.25977324263039, 80.9447619047619, 81.65297052154195, 82.3263492063492, 83.02294784580499, 83.70793650793651, 84.41614512471655, 85.10113378684807, 85.7861224489796, 86.47111111111111, 87.17931972789115, 87.85269841269842, 88.5492970521542, 89.23428571428572, 89.94249433106576], "beat_labels": [3, 3, 21, 5, 5, 24, 11, 16, 11, 2, 26, 2, 26, 14, 12, 16, 11, 2, 11, 2, 26, 14, 11, 17, 13, 9, 6, 20, 0, 25, 12, 13, 4, 19, 6, 7, 0, 23, 28, 8, 0, 13, 6, 20, 0, 10, 13, 20, 0, 19, 6, 7, 0, 4, 26, 8, 4, 20, 6, 20, 0, 27, 15, 13, 0, 19, 6, 7, 0, 10, 29, 8, 0, 13, 6, 19, 0, 25, 12, 13, 0, 19, 6, 7, 4, 27, 6, 8, 0, 13, 6, 13, 0, 15, 13, 13, 0, 19, 6, 1, 9, 9, 18, 12, 22, 2, 26, 16, 22, 14, 12, 16, 11, 2, 26, 16, 22, 14], "beat_selections": [68, 99, 105, 1, 84, 3, 98, 51, 71, 100, 45, 18, 110, 31, 109, 62, 115, 23, 102, 81, 59, 2, 108, 37, 5, 77, 54, 61, 38, 70]}