{"beat_times": [0.09287981859410431, 0.5804988662131519, 1.0100680272108844, 1.4512471655328798, 1.9156462585034013, 2.426485260770975, 2.914104308390023, 3.4133333333333336, 3.924172335600907, 4.388571428571429, 4.794920634920635, 5.2477097505668935, 5.688888888888889, 6.199727891156463, 6.6873469387755105, 7.151746031746032, 7.63936507936508, 8.150204081632653, 8.602993197278911, 9.044172335600907, 9.485351473922902, 9.949750566893425, 10.448979591836734, 10.948208616780045, 11.447437641723356, 11.888616780045352, 12.30657596371882, 12.747755102040816, 13.188934240362812, 13.630113378684808, 14.106122448979592, 14.582131519274377, 15.09297052154195, 15.557369614512472, 16.04498866213152, 16.474557823129253, 16.99700680272109, 17.47301587301587, 17.937414965986395, 18.3437641723356, 18.83138321995465, 19.30739229024943, 19.806621315192743, 20.236190476190476, 20.67736961451247, 21.118548752834467, 21.571337868480725, 22.024126984126983, 22.46530612244898, 22.941315192743765, 23.42893424036281, 23.84689342403628, 24.288072562358277, 24.752471655328797, 25.29814058956916, 25.762539682539682, 26.273378684807255, 26.73777777777778, 27.225396825396825, 27.759455782312926, 28.2702947845805, 28.76952380952381, 29.26875283446712, 29.791201814058958, 30.278820861678003, 30.75482993197279, 31.21922902494331, 31.695238095238096, 32.20607709750567, 32.70530612244898, 33.1697052154195, 33.62249433106576, 34.08689342403628, 34.53968253968254, 35.00408163265306, 35.468480725623586, 35.898049886621315, 36.35083900226758, 36.78040816326531, 37.2215873015873, 37.67437641723356, 38.185215419501134, 38.626394557823126, 39.07918367346939, 39.566802721088436, 40.00798185941043, 40.41433106575964, 40.80907029478458, 41.2734693877551, 41.795918367346935, 42.30675736961451, 42.782766439909295, 43.24716553287982, 43.66512471655329, 44.11791383219955, 44.55909297052154, 45.0118820861678, 45.53433106575964, 45.99873015873016, 46.42829931972789, 46.91591836734694, 47.35709750566893, 47.85632653061224, 48.37877551020408, 48.8431746031746, 49.24952380952381, 49.70231292517007, 50.1318820861678, 50.561451247165536, 51.02585034013605, 51.50185941043084, 51.977868480725625, 52.407437641723355], "beat_labels": [25, 25, 23, 25, 25, 25, 23, 25, 25, 8, 8, 8, 8, 23, 8, 23, 12, 23, 12, 12, 12, 14, 12, 12, 23, 1, 14, 12, 23, 23, 14, 23, 8, 8, 1, 1, 1, 24, 24, 24, 23, 1, 1, 8, 1, 1, 8, 23, 8, 8, 23, 14, 14, 23, 23, 14, 14, 23, 23, 14, 14, 12, 12, 23, 23, 14, 14, 14, 14, 23, 23, 14, 8, 1, 1, 1, 24, 8, 24, 1, 24, 1, 1, 24, 8, 29, 29, 29, 24, 29, 27, 4, 22, 3, 10, 17, 2, 13, 16, 0, 7, 15, 19, 28, 21, 9, 26, 20, 5, 20, 6, 18, 11], "beat_selections": [99, 74, 96, 93, 91, 108, 110, 100, 49, 105, 94, 112, 16, 97, 51, 101, 98, 95, 111, 102, 107, 104, 92, 69, 88, 0, 106, 90, 103, 85]}