{"beat_times": [0.25541950113378686, 0.7546485260770975, 1.2887074829931973, 1.787936507936508, 2.2639455782312927, 2.7399546485260773, 3.355283446712018, 3.9706122448979593, 4.539501133786848, 5.085170068027211, 5.630839002267574, 6.0836281179138325, 6.617687074829932, 7.128526077097506, 7.650975056689342, 8.17342403628118, 8.695873015873016, 9.241541950113378, 9.775600907029478, 10.263219954648527, 10.750839002267574, 11.284897959183674, 11.818956916099774, 12.353015873015874, 12.956734693877552, 13.525623582766439, 14.082902494331066, 14.570521541950113, 15.069750566893424, 15.568979591836735, 16.103038548752835, 16.62548752834467, 17.159546485260773, 17.68199546485261, 18.297324263038547, 18.889433106575964, 19.481541950113378, 19.9459410430839, 20.39873015873016, 20.97922902494331, 21.582947845804988, 22.11700680272109, 22.639455782312925, 23.138684807256237, 23.62630385487528, 24.13714285714286, 24.636371882086166, 25.135600907029477, 25.66965986394558, 26.25015873015873], "beat_labels": [15, 20, 10, 9, 0, 24, 4, 15, 21, 21, 25, 19, 7, 17, 1, 20, 10, 2, 21, 26, 16, 18, 16, 29, 2, 16, 2, 16, 8, 22, 22, 6, 14, 5, 12, 14, 28, 3, 3, 5, 12, 27, 11, 21, 21, 23, 4, 1, 11, 13], "beat_selections": [4, 47, 26, 38, 46, 39, 31, 12, 28, 3, 16, 48, 34, 49, 35, 0, 20, 13, 21, 11, 1, 18, 30, 45, 5, 10, 19, 41, 36, 23]}