{"beat_times": [0.29024943310657597, 0.9868480725623583, 1.5905668934240362, 2.2058956916099772, 2.7747845804988662, 3.5062131519274375, 4.156371882086168, 4.841360544217687, 5.421859410430839, 5.979138321995465, 6.6525170068027215, 7.360725623582766, 8.115374149659864, 8.777142857142858, 9.404081632653062, 10.193560090702947, 10.866938775510205, 11.551927437641723, 12.202086167800454, 12.863854875283447, 13.514013605442177, 14.17578231292517, 14.849160997732426, 15.522539682539682, 16.207528344671204, 17.066666666666666, 17.751655328798186, 18.390204081632653, 19.098412698412698, 19.771791383219956, 20.456780045351476, 21.153378684807254, 21.838367346938774, 22.534965986394557, 23.208344671201814, 23.800453514739228, 24.392562358276646], "beat_labels": [22, 13, 15, 19, 7, 11, 6, 4, 16, 8, 14, 0, 9, 18, 1, 27, 21, 4, 5, 24, 4, 2, 12, 10, 26, 20, 23, 23, 23, 17, 25, 3, 3, 28, 1, 29, 17], "beat_selections": [11, 34, 21, 31, 7, 18, 6, 4, 9, 12, 23, 5, 22, 1, 10, 2, 8, 29, 13, 3, 25, 16, 0, 27, 19, 30, 24, 15, 33, 35]}