{"beat_times": [0.33668934240362813, 0.893968253968254, 1.3699773242630386, 1.9388662131519274, 2.391655328798186, 2.9837641723356008, 3.575873015873016, 4.167981859410431, 4.632380952380952, 5.143219954648526, 5.746938775510204, 6.292607709750567, 6.826666666666667, 7.337505668934241, 7.848344671201814, 8.428843537414966, 8.93968253968254, 9.404081632653062, 9.903310657596371, 10.495419501133787, 11.064308390022676, 11.656417233560092, 12.213696145124716, 12.736145124716554, 13.25859410430839, 13.827482993197279, 14.384761904761906, 14.907210884353741, 15.371609977324264, 15.917278911564626, 16.416507936507937, 16.89251700680272, 17.368526077097506, 17.937414965986395, 18.483083900226756, 19.017142857142858, 19.56281179138322, 20.143310657596373, 20.654149659863947, 21.2346485260771, 21.745487528344672, 22.38403628117914, 22.941315192743765, 23.49859410430839, 24.021043083900228, 24.52027210884354, 25.10077097505669, 25.68126984126984, 26.16888888888889, 26.73777777777778, 27.237006802721087, 27.759455782312926, 28.281904761904762, 28.81596371882086, 29.38485260770975, 29.895691609977323, 30.441360544217687, 31.05668934240363, 31.567528344671203, 32.08997732426304, 32.60081632653061, 33.18131519274377, 33.68054421768707, 34.2378231292517, 34.76027210884354, 35.22467120181406, 35.66585034013605, 36.14185941043084, 36.67591836734694, 37.25641723356009, 37.79047619047619, 38.301315192743765, 38.88181405895691, 39.42748299319728, 40.03120181405896, 40.646530612244895, 41.19219954648526, 41.66820861678004, 42.15582766439909, 42.689886621315196, 43.20072562358277, 43.723174603174606, 44.23401360544218, 44.74485260770975, 45.2324716553288, 45.7665306122449, 46.288979591836735, 46.78820861678005, 47.28743764172336, 47.763446712018144, 48.29750566893424, 48.81995464852608, 49.36562358276644, 49.86485260770975, 50.37569160997732], "beat_labels": [6, 10, 26, 10, 4, 10, 1, 8, 0, 24, 9, 15, 1, 1, 4, 22, 4, 15, 18, 16, 9, 9, 11, 5, 11, 4, 9, 9, 9, 13, 13, 24, 2, 7, 10, 1, 24, 9, 9, 25, 14, 3, 23, 12, 12, 5, 0, 9, 8, 23, 17, 22, 28, 18, 15, 15, 8, 4, 15, 2, 2, 2, 2, 6, 29, 15, 27, 27, 18, 5, 11, 28, 2, 22, 20, 8, 3, 3, 5, 20, 18, 24, 24, 21, 18, 1, 18, 18, 20, 23, 11, 2, 15, 20, 19], "beat_selections": [46, 13, 62, 41, 25, 78, 0, 33, 75, 20, 1, 22, 43, 29, 40, 65, 19, 50, 68, 94, 74, 83, 15, 89, 81, 39, 2, 67, 71, 64]}