{"beat_times": [0.29024943310657597, 0.6385487528344671, 1.0216780045351475, 1.3931972789115645, 1.787936507936508, 2.2175056689342405, 2.6238548752834467, 3.053424036281179, 3.517823129251701, 3.912562358276644, 4.35374149659864, 4.748480725623582, 5.131609977324263, 5.5147392290249435, 5.921088435374149, 6.373877551020408, 6.780226757369615, 7.186575963718821, 7.592925170068027, 7.999274376417233, 8.382403628117913, 8.742312925170069, 9.09061224489796, 9.496961451247165, 9.891700680272109, 10.32126984126984, 10.7740589569161, 11.215238095238096, 11.609977324263038, 11.993106575963719, 12.376235827664399, 12.817414965986394, 13.212154195011339, 13.606893424036281, 14.013242630385488, 14.373151927437641, 14.744671201814059, 15.116190476190477, 15.487709750566893, 15.85922902494331, 16.265578231292515, 16.671927437641724, 17.04344671201814, 17.426575963718822, 17.809705215419502, 18.18122448979592, 18.54113378684807, 18.92426303854875, 19.33061224489796, 19.71374149659864, 20.120090702947845, 20.526439909297054, 20.93278911564626, 21.35074829931973, 21.757097505668934, 22.151836734693877, 22.523356009070294, 22.894875283446712, 23.26639455782313, 23.672743764172335, 24.13714285714286, 24.508662131519273, 24.938231292517006, 25.321360544217686, 25.71609977324263, 26.087619047619047, 26.505578231292517, 26.90031746031746, 27.31827664399093, 27.678185941043083, 28.0497052154195, 28.46766439909297, 28.88562358276644, 29.280362811791385, 29.675102040816327, 30.081451247165532, 30.45297052154195, 30.894149659863945, 31.288888888888888, 31.730068027210883, 32.124807256235826, 32.51954648526077, 32.92589569160998, 33.332244897959185, 33.77342403628118, 34.202993197278914, 34.60934240362812, 35.03891156462585, 35.456870748299316, 35.87482993197279, 36.281179138321995, 36.6875283446712, 37.093877551020405, 37.50022675736962, 37.89496598639456, 38.32453514739229, 38.70766439909297, 39.12562358276644, 39.53197278911565, 39.91510204081633, 40.321451247165534, 40.739410430839, 41.145759637188206, 41.57532879818594, 41.99328798185941], "beat_labels": [19, 27, 0, 12, 2, 26, 6, 19, 6, 1, 1, 8, 12, 6, 7, 14, 7, 4, 16, 16, 12, 1, 10, 6, 4, 24, 16, 24, 3, 21, 21, 24, 16, 12, 25, 7, 15, 10, 10, 5, 17, 16, 2, 2, 6, 10, 19, 5, 17, 29, 29, 2, 1, 10, 5, 28, 29, 1, 10, 5, 22, 22, 14, 14, 4, 4, 5, 5, 0, 12, 18, 6, 25, 10, 10, 14, 5, 14, 1, 4, 16, 2, 6, 7, 3, 23, 3, 11, 9, 20, 1, 10, 10, 13, 10, 3, 1, 7, 5, 20, 20, 4, 1, 1, 17], "beat_selections": [2, 96, 4, 95, 79, 54, 23, 14, 11, 88, 73, 87, 12, 93, 63, 36, 26, 48, 70, 46, 99, 30, 61, 85, 31, 34, 5, 1, 55, 50]}