{"beat_times": [0.13931972789115646, 0.8475283446712019, 1.5209070294784581, 2.2639455782312927, 2.914104308390023, 3.4946031746031747, 4.156371882086168, 4.818140589569161, 5.468299319727891, 6.013968253968254, 6.617687074829932, 7.349115646258503, 8.045714285714286, 8.684263038548753, 9.32281179138322, 9.961360544217687, 10.646349206349207, 11.319727891156463, 11.993106575963719, 12.64326530612245, 13.281814058956916, 14.013242630385488, 14.675011337868481, 15.429659863945579, 16.23074829931973, 17.04344671201814, 17.786485260770974, 18.42503401360544, 19.098412698412698, 19.725351473922903, 20.387120181405894, 21.13015873015873, 21.826757369614512, 22.511746031746032, 23.196734693877552, 23.893333333333334, 24.624761904761904, 25.309750566893424, 25.994739229024944, 26.691337868480726, 27.30666666666667, 27.875555555555554, 28.46766439909297, 29.082993197278913, 29.698321995464852, 30.34848072562358, 31.0334693877551, 31.776507936507937, 32.51954648526077, 33.20453514739229, 33.866303854875284, 34.50485260770975, 35.14340136054422, 35.828390022675734], "beat_labels": [8, 3, 3, 3, 3, 20, 15, 3, 11, 8, 8, 8, 12, 21, 29, 1, 20, 20, 20, 4, 6, 22, 2, 7, 20, 23, 5, 5, 24, 28, 4, 4, 4, 13, 3, 19, 7, 26, 1, 9, 9, 4, 6, 2, 27, 18, 17, 4, 14, 10, 25, 16, 28, 0], "beat_selections": [53, 15, 22, 3, 47, 26, 20, 23, 10, 39, 49, 8, 12, 33, 48, 6, 51, 46, 45, 35, 18, 13, 21, 25, 28, 50, 37, 44, 29, 14]}