{"beat_times": [0.2438095238095238, 0.8010884353741496, 1.242267573696145, 1.6834467120181407, 2.159455782312925, 2.647074829931973, 3.1346938775510202, 3.622312925170068, 4.1099319727891155, 4.597551020408163, 5.108390022675737, 5.5495691609977325, 5.944308390022676, 6.339047619047619, 6.745396825396825, 7.151746031746032, 7.558095238095238, 8.010884353741497, 8.40562358276644, 8.800362811791382, 9.218321995464853, 9.7059410430839, 10.135510204081633, 10.541859410430838, 10.971428571428572, 11.412607709750567, 11.842176870748299, 12.294965986394558, 12.736145124716554, 13.200544217687074, 13.676553287981859, 14.152562358276644, 14.55891156462585, 15.162630385487528, 15.603809523809524, 16.033378684807257, 16.497777777777777, 16.962176870748298, 17.41496598639456, 17.867755102040817, 18.401814058956916, 18.889433106575964, 19.365442176870747, 19.82984126984127, 20.305850340136054, 20.78185941043084, 21.269478458049885, 21.69904761904762, 22.209886621315192, 22.709115646258503, 23.196734693877552, 23.62630385487528, 24.090702947845806, 24.555102040816326, 25.019501133786846, 25.48390022675737], "beat_labels": [3, 4, 25, 8, 10, 9, 10, 9, 9, 2, 29, 17, 29, 29, 9, 29, 1, 1, 13, 13, 28, 23, 0, 8, 26, 17, 27, 25, 7, 9, 19, 6, 16, 27, 10, 10, 9, 7, 19, 12, 11, 21, 14, 18, 20, 24, 4, 26, 7, 22, 15, 5, 8, 8, 29, 1], "beat_selections": [22, 17, 9, 0, 1, 51, 31, 28, 53, 5, 35, 40, 39, 18, 42, 50, 32, 25, 43, 30, 44, 41, 49, 21, 45, 27, 47, 26, 20, 10]}