{"beat_times": [0.058049886621315196, 0.5456689342403628, 1.0332879818594105, 1.5209070294784581, 2.066575963718821, 2.5541950113378684, 3.01859410430839, 3.4829931972789114, 3.900952380952381, 4.330521541950113, 4.85297052154195, 5.305759637188209, 5.804988662131519, 6.30421768707483, 6.745396825396825, 7.186575963718821, 7.662585034013605, 8.161814058956915, 8.695873015873016, 9.148662131519274, 9.694331065759638, 10.24, 10.762448979591836, 11.250068027210885, 11.760907029478458, 12.202086167800454, 12.666485260770974, 13.096054421768708, 13.49079365079365, 13.94358276643991, 14.40798185941043, 14.883990929705215, 15.406439909297053, 15.8940589569161, 16.404897959183675, 16.880907029478458, 17.345306122448978, 17.809705215419502, 18.192834467120182, 18.599183673469387, 19.051972789115645, 19.539591836734694, 20.120090702947845, 20.56126984126984, 20.96761904761905, 21.443628117913832, 21.908027210884352, 22.372426303854876, 22.836825396825397, 23.34766439909297, 23.858503401360544, 24.38095238095238, 24.90340136054422, 25.425850340136055, 25.913469387755104, 26.41269841269841, 26.946757369614513, 27.39954648526077, 27.88716553287982, 28.409614512471656, 28.897233560090704, 29.442902494331065, 30.046621315192745, 30.522630385487528, 31.010249433106576, 31.41659863945578, 31.892607709750568, 32.38022675736961, 32.78657596371882, 33.262585034013604, 33.73859410430839, 34.2378231292517, 34.690612244897956, 35.15501133786848, 35.60780045351474, 36.07219954648526, 36.53659863945578, 36.977777777777774, 37.40734693877551, 37.83691609977324, 38.301315192743765, 38.800544217687076, 39.29977324263039, 39.90349206349207, 40.49560090702948, 41.087709750566894, 41.55210884353742, 42.00489795918367, 42.43446712018141, 42.898866213151926, 43.36326530612245, 43.92054421768707, 44.43138321995465, 44.93061224489796, 45.406621315192744, 45.88263038548753, 46.34702947845805], "beat_labels": [19, 19, 7, 11, 4, 11, 11, 11, 11, 16, 4, 8, 21, 3, 27, 21, 19, 18, 21, 10, 18, 4, 17, 13, 23, 25, 23, 13, 13, 11, 4, 9, 16, 16, 24, 24, 18, 5, 18, 2, 15, 13, 10, 5, 29, 20, 11, 6, 6, 4, 13, 13, 27, 27, 3, 16, 10, 2, 12, 10, 8, 4, 5, 8, 7, 22, 22, 8, 11, 26, 26, 26, 13, 13, 9, 3, 28, 28, 5, 16, 29, 14, 0, 11, 11, 1, 27, 3, 27, 17, 6, 0, 17, 17, 17, 9, 4], "beat_selections": [82, 85, 57, 75, 4, 37, 47, 64, 67, 95, 56, 29, 58, 50, 81, 40, 55, 92, 17, 1, 45, 12, 66, 26, 34, 25, 69, 52, 77, 44]}