{"beat_times": [0.5108390022675737, 1.0100680272108844, 1.4396371882086167, 1.9620861678004535, 2.5309750566893423, 3.0998639455782313, 3.645532879818594, 4.1099319727891155, 4.609160997732427, 5.224489795918367, 5.688888888888889, 6.176507936507937, 6.6873469387755105, 7.244625850340136, 7.650975056689342, 8.057324263038549, 8.486893424036282, 8.928072562358278, 9.380861678004536, 9.810430839002267, 10.32126984126984, 10.762448979591836, 11.319727891156463, 11.784126984126985, 12.329795918367347, 12.863854875283447, 13.432743764172336, 13.94358276643991, 14.431201814058957, 14.953650793650795, 15.441269841269841, 15.928888888888888, 16.520997732426302, 17.020226757369613, 17.565895691609978, 18.14639455782313, 18.64562358276644, 19.191292517006804, 19.67891156462585, 20.224580498866214, 20.74702947845805, 21.339138321995463, 21.873197278911565, 22.430476190476192, 22.96453514739229, 23.54503401360544, 24.021043083900228, 24.52027210884354, 24.961451247165535, 25.472290249433108, 25.94829931972789, 26.470748299319727, 27.062857142857144, 27.573696145124718, 28.08453514739229, 28.606984126984127, 29.094603174603176, 29.72154195011338, 30.209160997732425, 30.731609977324265, 31.2540589569161, 31.753287981859412, 32.25251700680272, 32.79818594104309, 33.29741496598639, 33.88952380952381, 34.38875283446712, 34.93442176870748, 35.43365079365079, 35.97931972789116, 36.45532879818594, 36.95455782312925, 37.488616780045355, 38.01106575963719, 38.54512471655329, 39.10240362811791, 39.5784126984127, 40.1124716553288, 40.658140589569165, 41.15736961451247, 41.72625850340136, 42.22548752834467, 42.75954648526077, 43.30521541950113, 43.874104308390024, 44.39655328798186, 44.965442176870745, 45.47628117913832, 46.03356009070295, 46.54439909297052, 47.04362811791383, 47.49641723356009, 47.96081632653061, 48.48326530612245, 48.98249433106576, 49.51655328798186, 50.108662131519274, 50.6659410430839, 51.141950113378684, 51.687619047619044, 52.22167800453515, 52.674467120181404, 53.231746031746034, 53.75419501133787, 54.31147392290249, 54.83392290249433, 55.32154195011338, 55.77433106575964, 56.227120181405894, 56.726349206349205, 57.20235827664399, 57.7015873015873, 58.18920634920635, 58.72326530612245, 59.2108843537415, 59.733333333333334, 60.25578231292517, 60.74340136054422, 61.19619047619047, 61.695419501133784], "beat_labels": [19, 0, 25, 11, 26, 2, 6, 3, 19, 6, 22, 1, 15, 4, 4, 28, 28, 28, 28, 22, 17, 0, 11, 20, 29, 29, 9, 9, 13, 13, 13, 12, 6, 6, 6, 1, 1, 1, 16, 3, 23, 4, 4, 22, 10, 19, 1, 18, 18, 18, 22, 22, 12, 12, 12, 12, 26, 29, 29, 12, 18, 5, 19, 26, 2, 2, 5, 28, 1, 10, 27, 17, 17, 17, 6, 10, 15, 15, 15, 11, 26, 26, 16, 16, 16, 23, 21, 21, 21, 2, 10, 10, 23, 5, 18, 22, 11, 0, 0, 25, 11, 12, 11, 24, 11, 11, 7, 8, 8, 8, 18, 18, 10, 27, 27, 14, 5, 0, 14, 14], "beat_selections": [117, 46, 89, 7, 42, 93, 34, 106, 109, 26, 91, 79, 53, 30, 119, 78, 83, 71, 49, 0, 23, 88, 51, 92, 103, 99, 56, 114, 18, 58]}