{"beat_times": [0.6733786848072563, 1.2770975056689342, 1.8808163265306121, 2.36843537414966, 2.9257142857142857, 3.4829931972789114, 4.017052154195011, 4.551111111111111, 5.131609977324263, 5.630839002267574, 6.246167800453515, 6.931156462585034, 7.430385487528345, 7.9760544217687075, 8.52172335600907, 9.032562358276644, 9.58984126984127, 9.996190476190476, 10.565079365079365, 11.110748299319727, 11.80734693877551, 12.434285714285714, 13.130884353741497, 13.757823129251701, 14.291882086167801, 14.86077097505669, 15.371609977324264, 15.940498866213153, 16.579047619047618, 17.19437641723356, 17.832925170068027, 18.42503401360544, 19.06358276643991, 19.574421768707484, 20.17814058956916, 20.700589569160996, 21.24625850340136, 21.81514739229025, 22.325986394557823, 22.871655328798187, 23.405714285714286, 23.962993197278912, 24.56671201814059, 25.29814058956916, 25.86702947845805, 26.43591836734694, 27.01641723356009, 27.596916099773242, 28.189024943310656, 28.723083900226758, 29.26875283446712, 29.80281179138322, 30.360090702947847, 30.894149659863945, 31.288888888888888, 31.834557823129252, 32.40344671201814, 32.97233560090703, 33.52961451247165, 34.22621315192744], "beat_labels": [18, 27, 2, 0, 25, 1, 20, 13, 4, 4, 5, 17, 17, 6, 6, 13, 11, 11, 5, 28, 17, 6, 15, 10, 19, 1, 2, 0, 20, 12, 2, 7, 26, 24, 0, 0, 25, 22, 16, 24, 10, 21, 2, 29, 3, 3, 3, 3, 23, 17, 6, 6, 11, 8, 8, 14, 20, 3, 9, 9], "beat_selections": [35, 25, 30, 44, 9, 10, 51, 31, 53, 58, 23, 52, 29, 15, 55, 22, 38, 49, 0, 24, 6, 41, 37, 48, 33, 36, 32, 1, 19, 43]}