{"beat_times": [0.26702947845804986, 0.7430385487528345, 1.1609977324263039, 1.509297052154195, 1.9620861678004535, 2.461315192743764, 2.948934240362812, 3.4249433106575964, 3.947392290249433, 4.446621315192743, 4.957460317460318, 5.468299319727891, 5.955918367346939, 6.443537414965986, 6.977596371882086, 7.511655328798186, 8.02249433106576, 8.498503401360544, 9.009342403628118, 9.485351473922902, 9.961360544217687, 10.47219954648526, 10.89015873015873, 11.366167800453514, 11.818956916099774, 12.26013605442177, 12.736145124716554, 13.223764172335601, 13.746213151927437, 14.233832199546486, 14.733061224489797, 15.151020408163266, 15.62702947845805, 16.103038548752835, 16.590657596371884, 17.066666666666666, 17.542675736961453, 18.007074829931973, 18.494693877551022, 19.02875283446712, 19.551201814058956, 20.050430839002267, 20.54965986394558, 21.037278911564627, 21.524897959183672, 22.024126984126983, 22.569795918367348, 23.057414965986396, 23.556643990929704, 23.939773242630384, 24.29968253968254, 24.775691609977326, 25.26331065759637], "beat_labels": [6, 0, 0, 0, 11, 11, 8, 8, 7, 29, 23, 2, 11, 6, 10, 14, 14, 5, 5, 12, 16, 4, 13, 13, 28, 21, 1, 1, 22, 10, 5, 5, 12, 21, 21, 21, 26, 18, 18, 20, 20, 20, 24, 9, 20, 27, 27, 15, 19, 3, 3, 17, 25], "beat_selections": [1, 26, 11, 49, 21, 30, 0, 8, 7, 43, 29, 12, 19, 23, 15, 47, 20, 51, 37, 48, 41, 33, 28, 10, 42, 52, 36, 46, 24, 9]}