{"beat_times": [0.23219954648526078, 0.6385487528344671, 1.0332879818594105, 1.4164172335600906, 1.811156462585034, 2.182675736961451, 2.5658049886621317, 2.9605442176870747, 3.3668934240362813, 3.7616326530612243, 4.167981859410431, 4.551111111111111, 4.957460317460318, 5.352199546485261, 5.758548752834467, 6.164897959183674, 6.548027210884354, 6.965986394557823, 7.349115646258503, 7.732244897959184, 8.115374149659864, 8.55655328798186, 8.951292517006802, 9.334421768707482, 9.822040816326531, 10.228390022675738, 10.646349206349207, 11.029478458049887, 11.42421768707483, 11.865396825396825, 12.283356009070294, 12.678095238095239, 13.084444444444445, 13.502403628117914, 13.955192743764172, 14.349931972789115, 14.70984126984127, 15.12780045351474, 15.568979591836735, 16.01015873015873, 16.451337868480724, 16.84607709750567, 17.240816326530613, 17.57750566893424, 17.972244897959182, 18.355374149659863, 18.808163265306124, 19.21451247165533, 19.60925170068027, 19.98077097505669, 20.375510204081632, 20.770249433106574, 21.188208616780045, 21.571337868480725, 21.954467120181405, 22.337596371882086, 22.69750566893424, 23.057414965986396, 23.405714285714286, 23.76562358276644, 24.160362811791384, 24.543492063492064, 24.938231292517006, 25.344580498866215, 25.727709750566895, 26.076009070294784, 26.493968253968255, 26.888707482993198, 27.30666666666667, 27.70140589569161, 28.096145124716553, 28.50249433106576, 28.908843537414967, 29.26875283446712, 29.68671201814059, 30.081451247165532, 30.522630385487528, 30.928979591836736, 31.32371882086168, 31.71845804988662, 32.113197278911564, 32.507936507936506, 32.879455782312924, 33.28580498866213, 33.7037641723356, 34.08689342403628, 34.481632653061226, 34.864761904761906, 35.22467120181406, 35.59619047619048, 35.90965986394558, 36.281179138321995, 36.664308390022676, 37.047437641723356], "beat_labels": [16, 2, 16, 16, 16, 2, 2, 12, 23, 14, 14, 19, 10, 10, 25, 25, 13, 28, 4, 4, 24, 24, 0, 26, 4, 9, 9, 5, 5, 27, 3, 3, 26, 19, 23, 23, 19, 13, 5, 24, 1, 1, 5, 5, 14, 14, 15, 12, 3, 21, 21, 20, 0, 21, 8, 10, 5, 19, 24, 24, 21, 18, 19, 13, 29, 5, 0, 25, 23, 13, 0, 14, 11, 11, 22, 7, 17, 5, 11, 22, 7, 17, 17, 17, 8, 8, 12, 12, 22, 6, 9, 9, 8, 23], "beat_selections": [22, 41, 5, 31, 24, 27, 89, 80, 84, 25, 13, 78, 47, 37, 44, 46, 2, 81, 61, 33, 51, 50, 74, 34, 59, 15, 32, 29, 17, 64]}