{"beat_times": [0.2089795918367347, 0.603718820861678, 0.9752380952380952, 1.3235374149659864, 1.6602267573696146, 2.066575963718821, 2.426485260770975, 2.7980045351473923, 3.2275736961451247, 3.645532879818594, 4.051882086167801, 4.446621315192743, 4.829750566893424, 5.2128798185941045, 5.584399092970521, 5.932698412698413, 6.30421768707483, 6.6873469387755105, 7.058866213151927, 7.441995464852607, 7.883174603174603, 8.289523809523809, 8.695873015873016, 9.102222222222222, 9.485351473922902, 9.85687074829932, 10.228390022675738, 10.62312925170068, 11.029478458049887, 11.459047619047618, 11.865396825396825, 12.271746031746032, 12.666485260770974, 13.061224489795919, 13.444353741496599, 13.827482993197279, 14.245442176870748, 14.640181405895692, 15.058140589569161, 15.464489795918368, 15.870839002267573, 16.253968253968253, 16.62548752834467, 16.985396825396826, 17.38013605442177, 17.740045351473924, 18.134784580498867, 18.552743764172334, 18.970702947845805, 19.400272108843538, 19.818231292517005, 20.224580498866214, 20.58448979591837, 20.956009070294783, 21.339138321995463, 21.69904761904762, 22.058956916099774, 22.442086167800454, 22.755555555555556, 23.057414965986396, 23.38249433106576, 23.754013605442175, 24.160362811791384, 24.60154195011338, 24.98467120181406, 25.379410430839002, 25.762539682539682, 26.145668934240362, 26.563628117913833, 26.946757369614513, 27.341496598639456, 27.713015873015873, 28.096145124716553, 28.479274376417234, 28.874013605442176, 29.257142857142856, 29.72154195011338, 30.139501133786847, 30.499410430839003, 30.87092970521542], "beat_labels": [25, 0, 12, 12, 11, 11, 18, 18, 3, 3, 23, 20, 20, 6, 10, 10, 5, 5, 28, 28, 5, 5, 28, 17, 17, 17, 6, 29, 15, 15, 7, 7, 24, 4, 5, 1, 1, 19, 13, 19, 13, 13, 13, 19, 13, 13, 9, 9, 9, 9, 4, 4, 21, 21, 21, 21, 26, 22, 22, 16, 16, 16, 2, 2, 2, 22, 16, 16, 16, 16, 16, 2, 14, 14, 16, 14, 14, 27, 8, 8], "beat_selections": [1, 36, 63, 8, 51, 20, 13, 31, 78, 46, 14, 5, 3, 44, 72, 29, 69, 23, 6, 39, 11, 55, 58, 10, 32, 0, 56, 77, 18, 27]}