{"beat_times": [0.3250793650793651, 0.8707482993197279, 1.3003174603174603, 1.7763265306122449, 2.345215419501134, 2.8792743764172335, 3.3901133786848074, 3.889342403628118, 4.388571428571429, 4.887800453514739, 5.38702947845805, 5.897868480725624, 6.42031746031746, 6.942766439909297, 7.418775510204082, 7.90639455782313, 8.417233560090702, 8.916462585034013, 9.427301587301587, 9.93814058956916, 10.425759637188209, 10.924988662131518, 11.42421768707483, 11.92344671201814, 12.329795918367347, 12.887074829931972, 13.40952380952381, 13.87392290249433, 14.338321995464852, 14.814331065759637, 15.348390022675737, 15.777959183673469, 16.219138321995466, 16.753197278911564, 17.29886621315193, 17.84453514739229, 18.308934240362813, 18.738503401360543, 19.191292517006804, 19.67891156462585, 20.24780045351474, 20.74702947845805, 21.199818594104308, 21.71065759637188, 22.31437641723356, 22.813605442176872, 23.417324263038548, 23.92816326530612, 24.485442176870748, 24.91501133786848, 25.44907029478458, 26.05278911564626, 26.575238095238095, 27.144126984126984, 27.66657596371882, 28.223854875283447, 28.69986394557823, 29.210702947845807, 29.88408163265306, 30.406530612244897, 30.98702947845805, 31.62557823129252, 32.13641723356009], "beat_labels": [4, 22, 23, 16, 1, 1, 3, 3, 3, 3, 3, 3, 11, 21, 7, 7, 11, 11, 3, 11, 11, 3, 9, 13, 8, 8, 5, 19, 5, 5, 19, 5, 25, 19, 17, 6, 15, 17, 6, 15, 17, 6, 6, 0, 5, 5, 27, 10, 28, 14, 12, 0, 18, 20, 4, 5, 26, 29, 20, 13, 24, 2, 2], "beat_selections": [51, 5, 62, 7, 54, 31, 41, 15, 24, 22, 47, 17, 50, 23, 49, 36, 3, 37, 52, 33, 53, 13, 1, 2, 60, 32, 56, 46, 48, 57]}