{"beat_times": [1.3583673469387756, 1.8692063492063493, 2.426485260770975, 2.8908843537414968, 3.355283446712018, 3.842902494331066, 4.400181405895691, 4.96907029478458, 5.468299319727891, 5.874648526077097, 6.3854875283446715, 6.919546485260771, 7.4071655328798185, 7.87156462585034, 8.359183673469389, 8.846802721088435, 9.276371882086167, 9.694331065759638, 10.158730158730158, 10.669569160997732, 11.145578231292516, 11.656417233560092, 12.19047619047619, 12.712925170068027, 13.270204081632652, 13.815873015873017, 14.384761904761906, 14.94204081632653, 15.487709750566893, 16.01015873015873, 16.532607709750568, 17.04344671201814, 17.565895691609978, 18.099954648526076, 18.634013605442178, 19.156462585034014, 19.71374149659864, 20.224580498866214, 20.74702947845805, 21.257868480725623, 21.73387755102041, 22.23310657596372, 22.743945578231294, 23.26639455782313, 23.800453514739228, 24.322902494331064, 24.856961451247166, 25.344580498866215, 25.843809523809522, 26.343038548752833, 26.853877551020407, 27.38793650793651, 27.93360544217687, 28.421224489795918, 28.908843537414967, 29.38485260770975, 29.860861678004536, 30.313650793650794, 30.743219954648527, 31.24244897959184, 31.741678004535146, 32.25251700680272, 32.774965986394555, 33.262585034013604, 33.761814058956915, 34.27265306122449, 34.78349206349206, 35.294331065759636, 35.781950113378684, 36.26956916099773, 36.75718820861678, 37.2215873015873, 37.651156462585035, 38.138775510204084, 38.70766439909297, 39.2649433106576, 39.833832199546485, 40.4259410430839, 40.90195011337868, 41.38956916099773, 41.98167800453515, 42.5621768707483], "beat_labels": [21, 17, 0, 0, 0, 27, 15, 27, 20, 20, 13, 6, 6, 6, 6, 6, 4, 4, 4, 4, 24, 7, 7, 7, 7, 7, 7, 7, 4, 24, 9, 9, 9, 9, 29, 7, 1, 11, 23, 11, 23, 23, 26, 26, 11, 12, 12, 12, 10, 10, 10, 19, 25, 5, 5, 5, 16, 16, 16, 8, 8, 5, 5, 5, 8, 22, 22, 3, 3, 27, 0, 14, 14, 2, 0, 2, 2, 18, 28, 2, 2, 2], "beat_selections": [70, 36, 81, 67, 19, 62, 15, 24, 59, 30, 49, 44, 45, 10, 71, 6, 57, 1, 77, 51, 9, 0, 66, 41, 20, 52, 43, 69, 78, 34]}