{"beat_times": [1.822766439909297, 2.3568253968253967, 2.8676643990929707, 3.4017233560090703, 3.912562358276644, 4.423401360544218, 4.911020408163266, 5.468299319727891, 5.979138321995465, 6.501587301587302, 7.035646258503402, 7.616145124716553, 8.219863945578231, 8.753922902494331, 9.299591836734693, 9.85687074829932, 10.448979591836734, 11.052698412698414, 11.633197278911565, 12.213696145124716, 12.759365079365079, 13.374693877551021, 13.990022675736961, 14.570521541950113, 15.116190476190477, 15.62702947845805, 16.091428571428573, 16.590657596371884, 17.171156462585035, 17.740045351473924, 18.26249433106576, 18.773333333333333, 19.30739229024943, 19.86467120181406, 20.36390022675737, 20.82829931972789, 21.373968253968254, 21.942857142857143, 22.511746031746032, 23.08063492063492, 23.64952380952381, 24.171972789115646, 24.694421768707482, 25.21687074829932, 25.739319727891157, 26.273378684807255, 26.877097505668935, 27.39954648526077, 27.910385487528345, 28.43283446712018, 28.955283446712016, 29.442902494331065, 29.95374149659864, 30.429750566893425, 30.98702947845805, 31.532698412698412, 32.1015873015873, 32.670476190476194, 33.19292517006803, 33.7037641723356, 34.261043083900226, 34.82993197278912, 35.3059410430839, 35.851609977324266, 36.30439909297052, 36.826848072562356, 37.33768707482993, 37.860136054421766, 38.40580498866213, 38.93986394557823, 39.54358276643991, 40.06603174603175, 40.50721088435374, 41.01804988662131, 41.61015873015873, 42.10938775510204, 42.64344671201814, 43.17750566893424, 43.699954648526074, 44.18757369614512, 44.651972789115646, 45.12798185941043, 45.66204081632653, 46.19609977324263, 46.74176870748299, 47.25260770975056, 47.74022675736961, 48.34394557823129, 48.88961451247165, 49.51655328798186, 50.05061224489796, 50.61950113378685, 51.16517006802721, 51.74566893424036, 52.32616780045351, 52.91827664399093, 53.440725623582765, 53.98639455782313, 54.53206349206349, 55.11256235827664, 55.623401360544214, 56.099410430839], "beat_labels": [7, 12, 12, 6, 6, 12, 20, 22, 24, 24, 20, 20, 12, 5, 5, 5, 5, 21, 7, 18, 6, 11, 11, 11, 6, 11, 4, 23, 2, 6, 6, 6, 25, 25, 25, 25, 21, 7, 7, 0, 9, 19, 0, 0, 9, 19, 9, 29, 29, 10, 10, 19, 8, 8, 8, 3, 3, 3, 8, 13, 13, 17, 20, 2, 2, 2, 17, 17, 17, 4, 22, 23, 22, 22, 27, 14, 14, 14, 14, 28, 15, 16, 16, 4, 4, 4, 4, 4, 4, 4, 6, 26, 26, 26, 1, 1, 1, 1, 1, 1, 1, 1], "beat_selections": [43, 98, 63, 55, 83, 13, 29, 38, 52, 44, 49, 22, 5, 59, 75, 80, 82, 61, 19, 51, 62, 36, 72, 27, 8, 32, 92, 74, 79, 47]}