{"beat_times": [0.23219954648526078, 0.615328798185941, 1.0448979591836736, 1.4396371882086167, 1.822766439909297, 2.2058956916099772, 2.5541950113378684, 2.9024943310657596, 3.355283446712018, 3.7035827664399092, 4.1099319727891155, 4.46984126984127, 4.85297052154195, 5.23609977324263, 5.61922902494331, 6.048798185941043, 6.408707482993197, 6.780226757369615, 7.163356009070295, 7.546485260770975, 7.929614512471655, 8.301133786848073, 8.684263038548753, 9.079002267573696, 9.427301587301587, 9.833650793650794, 10.193560090702947, 10.576689342403627, 10.948208616780045, 11.354557823129252, 11.749297052154194, 12.097596371882085, 12.445895691609977, 12.852244897959183, 13.270204081632652, 13.64172335600907, 14.02485260770975, 14.419591836734694, 14.79111111111111, 15.151020408163266, 15.568979591836735, 15.963718820861677, 16.335238095238097, 16.718367346938777, 17.101496598639457, 17.519455782312924, 17.902585034013605, 18.297324263038547, 18.703673469387756, 19.086802721088436, 19.481541950113378, 19.853061224489796, 20.224580498866214, 20.619319727891156, 21.0140589569161, 21.373968253968254, 21.757097505668934, 22.151836734693877, 22.534965986394557, 22.894875283446712, 23.26639455782313, 23.64952380952381, 24.03265306122449, 24.404172335600908, 24.787301587301588, 25.158820861678006, 25.507120181405895, 25.890249433106575, 26.261768707482993, 26.62167800453515, 26.993197278911566, 27.38793650793651, 27.78267573696145, 28.223854875283447, 28.63020408163265, 29.013333333333332, 29.38485260770975, 29.779591836734692, 30.15111111111111, 30.499410430839003, 30.894149659863945, 31.30049886621315, 31.660408163265306, 32.04353741496599, 32.42666666666667, 32.79818594104309, 33.1697052154195, 33.55283446712018, 33.95918367346939, 34.33070294784581, 34.71383219954649, 35.10857142857143, 35.468480725623586, 35.851609977324266, 36.234739229024946, 36.58303854875283, 36.977777777777774, 37.36090702947846, 37.755646258503404, 38.11555555555555, 38.47546485260771, 38.846984126984125, 39.288163265306125, 39.65968253968254, 40.01959183673469, 40.41433106575964], "beat_labels": [11, 19, 11, 10, 10, 10, 1, 26, 26, 10, 21, 3, 3, 3, 24, 3, 17, 11, 12, 6, 1, 26, 1, 26, 1, 21, 24, 24, 24, 3, 3, 3, 3, 0, 29, 29, 11, 19, 19, 19, 0, 6, 6, 6, 0, 6, 2, 2, 2, 2, 23, 2, 2, 0, 2, 12, 17, 8, 8, 4, 4, 5, 4, 4, 16, 16, 18, 18, 16, 27, 2, 2, 2, 2, 0, 12, 2, 6, 2, 2, 6, 12, 12, 2, 25, 25, 7, 22, 22, 15, 15, 23, 23, 0, 0, 23, 23, 28, 9, 9, 14, 23, 23, 28, 20, 13], "beat_selections": [44, 20, 71, 13, 62, 61, 43, 86, 57, 99, 5, 2, 18, 105, 100, 89, 65, 16, 67, 39, 104, 10, 88, 91, 27, 84, 8, 69, 97, 35]}