{"beat_times": [0.25541950113378686, 0.6965986394557823, 1.1493877551020408, 1.5905668934240362, 2.020136054421769, 2.449705215419501, 2.8908843537414968, 3.2624036281179136, 3.633922902494331, 4.028662131519274, 4.46984126984127, 4.922630385487528, 5.363809523809524, 5.793378684807256, 6.2345578231292516, 6.6873469387755105, 7.1401360544217685, 7.558095238095238, 7.987664399092971, 8.440453514739229, 8.870022675736962, 9.32281179138322, 9.763990929705216, 10.181950113378685, 10.62312925170068, 11.064308390022676, 11.517097505668934, 11.95827664399093, 12.399455782312925, 12.829024943310658, 13.281814058956916, 13.757823129251701, 14.210612244897959, 14.628571428571428, 15.104580498866213, 15.534149659863946, 15.998548752834466, 16.439727891156462, 16.89251700680272, 17.368526077097506, 17.821315192743764, 18.26249433106576, 18.703673469387756, 19.13324263038549, 19.52798185941043, 19.91111111111111, 20.29424036281179, 20.712199546485262, 21.176598639455783, 21.62938775510204, 22.070566893424036, 22.511746031746032, 22.976145124716552, 23.417324263038548, 23.893333333333334, 24.357732426303855, 24.83374149659864, 25.2865306122449, 25.774149659863944, 26.226938775510202, 26.668117913832198, 27.12090702947846, 27.562086167800455, 28.0497052154195, 28.50249433106576, 28.955283446712016, 29.408072562358278, 29.849251700680274, 30.197551020408163, 30.545850340136056, 31.02185941043084, 31.463038548752834, 31.90421768707483, 32.345396825396826, 32.79818594104309, 33.29741496598639, 33.75020408163265, 34.22621315192744, 34.71383219954649, 35.16662131519274, 35.59619047619048, 36.02575963718821, 36.4669387755102, 36.91972789115646, 37.384126984126986, 37.8485260770975, 38.26648526077098, 38.730884353741494, 39.183673469387756, 39.63646258503401, 40.07764172335601, 40.542040816326534, 41.00643990929705, 41.48244897959184, 41.92362811791383, 42.38802721088435, 42.8756462585034, 43.32843537414966, 43.78122448979592, 44.22240362811792, 44.73324263038549, 45.16281179138322, 45.61560090702948, 46.068390022675736, 46.509569160997735, 46.99718820861678, 47.49641723356009, 47.94920634920635, 48.40199546485261, 48.86639455782313, 49.26113378684807, 49.64426303854875, 50.03900226757369, 50.491791383219955, 50.96780045351474, 51.420589569160995, 51.88498866213152, 52.34938775510204, 52.86022675736962, 53.278185941043084, 53.74258503401361, 54.206984126984125, 54.659773242630386], "beat_labels": [9, 19, 19, 9, 9, 27, 27, 4, 4, 4, 4, 15, 15, 15, 15, 15, 15, 15, 10, 10, 10, 28, 28, 28, 28, 17, 20, 20, 20, 24, 24, 1, 1, 1, 24, 24, 1, 1, 18, 18, 18, 18, 23, 3, 3, 23, 2, 2, 2, 7, 3, 3, 3, 23, 2, 11, 2, 2, 11, 25, 13, 12, 26, 7, 13, 13, 12, 12, 7, 7, 25, 25, 8, 8, 8, 22, 22, 16, 16, 16, 16, 16, 16, 22, 0, 17, 17, 22, 22, 0, 0, 0, 17, 17, 6, 6, 6, 14, 14, 14, 23, 29, 29, 23, 11, 11, 26, 18, 29, 29, 29, 29, 11, 11, 26, 18, 5, 5, 21, 21, 21, 21, 2], "beat_selections": [90, 31, 48, 44, 10, 117, 96, 49, 74, 3, 19, 55, 66, 65, 99, 13, 79, 86, 38, 1, 28, 119, 83, 100, 35, 71, 62, 5, 24, 102]}