{"beat_times": [0.313469387755102, 0.9171882086167801, 1.5325170068027212, 2.147845804988662, 2.75156462585034, 3.3668934240362813, 3.982222222222222, 4.609160997732427, 5.224489795918367, 5.828208616780046, 6.431927437641724, 7.047256235827664, 7.650975056689342, 8.25469387755102, 8.858412698412698, 9.47374149659864, 10.08907029478458, 10.727619047619047, 11.366167800453514, 11.95827664399093, 12.585215419501134, 13.188934240362812, 13.804263038548752, 14.396371882086168, 14.930430839002268, 15.51092970521542, 16.103038548752835, 16.683537414965986, 17.29886621315193, 17.98385487528345, 18.517913832199547, 19.202902494331067, 19.818231292517005, 20.433560090702947, 21.037278911564627, 21.59455782312925, 22.23310657596372, 22.84843537414966, 23.405714285714286, 24.021043083900228, 24.60154195011338, 25.193650793650793, 25.820589569160997, 26.41269841269841, 27.028027210884353, 27.631746031746033, 28.23546485260771, 29.013333333333332, 29.60544217687075, 30.15111111111111, 30.75482993197279, 31.381768707482994, 32.113197278911564, 32.75174603174603, 33.378684807256235, 33.99401360544218, 34.65578231292517, 35.236281179138324, 35.898049886621315, 36.501768707482995, 37.1287074829932, 37.767256235827666, 38.37097505668934, 38.99791383219954, 39.60163265306122, 40.216961451247165, 40.820680272108845, 41.34312925170068, 41.912018140589566, 42.48090702947846, 43.13106575963719, 43.67673469387755, 44.29206349206349, 44.81451247165533, 45.38340136054422, 46.11482993197279, 46.84625850340136, 47.53124716553288, 48.12335600907029], "beat_labels": [7, 2, 2, 24, 21, 3, 3, 14, 6, 14, 14, 13, 8, 14, 14, 14, 8, 6, 19, 6, 29, 3, 6, 3, 2, 27, 25, 27, 2, 16, 16, 28, 12, 10, 12, 13, 22, 3, 16, 3, 10, 10, 29, 0, 29, 5, 26, 9, 9, 9, 9, 0, 26, 0, 13, 0, 10, 10, 0, 22, 28, 28, 14, 28, 17, 12, 15, 23, 23, 11, 4, 11, 11, 11, 20, 4, 18, 1, 12], "beat_selections": [43, 77, 2, 5, 70, 45, 19, 0, 12, 47, 41, 72, 32, 54, 13, 66, 30, 64, 76, 18, 74, 4, 36, 68, 3, 26, 46, 27, 31, 20]}