{"beat_times": [0.615328798185941, 1.1377777777777778, 1.6602267573696146, 2.182675736961451, 2.716734693877551, 3.2043537414965986, 3.610702947845805, 4.08671201814059, 4.551111111111111, 4.911020408163266, 5.363809523809524, 5.804988662131519, 6.339047619047619, 6.745396825396825, 7.22140589569161, 7.720634920634921, 8.231473922902495, 8.730702947845804, 9.253151927437642, 9.775600907029478, 10.135510204081633, 10.599909297052154, 10.983038548752834, 11.400997732426303, 11.830566893424036, 12.283356009070294, 12.805804988662132, 13.25859410430839, 13.699773242630386, 14.152562358276644, 14.616961451247166, 15.104580498866213, 15.592199546485261, 16.091428571428573, 16.567437641723355, 17.03183673469388, 17.47301587301587, 17.925804988662133, 18.401814058956916, 18.854603174603174, 19.342222222222222, 19.841451247165534, 20.340680272108845, 20.816689342403627, 21.223038548752836, 21.62938775510204, 22.105396825396827, 22.58140589569161, 23.06902494331066, 23.49859410430839, 23.893333333333334, 24.29968253968254, 24.706031746031748, 25.14721088435374, 25.6, 26.076009070294784, 26.563628117913833, 27.051247165532878, 27.527256235827664, 28.003265306122447, 28.444444444444443, 28.908843537414967, 29.350022675736962, 29.849251700680274, 30.278820861678003, 30.789659863945577, 31.30049886621315, 31.79972789115646, 32.298956916099776, 32.833015873015874], "beat_labels": [11, 11, 20, 9, 1, 1, 11, 23, 14, 14, 23, 10, 25, 25, 22, 10, 21, 27, 8, 8, 3, 3, 16, 8, 2, 2, 28, 3, 8, 10, 24, 15, 13, 15, 15, 0, 0, 29, 29, 0, 5, 7, 29, 7, 5, 5, 7, 29, 29, 17, 26, 5, 4, 4, 17, 5, 4, 4, 4, 19, 19, 19, 2, 6, 6, 26, 18, 12, 26, 7], "beat_selections": [35, 4, 62, 20, 52, 51, 64, 46, 19, 3, 29, 0, 67, 32, 8, 31, 22, 49, 66, 61, 2, 16, 14, 7, 30, 12, 50, 17, 26, 47]}