{"beat_times": [0.06965986394557823, 0.9287981859410431, 1.787936507936508, 2.647074829931973, 3.4946031746031747, 4.365351473922902, 5.23609977324263, 6.106848072562358, 7.035646258503402, 7.964444444444444, 8.928072562358278, 9.798820861678005, 10.681179138321996, 11.551927437641723, 12.49233560090703, 13.374693877551021, 14.257052154195012, 15.139410430839002, 16.021768707482995, 16.84607709750567, 17.670385487528346, 18.494693877551022, 19.319002267573698, 20.154920634920636, 20.990839002267574, 21.78031746031746, 22.639455782312925, 23.49859410430839, 24.369342403628117, 25.25170068027211, 26.16888888888889, 27.039637188208616, 27.910385487528345, 28.792743764172336, 29.663492063492065, 30.53424036281179, 31.40498866213152, 32.25251700680272, 33.10004535147392, 33.95918367346939, 34.82993197278912, 35.70068027210884, 36.501768707482995, 37.314467120181405, 38.17360544217687, 39.067573696145125, 39.949931972789116, 40.83229024943311, 41.7146485260771, 42.58539682539683, 43.46775510204082, 44.39655328798186, 45.26730158730159, 46.11482993197279, 47.06684807256236, 48.042086167800456, 48.87800453514739, 49.725532879818594, 50.607891156462586, 51.50185941043084, 52.360997732426306, 53.19691609977324, 54.044444444444444, 54.880362811791386, 55.71628117913832, 56.52897959183674, 57.330068027210885, 58.142766439909295, 59.00190476190476, 59.82621315192744, 60.62730158730159, 61.428390022675735, 62.148208616780046, 63.00734693877551, 63.91292517006803, 64.78367346938775, 65.677641723356, 66.54839002267573, 67.38430839002268, 68.28988662131519, 69.19546485260771, 70.10104308390022, 71.00662131519275, 71.88897959183673, 72.77133786848073, 73.70013605442176, 74.58249433106576, 75.47646258503401, 76.33560090702947, 77.19473922902495, 78.11192743764173, 78.97106575963718, 79.87664399092971, 80.74739229024944, 81.68780045351474, 82.52371882086167, 83.4292970521542, 84.28843537414966, 85.20562358276644, 86.06476190476191, 86.98195011337869, 87.82947845804989, 88.74666666666667, 89.62902494331065, 90.52299319727891, 91.39374149659864, 92.29931972789116, 93.15845804988662, 94.06403628117914, 94.93478458049887, 95.84036281179138, 96.71111111111111, 97.61668934240363, 98.48743764172336, 99.39301587301587, 100.46113378684807, 101.38993197278911, 102.23746031746032, 103.1198185941043, 104.07183673469387, 104.88453514739228, 105.67401360544218, 106.53315192743764, 107.28780045351473, 108.01922902494331], "beat_labels": [6, 0, 0, 20, 27, 5, 8, 19, 14, 14, 19, 16, 22, 25, 1, 22, 22, 19, 19, 6, 1, 7, 5, 23, 21, 1, 6, 6, 6, 14, 23, 20, 0, 23, 23, 6, 6, 20, 10, 10, 10, 27, 23, 0, 20, 27, 5, 8, 19, 1, 29, 2, 8, 23, 25, 16, 5, 5, 0, 19, 7, 13, 7, 28, 8, 7, 1, 21, 9, 9, 9, 2, 2, 10, 10, 27, 0, 18, 8, 27, 7, 7, 2, 21, 11, 11, 5, 16, 2, 2, 2, 2, 2, 2, 2, 2, 2, 2, 2, 2, 2, 2, 2, 2, 2, 2, 2, 2, 2, 2, 2, 2, 2, 2, 2, 15, 26, 24, 4, 3, 17, 17, 4, 12, 12], "beat_selections": [32, 49, 89, 119, 118, 5, 0, 81, 64, 69, 40, 85, 123, 61, 8, 115, 87, 121, 77, 18, 31, 83, 12, 30, 117, 13, 116, 4, 63, 50]}