{"beat_times": [0.26702947845804986, 0.626938775510204, 0.9636281179138322, 1.3351473922902495, 1.7066666666666668, 2.078185941043084, 2.4380952380952383, 2.8328344671201813, 3.2043537414965986, 3.599092970521542, 3.959002267573696, 4.342131519274377, 4.725260770975057, 5.0967800453514736, 5.479909297052155, 5.851428571428571, 6.222947845804988, 6.606077097505669, 6.965986394557823, 7.349115646258503, 7.720634920634921, 8.103764172335602, 8.475283446712018, 8.846802721088435, 9.218321995464853, 9.58984126984127, 9.961360544217687, 10.344489795918367, 10.727619047619047, 11.087528344671203, 11.470657596371883, 11.830566893424036, 12.202086167800454, 12.57360544217687, 12.945124716553288, 13.316643990929705, 13.699773242630386, 14.082902494331066, 14.454421768707483, 14.837551020408164, 15.209070294784581, 15.580589569160997, 15.952108843537415, 16.32362811791383, 16.70675736961451, 17.08988662131519, 17.449795918367347, 17.821315192743764, 18.192834467120182, 18.5643537414966, 18.935873015873018, 19.30739229024943, 19.690521541950112], "beat_labels": [1, 9, 11, 21, 6, 6, 8, 20, 14, 6, 5, 27, 10, 17, 3, 7, 14, 14, 25, 7, 6, 28, 10, 20, 5, 22, 24, 13, 13, 10, 5, 4, 4, 29, 25, 0, 0, 0, 16, 15, 18, 19, 2, 18, 18, 23, 16, 15, 15, 16, 2, 12, 26], "beat_selections": [37, 0, 42, 14, 32, 24, 5, 15, 6, 1, 22, 2, 51, 28, 8, 48, 38, 13, 40, 41, 23, 3, 25, 45, 26, 18, 52, 11, 21, 33]}