{"beat_times": [0.33668934240362813, 0.905578231292517, 1.4280272108843537, 1.9388662131519274, 2.461315192743764, 2.972154195011338, 3.5294331065759637, 4.028662131519274, 4.527891156462585, 5.061950113378685, 5.607619047619048, 6.106848072562358, 6.629297052154195, 7.151746031746032, 7.697414965986394, 8.196643990929704, 8.730702947845804, 9.253151927437642, 9.787210884353742, 10.298049886621316, 10.832108843537416, 11.331337868480725, 11.853786848072563, 12.364625850340136, 12.898684807256236, 13.40952380952381, 13.931972789115646, 14.454421768707483, 14.97687074829932, 15.499319727891157, 16.033378684807257, 16.532607709750568, 17.055056689342404, 17.57750566893424, 18.123174603174604, 18.634013605442178, 19.14485260770975, 19.667301587301587, 20.201360544217685, 20.700589569160996, 21.2346485260771, 21.745487528344672, 22.3027664399093, 22.801995464852606, 23.336054421768708, 23.83528344671202, 24.392562358276646, 24.891791383219953, 25.402630385487527, 25.925079365079366, 26.470748299319727, 26.969977324263038, 27.46920634920635, 28.003265306122447, 28.53732426303855, 29.048163265306123, 29.547392290249434, 30.06984126984127, 30.615510204081634, 31.13795918367347, 31.660408163265306, 32.182857142857145, 32.69369614512472, 33.20453514739229, 33.73859410430839, 34.28426303854875, 34.795102040816325, 35.3059410430839, 35.75873015873016, 36.19990929705215, 36.69913832199546, 37.2215873015873, 37.74403628117914, 38.254875283446715, 38.75410430839002, 39.27655328798186, 39.84544217687075, 40.35628117913832, 40.85551020408163, 41.366349206349206, 41.88879818594104, 42.42285714285714, 42.93369614512471, 43.490975056689344, 44.00181405895692, 44.52426303854875, 45.0118820861678, 45.51111111111111, 46.09160997732426, 46.76498866213152, 47.31065759637188, 47.821496598639456, 48.355555555555554, 48.8431746031746, 49.412063492063496, 49.9112925170068, 50.45696145124717, 50.944580498866216, 51.46702947845805, 51.98947845804989, 52.511927437641724, 53.0227664399093, 53.556825396825396, 54.07927437641723, 54.60172335600907, 55.12417233560091, 55.646621315192746, 56.14585034013606, 56.66829931972789, 57.17913832199547, 57.713197278911565, 58.2356462585034, 58.7697052154195, 59.292154195011335, 59.81460317460318, 60.337052154195014, 60.85950113378685, 61.33551020408163, 61.881179138322, 62.415238095238095], "beat_labels": [0, 0, 15, 15, 22, 9, 9, 4, 17, 4, 25, 9, 6, 20, 25, 4, 18, 20, 25, 20, 3, 20, 7, 7, 13, 20, 1, 9, 25, 29, 6, 17, 12, 10, 1, 20, 3, 29, 7, 7, 13, 4, 8, 20, 27, 29, 25, 2, 14, 10, 11, 4, 1, 29, 3, 2, 26, 10, 25, 20, 28, 2, 19, 9, 5, 20, 1, 9, 25, 29, 10, 9, 1, 10, 10, 9, 3, 10, 10, 17, 4, 4, 3, 9, 25, 29, 10, 7, 13, 4, 8, 10, 21, 29, 3, 29, 17, 9, 1, 9, 23, 29, 17, 17, 14, 9, 11, 4, 24, 24, 16, 4, 18, 8, 6, 10, 28, 2, 18, 17], "beat_selections": [1, 34, 61, 82, 89, 64, 114, 22, 113, 105, 49, 50, 32, 40, 104, 2, 110, 119, 16, 62, 65, 92, 4, 100, 109, 58, 56, 44, 60, 53]}