{"beat_times": [0.10448979591836735, 0.5688888888888889, 1.0216780045351475, 1.497687074829932, 1.9620861678004535, 2.449705215419501, 2.914104308390023, 3.3436734693877552, 3.7616326530612243, 4.179591836734694, 4.609160997732427, 5.073560090702948, 5.561179138321996, 6.048798185941043, 6.501587301587302, 6.9543764172335605, 7.418775510204082, 7.894784580498866, 8.394013605442177, 8.93968253968254, 9.32281179138322, 9.822040816326531, 10.286439909297052, 10.727619047619047, 11.168798185941043, 11.609977324263038, 12.085986394557823, 12.538775510204081, 12.99156462585034, 13.455963718820861, 13.931972789115646, 14.44281179138322, 14.930430839002268, 15.418049886621315, 15.85922902494331, 16.300408163265306, 16.788027210884355, 17.287256235827666, 17.77487528344671, 18.22766439909297, 18.692063492063493, 19.13324263038549, 19.56281179138322, 20.050430839002267, 20.526439909297054, 21.0140589569161, 21.490068027210885, 21.966077097505668, 22.442086167800454, 22.88326530612245, 23.289614512471655, 23.754013605442175, 24.23002267573696, 24.706031746031748, 25.135600907029477, 25.588390022675735, 26.064399092970522, 26.528798185941042, 27.00480725623583, 27.46920634920635, 27.910385487528345, 28.38639455782313, 28.827573696145123, 29.30358276643991, 29.779591836734692, 30.232380952380954, 30.67356009070295, 31.13795918367347, 31.613968253968252, 32.07836734693878, 32.53115646258503, 32.995555555555555, 33.448344671201816, 33.95918367346939, 34.42358276643991, 34.89959183673469, 35.352380952380955, 35.79356009070295, 36.26956916099773, 36.74557823129252, 37.198367346938774, 37.63954648526077, 38.12716553287982, 38.55673469387755, 39.00952380952381, 39.46231292517007, 39.92671201814059, 40.35628117913832, 40.79746031746032, 41.22702947845805, 41.66820861678004, 42.10938775510204, 42.53895691609977, 42.99174603174603, 43.456145124716556, 43.95537414965986, 44.419773242630384, 44.872562358276646, 45.360181405895695, 45.80136054421769, 46.242539682539686], "beat_labels": [14, 7, 7, 3, 23, 3, 3, 16, 16, 16, 16, 28, 14, 10, 10, 10, 10, 1, 20, 19, 22, 22, 17, 17, 17, 17, 17, 17, 17, 17, 28, 28, 4, 6, 27, 27, 19, 12, 8, 8, 8, 8, 0, 8, 8, 15, 15, 28, 2, 4, 29, 19, 12, 21, 5, 21, 21, 27, 5, 21, 21, 24, 24, 28, 18, 25, 11, 11, 10, 9, 0, 0, 0, 0, 0, 0, 0, 15, 2, 4, 9, 12, 12, 19, 19, 13, 13, 13, 13, 13, 13, 2, 26, 6, 6, 6, 6, 9, 9, 2, 14], "beat_selections": [71, 17, 78, 5, 32, 58, 94, 2, 41, 69, 13, 67, 37, 89, 12, 45, 9, 29, 64, 84, 18, 55, 20, 4, 61, 65, 92, 35, 47, 50]}