{"beat_times": [4.08671201814059, 4.446621315192743, 4.806530612244898, 5.143219954648526, 5.50312925170068, 5.839818594104308, 6.188117913832199, 6.5364172335600905, 6.873106575963718, 7.22140589569161, 7.581315192743764, 7.918004535147392, 8.289523809523809, 8.6378231292517, 8.974512471655329, 9.311201814058958, 9.647891156462585, 9.996190476190476, 10.356099773242631, 10.692789115646258, 11.04108843537415, 11.38938775510204, 11.737687074829932, 12.085986394557823, 12.411065759637188, 12.770975056689343, 13.119274376417234, 13.467573696145125, 13.827482993197279, 14.17578231292517, 14.524081632653061, 14.872380952380952, 15.220680272108844, 15.580589569160997, 15.928888888888888, 16.265578231292515, 16.61387755102041, 16.950566893424035, 17.287256235827666, 17.635555555555555, 17.98385487528345, 18.332154195011338, 18.68045351473923, 19.02875283446712, 19.388662131519276, 19.725351473922903, 20.073650793650792, 20.421950113378685, 20.758639455782312, 21.106938775510205, 21.466848072562357, 21.791927437641725], "beat_labels": [10, 26, 26, 11, 1, 1, 9, 17, 2, 21, 25, 6, 28, 0, 3, 24, 2, 19, 7, 7, 1, 1, 4, 22, 2, 0, 25, 25, 10, 10, 23, 8, 29, 18, 7, 12, 14, 14, 5, 16, 20, 27, 25, 6, 10, 28, 15, 13, 2, 18, 7, 7], "beat_selections": [25, 5, 48, 14, 22, 38, 11, 19, 31, 6, 0, 3, 35, 47, 37, 46, 39, 7, 33, 17, 40, 9, 23, 30, 15, 10, 2, 41, 45, 32]}