{"beat_times": [0.46439909297052157, 1.0448979591836736, 1.555736961451247, 2.1710657596371883, 2.8328344671201813, 3.4829931972789114, 4.121541950113379, 4.771700680272109, 5.421859410430839, 6.048798185941043, 6.6873469387755105, 7.314285714285714, 7.9412244897959186, 8.55655328798186, 9.183492063492064, 9.810430839002267, 10.437369614512471, 11.099138321995465, 11.749297052154194, 12.376235827664399, 13.014784580498866, 13.64172335600907, 14.291882086167801, 14.918820861678004, 15.568979591836735, 16.195918367346938, 16.834467120181404, 17.46140589569161, 18.088344671201813, 18.715283446712018, 19.353832199546485, 19.98077097505669, 20.619319727891156, 21.292698412698414, 21.908027210884352, 22.54657596371882, 23.196734693877552, 23.83528344671202, 24.485442176870748, 25.14721088435374, 25.808979591836735, 26.43591836734694, 27.09768707482993, 27.736235827664398, 28.38639455782313, 29.024943310657598, 29.698321995464852, 30.313650793650794, 30.83609977324263, 31.358548752834466, 32.008707482993195, 32.6356462585034, 33.28580498866213, 33.91274376417233, 34.5512925170068, 35.10857142857143, 35.66585034013605, 36.234739229024946, 36.83845804988662, 37.477006802721085, 38.138775510204084, 38.78893424036281, 39.43909297052154, 40.100861678004534, 40.71619047619048, 41.23863945578231, 41.76108843537415, 42.3415873015873, 42.93369614512471, 43.56063492063492, 44.17596371882086, 44.802902494331065, 45.42984126984127, 45.94068027210884, 46.59083900226757, 47.22938775510204, 47.809886621315194, 48.425215419501136, 49.0637641723356, 49.679092970521545, 50.329251700680274, 50.95619047619048, 51.525079365079364, 52.19845804988662, 52.75573696145125, 53.31301587301587, 53.92834467120181, 54.543673469387755, 55.29832199546485, 55.960090702947845, 56.64507936507937], "beat_labels": [13, 13, 13, 12, 22, 17, 26, 9, 21, 3, 0, 10, 12, 21, 5, 29, 13, 13, 13, 12, 2, 17, 0, 9, 21, 24, 25, 10, 12, 21, 5, 27, 24, 3, 3, 28, 18, 14, 14, 6, 6, 27, 7, 15, 19, 22, 12, 2, 1, 24, 3, 28, 18, 29, 14, 10, 0, 6, 29, 7, 15, 19, 22, 12, 2, 1, 20, 20, 23, 4, 8, 16, 4, 23, 1, 24, 8, 8, 3, 11, 1, 1, 1, 11, 20, 16, 16, 16, 8, 4, 23], "beat_selections": [56, 82, 64, 33, 89, 30, 40, 59, 88, 7, 55, 79, 46, 17, 38, 43, 85, 21, 52, 44, 84, 29, 45, 90, 49, 26, 6, 31, 51, 15]}