{"beat_times": [14.071292517006803, 14.605351473922903, 15.116190476190477, 15.62702947845805, 16.149478458049888, 16.81124716553288, 17.345306122448978, 17.856145124716555, 18.355374149659863, 18.877823129251702, 19.551201814058956, 20.06204081632653, 20.572879818594103, 21.072108843537414, 21.59455782312925, 22.244716553287983, 22.77877551020408, 23.301224489795917, 23.788843537414966, 24.33451247165533, 24.98467120181406, 25.507120181405895, 26.01795918367347, 26.528798185941042, 27.051247165532878, 27.68979591836735, 28.23546485260771, 28.723083900226758, 29.245532879818594, 29.756371882086167, 30.25560090702948, 30.778049886621314, 31.277278911564625, 31.7881179138322, 32.31056689342404, 32.833015873015874, 33.32063492063492, 33.84308390022676, 34.49324263038549, 35.015691609977324, 35.53814058956916, 36.04897959183673, 36.57142857142857, 37.23319727891157, 37.755646258503404, 38.26648526077098, 38.77732426303855, 39.29977324263039, 39.949931972789116, 40.483990929705215, 40.983219954648526, 41.50566893424036, 42.03972789115646, 42.53895691609977, 43.06140589569161, 43.549024943310656, 44.05986394557823, 44.5707029478458, 45.081541950113376, 45.569160997732425, 46.068390022675736, 46.602448979591834, 47.101678004535145, 47.62412698412698, 48.12335600907029, 48.64580498866213, 49.1566439909297, 49.66748299319728, 50.166712018140586, 50.67755102040816, 51.211609977324265, 51.72244897959184], "beat_labels": [4, 14, 8, 9, 18, 9, 26, 10, 21, 2, 10, 10, 10, 14, 3, 18, 3, 14, 17, 25, 2, 25, 0, 17, 15, 18, 2, 28, 15, 21, 25, 2, 25, 21, 0, 9, 17, 18, 16, 21, 18, 21, 3, 18, 3, 9, 21, 9, 21, 21, 24, 27, 6, 5, 7, 19, 23, 7, 20, 13, 13, 13, 11, 5, 5, 12, 12, 1, 29, 22, 22, 12], "beat_selections": [34, 67, 9, 16, 0, 53, 52, 57, 2, 3, 10, 62, 66, 61, 1, 28, 38, 23, 37, 55, 58, 33, 69, 56, 50, 32, 6, 51, 27, 68]}