{"beat_times": [0.6385487528344671, 1.1261678004535147, 1.6021768707482993, 2.078185941043084, 2.5658049886621317, 3.053424036281179, 3.541043083900227, 4.028662131519274, 4.516281179138322, 4.992290249433107, 5.468299319727891, 5.955918367346939, 6.455147392290249, 6.942766439909297, 7.418775510204082, 7.929614512471655, 8.440453514739229, 8.951292517006802, 9.438911564625851, 9.926530612244898, 10.414149659863945, 10.901768707482994, 11.400997732426303, 11.900226757369614, 12.399455782312925, 12.898684807256236, 13.421133786848072, 13.94358276643991, 14.431201814058957, 14.94204081632653, 15.429659863945579, 15.917278911564626, 16.416507936507937], "beat_labels": [2, 19, 5, 12, 28, 7, 7, 27, 6, 14, 8, 18, 9, 25, 3, 29, 10, 2, 26, 26, 0, 22, 20, 24, 11, 1, 23, 21, 15, 17, 13, 16, 4], "beat_selections": [20, 25, 17, 14, 32, 2, 8, 5, 10, 12, 16, 24, 3, 30, 9, 28, 31, 29, 11, 1, 22, 27, 21, 26, 23, 13, 19, 7, 4, 15]}