{"beat_times": [0.18575963718820862, 0.6849886621315193, 1.172607709750567, 1.6253968253968254, 2.147845804988662, 2.693514739229025, 3.297233560090703, 3.7848526077097504, 4.35374149659864, 4.841360544217687, 5.421859410430839, 5.921088435374149, 6.339047619047619, 6.873106575963718, 7.395555555555555, 7.90639455782313, 8.394013605442177, 8.893242630385487, 9.380861678004536, 9.85687074829932, 10.27482993197279, 10.80888888888889, 11.215238095238096, 11.69124716553288, 12.132426303854876, 12.585215419501134, 13.049614512471654, 13.56045351473923, 14.140952380952381, 14.640181405895692, 15.197460317460317, 15.74312925170068, 16.16108843537415, 16.66031746031746, 17.205986394557822, 17.670385487528346, 18.088344671201813, 18.494693877551022, 18.901043083900227, 19.4118820861678, 19.91111111111111, 20.352290249433107, 20.851519274376418, 21.339138321995463, 21.849977324263037, 22.3027664399093, 22.743945578231294, 23.173514739229024, 23.661133786848072, 24.19519274376417, 24.729251700680273, 25.26331065759637, 25.808979591836735, 26.273378684807255, 26.79582766439909, 27.353106575963718, 27.829115646258504, 28.35156462585034, 28.862403628117914, 29.373242630385487, 29.826031746031745, 30.278820861678003, 30.778049886621314, 31.277278911564625, 31.730068027210883, 32.275736961451244, 32.75174603174603, 33.14648526077097, 33.62249433106576, 34.07528344671202, 34.644172335600906, 35.15501133786848, 35.71229024943311, 36.29278911564626], "beat_labels": [0, 0, 0, 10, 11, 3, 0, 0, 3, 6, 26, 3, 11, 17, 11, 6, 6, 17, 19, 27, 27, 10, 17, 17, 1, 1, 24, 18, 7, 22, 29, 12, 15, 19, 19, 1, 19, 5, 4, 27, 28, 13, 2, 2, 21, 21, 15, 25, 4, 19, 19, 16, 17, 10, 4, 9, 4, 23, 8, 4, 7, 7, 0, 16, 6, 0, 11, 20, 2, 8, 0, 6, 3, 14], "beat_selections": [70, 25, 43, 11, 56, 37, 15, 28, 69, 55, 21, 12, 31, 41, 73, 46, 51, 13, 27, 33, 67, 45, 29, 57, 26, 47, 10, 20, 40, 30]}