{"beat_times": [0.2786394557823129, 0.7778684807256235, 1.2887074829931973, 1.8459863945578232, 2.2755555555555556, 2.7631746031746034, 3.2624036281179136, 3.7732426303854876, 4.260861678004535, 4.829750566893424, 5.294149659863946, 5.793378684807256, 6.362267573696145, 6.896326530612245, 7.48843537414966, 7.987664399092971, 8.417233560090702, 8.951292517006802, 9.496961451247165, 10.042630385487529, 10.518639455782314, 11.064308390022676, 11.6215873015873, 12.085986394557823, 12.550385487528345, 13.02639455782313, 13.64172335600907, 14.17578231292517, 14.698231292517006, 15.17424036281179, 15.650249433106575, 16.12625850340136, 16.718367346938777, 17.252426303854875, 17.821315192743764, 18.3437641723356, 18.889433106575964, 19.4118820861678, 19.98077097505669, 20.468390022675738, 21.002448979591836, 21.524897959183672, 22.04734693877551, 22.604625850340135, 23.127074829931974, 23.56825396825397, 24.021043083900228, 24.555102040816326, 25.14721088435374, 25.658049886621317, 26.180498866213153, 26.668117913832198, 27.155736961451247, 27.654965986394558, 28.223854875283447, 28.676643990929705, 29.164263038548754, 29.698321995464852, 30.25560090702948, 30.789659863945577, 31.312108843537416, 31.811337868480727, 32.36861678004535, 32.80979591836735, 33.23936507936508, 33.761814058956915, 34.261043083900226, 34.795102040816325, 35.31755102040816, 35.81678004535147, 36.35083900226758, 36.94294784580499, 37.46539682539682, 37.9762358276644, 38.55673469387755, 39.183673469387756, 39.70612244897959, 40.170521541950116, 40.66975056689343, 41.250249433106575, 41.66820861678004, 42.15582766439909], "beat_labels": [24, 1, 17, 11, 11, 1, 11, 1, 20, 20, 11, 20, 25, 20, 26, 5, 10, 6, 14, 3, 17, 17, 9, 3, 29, 1, 11, 29, 19, 19, 29, 9, 25, 11, 18, 4, 18, 4, 21, 11, 20, 21, 10, 0, 10, 5, 12, 23, 23, 15, 6, 12, 8, 27, 14, 2, 6, 12, 2, 7, 3, 4, 3, 5, 25, 13, 22, 28, 6, 28, 6, 6, 16, 26, 7, 29, 1, 9, 25, 25, 29, 13], "beat_selections": [43, 1, 55, 19, 61, 45, 71, 59, 52, 22, 44, 3, 57, 65, 18, 49, 72, 21, 34, 29, 13, 38, 66, 47, 0, 32, 14, 53, 67, 27]}