{"beat_times": [0.25541950113378686, 0.8243083900226758, 1.3931972789115645, 2.0085260770975055, 2.5774149659863945, 3.2043537414965986, 3.81968253968254, 4.4117913832199545, 4.96907029478458, 5.596009070294785, 6.176507936507937, 6.6525170068027215, 7.174965986394557, 7.697414965986394, 8.266303854875284, 8.858412698412698, 9.450521541950113, 9.914920634920636, 10.47219954648526, 10.994648526077098, 11.517097505668934, 12.039546485260772, 12.561995464852608, 13.096054421768708, 13.595283446712019, 14.210612244897959, 14.802721088435375, 15.464489795918368, 16.04498866213152, 16.671927437641724, 17.2756462585034, 17.832925170068027, 18.42503401360544, 18.982312925170067, 19.6324716553288, 20.154920634920636, 20.897959183673468, 21.478458049886623, 22.070566893424036, 22.732335600907028, 23.301224489795917], "beat_labels": [0, 7, 9, 15, 27, 7, 16, 15, 18, 15, 26, 4, 18, 13, 13, 13, 24, 21, 6, 1, 1, 5, 10, 12, 7, 7, 17, 19, 23, 20, 8, 29, 28, 15, 4, 2, 25, 22, 14, 11, 3], "beat_selections": [0, 19, 35, 40, 34, 21, 18, 25, 30, 2, 22, 39, 23, 15, 38, 7, 6, 26, 12, 27, 29, 17, 37, 28, 16, 36, 10, 4, 32, 31]}