{"beat_times": [0.34829931972789113, 0.8707482993197279, 1.3699773242630386, 1.9040362811791383, 2.449705215419501, 2.995374149659864, 3.517823129251701, 4.028662131519274, 4.539501133786848, 5.073560090702948, 5.607619047619048, 6.130068027210885, 6.6525170068027215, 7.163356009070295, 7.685804988662132, 8.219863945578231, 8.742312925170069, 9.276371882086167, 9.810430839002267, 10.344489795918367, 10.878548752834467, 11.412607709750567, 11.95827664399093, 12.49233560090703, 13.02639455782313, 13.572063492063492, 14.106122448979592, 14.663401360544217, 15.209070294784581, 15.754739229024944, 16.300408163265306, 16.84607709750567, 17.39174603174603, 17.925804988662133, 18.471473922902494, 19.017142857142858, 19.539591836734694, 20.06204081632653, 20.59609977324263, 21.141768707482992, 21.675827664399094, 22.186666666666667, 22.709115646258503, 23.23156462585034, 23.754013605442175, 24.264852607709752, 24.787301587301588, 25.29814058956916, 25.820589569160997, 26.31981859410431, 26.81904761904762, 27.329886621315193, 27.840725623582767, 28.35156462585034, 28.83918367346939, 29.350022675736962, 29.860861678004536, 30.37170068027211, 30.87092970521542, 31.381768707482994, 31.880997732426305, 32.38022675736961, 32.891065759637186, 33.40190476190476, 33.90113378684807, 34.411972789115644, 34.911201814058956, 35.42204081632653, 35.92126984126984, 36.432108843537414, 36.91972789115646, 37.430566893424036, 37.94140589569161, 38.45224489795918, 38.951473922902494, 39.46231292517007, 39.96154195011338, 40.47238095238095, 40.983219954648526, 41.48244897959184, 41.99328798185941, 42.504126984126984, 43.01496598639456, 43.52580498866213, 44.02503401360544, 44.535873015873015, 45.081541950113376], "beat_labels": [4, 2, 17, 0, 9, 4, 28, 6, 29, 9, 4, 2, 17, 0, 9, 4, 15, 17, 0, 9, 14, 15, 6, 29, 9, 4, 2, 12, 29, 9, 14, 28, 6, 29, 24, 4, 2, 6, 0, 26, 5, 5, 5, 23, 5, 23, 5, 22, 10, 13, 1, 7, 1, 11, 1, 25, 10, 19, 10, 22, 10, 13, 16, 20, 1, 19, 16, 7, 18, 13, 16, 20, 10, 20, 10, 22, 1, 11, 1, 7, 18, 3, 27, 3, 21, 25, 8], "beat_selections": [13, 78, 11, 81, 15, 44, 37, 79, 86, 14, 48, 77, 27, 61, 30, 21, 62, 17, 68, 57, 63, 84, 59, 45, 34, 55, 39, 82, 31, 8]}