{"beat_times": [0.40634920634920635, 1.0100680272108844, 1.6370068027210884, 2.2639455782312927, 2.8908843537414968, 3.4946031746031747, 4.1099319727891155, 4.725260770975057, 5.317369614512471, 5.88625850340136, 6.478367346938776, 7.070476190476191, 7.685804988662132, 8.243083900226758, 8.823582766439909, 9.427301587301587, 10.00780045351474, 10.588299319727891, 11.180408163265307, 11.760907029478458, 12.34140589569161, 12.910294784580499, 13.49079365079365, 14.082902494331066, 14.675011337868481, 15.232290249433106, 15.81278911564626, 16.381678004535146, 16.950566893424035, 17.531065759637187, 18.099954648526076, 18.668843537414965, 19.22612244897959, 19.82984126984127, 20.421950113378685, 21.02566893424036, 21.652607709750566, 22.244716553287983, 22.836825396825397, 23.417324263038548, 24.021043083900228, 24.57832199546485, 25.170430839002268, 25.727709750566895, 26.343038548752833, 26.90031746031746, 27.48081632653061, 28.038095238095238, 28.595374149659865, 29.15265306122449, 29.756371882086167, 30.360090702947847, 30.940589569161, 31.52108843537415, 32.08997732426304, 32.74013605442177, 33.35546485260771, 33.935963718820865, 34.49324263038549, 35.03891156462585, 35.59619047619048], "beat_labels": [27, 11, 10, 9, 27, 6, 10, 9, 11, 28, 8, 17, 16, 20, 4, 13, 15, 2, 5, 1, 14, 25, 2, 2, 12, 18, 26, 0, 19, 7, 7, 24, 11, 6, 26, 29, 11, 6, 3, 29, 11, 6, 8, 17, 16, 21, 4, 17, 23, 2, 5, 16, 14, 25, 2, 2, 11, 11, 3, 0, 22], "beat_selections": [27, 19, 49, 38, 14, 50, 5, 30, 10, 7, 2, 40, 24, 15, 52, 16, 12, 43, 25, 28, 13, 45, 60, 48, 31, 21, 26, 0, 9, 39]}