{"beat_times": [7.801904761904762, 8.266303854875284, 8.753922902494331, 9.218321995464853, 9.647891156462585, 10.08907029478458, 10.518639455782314, 10.983038548752834, 11.459047619047618, 11.935056689342403, 12.387845804988663, 12.817414965986394, 13.281814058956916, 13.781043083900228, 14.222222222222221, 14.686621315192744, 15.185850340136055, 15.74312925170068, 16.172698412698413, 16.590657596371884, 17.066666666666666, 17.4962358276644, 18.06512471655329, 18.483083900226756, 18.935873015873018, 19.458321995464853, 19.922721088435374, 20.375510204081632, 20.770249433106574, 21.176598639455783, 21.652607709750566, 22.09378684807256, 22.569795918367348, 23.010975056689343, 23.4637641723356, 23.904943310657597, 24.38095238095238, 24.810521541950113, 25.2865306122449, 25.75092970521542, 26.192108843537415, 26.668117913832198, 27.09768707482993, 27.55047619047619, 27.980045351473922, 28.45605442176871, 28.874013605442176, 29.326802721088434, 29.756371882086167, 30.220770975056688, 30.67356009070295, 31.149569160997732, 31.648798185941043, 32.182857142857145, 32.658866213151924, 33.13487528344671, 33.645714285714284, 34.12172335600907, 34.5512925170068, 34.98086167800454, 35.50331065759637, 35.97931972789116, 36.443718820861676, 36.86167800453515, 37.30285714285714, 37.82530612244898, 38.27809523809524, 38.71927437641723, 39.19528344671202, 39.787392290249436, 40.24018140589569, 40.704580498866214, 41.15736961451247, 41.56371882086168, 41.98167800453515, 42.4692970521542, 42.93369614512471, 43.36326530612245, 43.816054421768705, 44.24562358276644, 44.71002267573696, 45.348571428571425, 45.82458049886621, 46.26575963718821, 46.718548752834465, 47.13650793650794, 47.600907029478456, 48.01886621315193, 48.471655328798185, 48.912834467120184], "beat_labels": [14, 8, 8, 14, 14, 21, 14, 16, 5, 10, 25, 25, 25, 1, 13, 0, 5, 5, 0, 4, 9, 9, 0, 0, 5, 4, 13, 5, 1, 2, 24, 24, 1, 18, 0, 4, 18, 17, 28, 27, 17, 17, 1, 2, 2, 2, 12, 13, 7, 12, 12, 12, 9, 9, 5, 7, 5, 5, 7, 7, 3, 3, 3, 4, 4, 20, 20, 4, 0, 23, 6, 0, 11, 29, 22, 19, 19, 26, 19, 19, 11, 11, 11, 22, 22, 6, 11, 22, 15, 19], "beat_selections": [18, 13, 43, 62, 67, 54, 70, 48, 2, 52, 9, 72, 51, 26, 4, 88, 7, 40, 36, 75, 65, 5, 87, 69, 30, 12, 77, 39, 38, 73]}