{"beat_times": [0.18575963718820862, 0.8126984126984127, 1.4048072562358276, 1.9853061224489796, 2.5658049886621317, 3.1463038548752835, 3.7384126984126986, 4.307301587301588, 4.887800453514739, 5.468299319727891, 6.03718820861678, 6.617687074829932, 7.198185941043084, 7.767074829931973, 8.335963718820862, 8.916462585034013, 9.496961451247165, 10.065850340136054, 10.669569160997732, 11.226848072562358, 11.80734693877551, 12.387845804988663, 12.979954648526077, 13.537233560090703, 14.117732426303855, 14.698231292517006, 15.290340136054422, 15.85922902494331, 16.50938775510204, 16.99700680272109, 17.565895691609978, 18.123174603174604, 18.64562358276644, 19.17968253968254, 19.760181405895693, 20.387120181405894, 21.02566893424036, 21.59455782312925, 22.175056689342405, 22.743945578231294, 23.324444444444445, 23.904943310657597, 24.49705215419501, 25.054331065759637, 25.623219954648526, 26.203718820861678, 26.78421768707483, 27.341496598639456, 27.910385487528345, 28.43283446712018, 28.966893424036282, 29.53578231292517, 30.116281179138323, 30.812879818594105, 31.393378684807256, 31.973877551020408, 32.55437641723356, 33.12326530612245, 33.69215419501134, 34.261043083900226, 34.9924716553288, 35.66585034013605, 36.22312925170068, 36.69913832199546, 37.268027210884355, 37.8833560090703, 38.45224489795918, 39.05596371882086, 39.62485260770975, 40.12408163265306, 40.62331065759637, 41.19219954648526, 41.78430839002267, 42.353197278911566, 42.93369614512471, 43.51419501133787, 44.106303854875286, 44.651972789115646, 45.38340136054422, 45.99873015873016, 46.56761904761905, 47.159727891156464, 47.705396825396825, 48.309115646258505, 48.901224489795915, 49.47011337868481, 50.02739229024943, 50.61950113378685, 51.17678004535147, 51.78049886621315], "beat_labels": [8, 23, 23, 23, 27, 7, 7, 23, 9, 7, 7, 7, 4, 14, 24, 14, 11, 14, 19, 16, 12, 21, 13, 28, 11, 13, 6, 5, 4, 25, 5, 16, 15, 2, 5, 1, 1, 19, 4, 6, 10, 13, 1, 21, 28, 13, 4, 14, 11, 14, 26, 16, 17, 6, 26, 29, 20, 3, 3, 5, 1, 18, 9, 9, 2, 20, 5, 1, 14, 20, 4, 24, 0, 16, 24, 1, 15, 4, 14, 15, 16, 15, 5, 22, 21, 1, 5, 11, 24, 0], "beat_selections": [89, 60, 33, 57, 38, 34, 53, 5, 0, 63, 40, 16, 20, 25, 78, 76, 80, 52, 61, 37, 65, 21, 83, 3, 74, 29, 54, 4, 23, 55]}