{"beat_times": [0.034829931972789115, 0.5804988662131519, 1.1145578231292517, 1.6137868480725623, 2.078185941043084, 2.6238548752834467, 3.1695238095238096, 3.7268027210884354, 4.272471655328798, 4.818140589569161, 5.363809523809524, 5.909478458049887, 6.443537414965986, 6.989206349206349, 7.534875283446712, 8.068934240362811, 8.614603174603175, 9.137052154195011, 9.682721088435374, 10.216780045351474, 10.727619047619047, 11.284897959183674, 11.842176870748299, 12.387845804988663, 12.921904761904761, 13.479183673469388, 14.013242630385488, 14.582131519274377, 15.197460317460317, 15.801179138321995, 16.32362811791383, 16.89251700680272, 17.46140589569161, 18.018684807256236, 18.552743764172334, 19.098412698412698, 19.620861678004534, 20.131700680272107, 20.67736961451247, 21.153378684807254, 21.62938775510204, 22.11700680272109, 22.639455782312925, 23.219954648526077, 23.92816326530612, 24.49705215419501, 24.99628117913832, 25.55356009070295, 26.145668934240362, 26.78421768707483, 27.36471655328798, 27.956825396825398, 28.50249433106576, 29.024943310657598, 29.60544217687075, 30.162721088435376, 30.743219954648527, 31.30049886621315, 31.834557823129252, 32.36861678004535, 32.93750566893424, 33.47156462585034, 34.028843537414964, 34.586122448979594, 35.15501133786848, 35.71229024943311, 36.29278911564626, 36.85006802721088, 37.46539682539682, 37.9762358276644, 38.48707482993197, 39.021133786848075, 39.555192743764174, 40.07764172335601, 40.61170068027211, 41.134149659863944, 41.67981859410431, 42.22548752834467, 42.77115646258503, 43.30521541950113, 43.816054421768705, 44.35011337868481, 44.81451247165533, 45.38340136054422, 45.905850340136055, 46.439909297052154, 46.95074829931973, 47.391927437641726, 47.867936507936506, 48.529705215419504, 49.017324263038546, 49.49333333333333, 50.01578231292517, 50.52662131519274, 51.11873015873016, 51.62956916099773, 52.128798185941044, 52.65124716553288, 53.16208616780045, 53.68453514739229, 54.19537414965986, 54.694603174603174, 55.18222222222222, 55.7859410430839, 56.343219954648525, 56.91210884353742, 57.45777777777778, 58.00344671201814, 58.57233560090703, 59.16444444444444, 59.7449433106576, 60.31383219954648, 60.84789115646259, 61.381950113378686, 61.916009070294784, 62.461678004535145, 62.99573696145125, 63.52979591836735], "beat_labels": [11, 15, 11, 11, 8, 8, 13, 13, 13, 13, 13, 27, 8, 13, 13, 29, 29, 13, 13, 27, 13, 8, 13, 13, 13, 29, 8, 23, 3, 14, 3, 14, 3, 25, 0, 3, 3, 3, 3, 0, 27, 3, 14, 11, 0, 3, 3, 14, 25, 3, 8, 6, 6, 6, 6, 25, 25, 4, 4, 21, 5, 22, 26, 10, 19, 19, 15, 11, 8, 13, 13, 13, 13, 13, 8, 3, 13, 13, 13, 13, 13, 8, 8, 11, 27, 18, 15, 11, 17, 13, 9, 16, 23, 11, 13, 8, 29, 13, 8, 13, 8, 8, 13, 24, 22, 7, 2, 7, 7, 7, 2, 28, 28, 28, 20, 12, 1, 1], "beat_selections": [34, 117, 106, 32, 58, 60, 52, 105, 100, 90, 63, 0, 115, 89, 47, 86, 91, 88, 85, 64, 114, 59, 61, 27, 103, 48, 62, 19, 112, 15]}