{"beat_times": [0.615328798185941, 0.9752380952380952, 1.3235374149659864, 1.6950566893424037, 2.089795918367347, 2.4961451247165534, 2.8908843537414968, 3.2856235827664397, 3.6919727891156464, 4.0751020408163265, 4.46984126984127, 4.841360544217687, 5.2477097505668935, 5.642448979591837, 6.025578231292517, 6.42031746031746, 6.815056689342404, 7.198185941043084, 7.616145124716553, 8.010884353741497, 8.370793650793651, 8.777142857142858, 9.160272108843538, 9.566621315192744, 9.961360544217687, 10.367709750566894, 10.80888888888889, 11.19201814058957, 11.57514739229025, 11.981496598639456, 12.353015873015874, 12.770975056689343, 13.165714285714285, 13.583673469387755, 13.978412698412699, 14.384761904761906, 14.767891156462586, 15.162630385487528, 15.545759637188208, 15.952108843537415, 16.335238095238097, 16.77641723356009, 17.171156462585035, 17.554285714285715], "beat_labels": [14, 9, 9, 0, 0, 18, 20, 25, 24, 4, 4, 8, 16, 5, 19, 23, 23, 3, 26, 3, 29, 2, 2, 13, 12, 12, 22, 8, 5, 5, 19, 1, 15, 28, 3, 3, 15, 27, 7, 21, 11, 10, 17, 6], "beat_selections": [3, 31, 22, 34, 10, 13, 43, 38, 27, 2, 41, 40, 24, 23, 0, 36, 12, 42, 5, 30, 6, 39, 26, 15, 8, 7, 18, 37, 33, 20]}