{"beat_times": [1.9156462585034013, 2.3103854875283445, 2.705124716553288, 3.1346938775510202, 3.5294331065759637, 3.93578231292517, 4.35374149659864, 4.771700680272109, 5.201269841269841, 5.607619047619048, 6.013968253968254, 6.42031746031746, 6.826666666666667, 7.186575963718821, 7.558095238095238, 7.929614512471655, 8.312743764172335, 8.695873015873016, 9.09061224489796, 9.508571428571429, 9.903310657596371, 10.298049886621316, 10.704399092970522, 11.110748299319727, 11.551927437641723, 11.946666666666667, 12.34140589569161, 12.736145124716554, 13.096054421768708, 13.432743764172336, 13.827482993197279, 14.233832199546486, 14.651791383219955, 15.011700680272108, 15.406439909297053, 15.789569160997733, 16.16108843537415, 16.567437641723355, 16.92734693877551, 17.29886621315193, 17.716825396825396, 18.123174603174604, 18.517913832199547, 18.889433106575964, 19.29578231292517, 19.702131519274378, 20.09687074829932, 20.491609977324263, 20.897959183673468, 21.269478458049885, 21.640997732426303, 22.04734693877551, 22.430476190476192, 22.825215419501134, 23.219954648526077, 23.61469387755102, 23.9978231292517, 24.392562358276646, 24.787301587301588, 25.170430839002268, 25.56517006802721, 25.959909297052153, 26.36625850340136, 26.830657596371882, 27.260226757369615, 27.654965986394558, 28.0497052154195, 28.444444444444443, 28.827573696145123, 29.19909297052154, 29.593832199546487, 29.98857142857143, 30.394920634920634, 30.766439909297052, 31.207619047619048, 31.613968253968252, 32.008707482993195, 32.41505668934241, 32.79818594104309, 33.14648526077097, 33.50639455782313, 33.91274376417233, 34.319092970521545, 34.702222222222225, 35.085351473922906, 35.445260770975054, 35.81678004535147, 36.211519274376414, 36.57142857142857, 36.94294784580499, 37.32607709750567, 37.68598639455782, 38.02267573696145, 38.37097505668934, 38.77732426303855, 39.20689342403628, 39.59002267573696, 39.9847619047619, 40.379501133786846, 40.77424036281179, 41.16897959183674, 41.55210884353742, 41.900408163265304, 42.30675736961451, 42.71310657596372, 43.10784580498866, 43.502585034013606, 43.90893424036281, 44.23401360544218, 44.5707029478458, 44.965442176870745, 45.406621315192744, 45.847800453514736, 46.27736961451247, 46.672108843537416, 47.04362811791383, 47.38031746031746], "beat_labels": [10, 1, 9, 1, 9, 1, 1, 1, 1, 1, 1, 1, 1, 15, 21, 14, 14, 7, 20, 20, 20, 18, 18, 18, 18, 10, 6, 6, 17, 17, 25, 25, 25, 8, 8, 8, 8, 3, 25, 25, 28, 26, 0, 0, 19, 19, 19, 19, 12, 12, 11, 11, 11, 11, 11, 29, 23, 5, 5, 5, 5, 23, 5, 21, 21, 9, 9, 9, 9, 9, 27, 27, 27, 27, 27, 1, 15, 21, 14, 14, 7, 7, 20, 20, 20, 20, 20, 2, 2, 10, 6, 6, 17, 17, 8, 8, 8, 3, 8, 8, 3, 8, 25, 8, 28, 13, 24, 4, 22, 22, 4, 24, 13, 4, 16, 16, 22], "beat_selections": [42, 10, 88, 100, 110, 60, 91, 81, 98, 67, 89, 54, 49, 105, 15, 76, 114, 28, 24, 47, 19, 77, 108, 61, 111, 39, 41, 72, 104, 55]}