{"beat_times": [0.3831292517006803, 1.0100680272108844, 1.6253968253968254, 2.2639455782312927, 2.8676643990929707, 3.4713832199546486, 4.0751020408163265, 4.690430839002268, 5.328979591836735, 6.013968253968254, 6.675736961451247, 7.349115646258503, 7.987664399092971, 8.591383219954649, 9.148662131519274, 9.729160997732427, 10.344489795918367, 10.948208616780045, 11.54031746031746, 12.144036281179138, 12.736145124716554, 13.351473922902494, 14.013242630385488, 14.616961451247166, 15.220680272108844, 15.824399092970522, 16.4281179138322, 17.020226757369613, 17.716825396825396, 18.355374149659863, 18.970702947845805, 19.574421768707484, 20.201360544217685, 20.874739229024943, 21.536507936507938, 22.151836734693877, 22.732335600907028, 23.324444444444445, 23.91655328798186, 24.5318820861678, 25.158820861678006, 25.762539682539682, 26.308208616780046, 26.865487528344673, 27.422766439909296, 28.026485260770976, 28.61859410430839, 29.22231292517007, 29.76798185941043, 30.394920634920634, 31.010249433106576, 31.555918367346937, 32.13641723356009, 32.728526077097506, 33.28580498866213, 33.866303854875284, 34.43519274376417, 35.015691609977324, 35.561360544217685, 36.1534693877551, 36.710748299319725, 37.30285714285714, 37.92979591836735, 38.59156462585034, 39.21850340136054, 39.85705215419501, 40.47238095238095, 41.07609977324263, 41.7146485260771, 42.38802721088435, 42.98013605442177, 43.549024943310656, 44.12952380952381, 44.71002267573696, 45.26730158730159, 45.82458049886621, 46.41668934240363, 46.99718820861678, 47.600907029478456, 48.15818594104309, 48.7502947845805, 49.35401360544218, 49.957732426303856, 50.491791383219955, 51.037460317460315, 51.757278911564626, 52.2681179138322, 52.848616780045354, 53.46394557823129, 54.090884353741494, 54.74104308390023, 55.3795918367347, 56.029750566893426, 56.70312925170068, 57.34167800453515, 57.94539682539683, 58.595555555555556, 59.245714285714286], "beat_labels": [28, 28, 14, 4, 11, 3, 6, 8, 10, 10, 2, 2, 17, 1, 1, 8, 0, 26, 26, 5, 26, 20, 11, 11, 11, 19, 17, 17, 1, 21, 21, 28, 28, 4, 4, 12, 3, 6, 18, 9, 8, 12, 24, 12, 13, 13, 13, 16, 18, 18, 9, 9, 8, 0, 5, 5, 5, 5, 5, 20, 23, 23, 23, 13, 27, 27, 9, 1, 8, 12, 23, 12, 19, 22, 22, 25, 25, 25, 15, 15, 27, 27, 1, 21, 8, 29, 29, 14, 29, 5, 7, 7, 7, 7, 16, 16, 21, 21], "beat_selections": [53, 28, 11, 36, 34, 56, 6, 92, 40, 50, 9, 22, 69, 45, 87, 78, 95, 27, 38, 72, 21, 30, 74, 60, 42, 75, 20, 80, 31, 86]}