{"beat_times": [0.3599092970521542, 0.9287981859410431, 1.4628571428571429, 2.020136054421769, 2.589024943310658, 3.1230839002267574, 3.6919727891156464, 4.260861678004535, 4.794920634920635, 5.352199546485261, 5.921088435374149, 6.489977324263038, 7.035646258503402, 7.581315192743764, 8.13859410430839, 8.695873015873016, 9.229931972789116, 9.775600907029478, 10.332879818594105, 10.89015873015873, 11.435827664399094, 11.981496598639456, 12.538775510204081, 13.084444444444445, 13.595283446712019, 14.187392290249432, 14.721451247165533, 15.290340136054422, 15.789569160997733, 16.381678004535146, 16.869297052154195, 17.29886621315193, 17.728435374149658, 18.274104308390022, 18.808163265306124, 19.365442176870747, 19.887891156462587, 20.433560090702947, 20.97922902494331, 21.5481179138322, 22.11700680272109, 22.66267573696145, 23.219954648526077, 23.777233560090703, 24.322902494331064, 24.88018140589569, 25.437460317460317, 25.98312925170068, 26.540408163265305, 27.08607709750567, 27.643356009070295, 28.189024943310656, 28.723083900226758, 29.257142857142856, 29.826031746031745, 30.37170068027211, 30.928979591836736, 31.451428571428572, 32.008707482993195, 32.55437641723356, 33.08843537414966, 33.63410430839002, 34.19138321995465, 34.71383219954649, 35.247891156462586, 35.781950113378684, 36.327619047619045, 36.87328798185941, 37.40734693877551, 37.95301587301587, 38.5102947845805, 39.067573696145125, 39.59002267573696], "beat_labels": [26, 14, 6, 19, 10, 13, 12, 19, 22, 22, 17, 16, 1, 1, 1, 13, 16, 23, 7, 7, 16, 23, 25, 25, 16, 12, 12, 12, 5, 5, 8, 8, 8, 28, 28, 6, 15, 15, 2, 28, 22, 6, 21, 21, 14, 29, 0, 5, 14, 14, 2, 16, 2, 23, 2, 18, 2, 18, 27, 5, 5, 5, 5, 5, 9, 20, 9, 4, 24, 3, 3, 11, 11], "beat_selections": [46, 14, 52, 70, 67, 60, 2, 18, 32, 64, 4, 72, 26, 15, 44, 37, 51, 10, 57, 3, 65, 43, 40, 53, 68, 23, 0, 58, 33, 45]}