{"beat_times": [0.615328798185941, 1.497687074829932, 2.2291156462585033, 3.0650340136054424, 3.7964625850340137, 4.504671201814059, 5.201269841269841, 5.909478458049887, 6.640907029478458, 7.337505668934241, 8.057324263038549, 8.730702947845804, 9.438911564625851, 10.135510204081633, 10.878548752834467, 11.563537414965987, 12.271746031746032, 12.956734693877552, 13.676553287981859, 14.384761904761906, 15.069750566893424, 15.824399092970522, 16.50938775510204, 17.205986394557822, 17.914195011337867, 18.61079365079365, 19.33061224489796, 20.050430839002267, 20.74702947845805, 21.443628117913832, 22.151836734693877, 22.84843537414966, 23.56825396825397, 24.253242630385486, 24.973061224489797, 25.66965986394558, 26.377868480725624, 27.08607709750567, 27.794285714285714, 28.490884353741496, 29.210702947845807, 29.895691609977323, 30.592290249433105, 31.312108843537416, 32.04353741496599, 32.74013605442177, 33.45995464852608, 34.144943310657595, 34.853151927437644, 35.5265306122449, 36.234739229024946, 36.95455782312925, 37.67437641723356, 38.39419501133787, 39.114013605442175, 39.7990022675737, 40.437551020408165, 41.19219954648526, 41.900408163265304, 42.59700680272109, 43.316825396825394, 44.02503401360544, 44.72163265306123, 45.42984126984127, 46.14965986394558, 46.85786848072562, 47.57768707482993, 48.27428571428572, 48.959274376417234, 49.679092970521545, 50.41052154195011, 51.095510204081634, 51.79210884353741, 52.4887074829932, 53.231746031746034, 53.893514739229026, 54.60172335600907, 55.32154195011338, 56.029750566893426, 56.73795918367347, 57.446167800453516, 58.142766439909295, 58.85097505668934, 59.559183673469384, 60.279002267573695, 60.97560090702948, 61.695419501133784, 62.368798185941046, 63.065396825396824, 63.65750566893424, 64.48181405895691], "beat_labels": [22, 3, 3, 3, 3, 1, 3, 3, 3, 26, 3, 5, 5, 1, 14, 2, 23, 18, 14, 4, 29, 29, 25, 25, 25, 29, 5, 5, 5, 5, 23, 14, 2, 2, 6, 12, 0, 1, 7, 13, 7, 20, 11, 24, 18, 23, 11, 11, 2, 11, 27, 14, 4, 13, 15, 2, 14, 10, 1, 5, 26, 5, 1, 1, 1, 14, 10, 16, 0, 21, 9, 9, 28, 13, 8, 2, 17, 21, 13, 11, 21, 19, 19, 18, 18, 18, 1, 2, 19, 13, 14], "beat_selections": [68, 64, 15, 3, 52, 61, 34, 38, 74, 71, 57, 46, 35, 53, 65, 54, 67, 76, 83, 88, 41, 80, 0, 16, 43, 24, 60, 50, 72, 20]}