{"beat_times": [0.19736961451247165, 0.592108843537415, 0.9868480725623583, 1.3699773242630386, 1.7414965986394557, 2.124625850340136, 2.48453514739229, 2.8560544217687074, 3.215963718820862, 3.5874829931972787, 3.9706122448979593, 4.342131519274377, 4.725260770975057, 5.0967800453514736, 5.479909297052155, 5.851428571428571, 6.222947845804988, 6.582857142857143, 6.942766439909297, 7.302675736961452, 7.6741950113378685, 8.034104308390022, 8.417233560090702, 8.811972789115647, 9.183492063492064, 9.55501133786848, 9.93814058956916, 10.298049886621316, 10.669569160997732, 11.052698412698414, 11.400997732426303, 11.760907029478458, 12.132426303854876, 12.49233560090703], "beat_labels": [0, 20, 25, 10, 29, 9, 9, 19, 6, 6, 12, 8, 15, 26, 13, 16, 7, 3, 14, 22, 18, 1, 17, 27, 5, 21, 4, 4, 24, 2, 2, 23, 28, 11], "beat_selections": [0, 21, 29, 17, 27, 24, 8, 16, 11, 5, 3, 33, 10, 14, 18, 12, 15, 22, 20, 7, 1, 25, 19, 31, 28, 2, 13, 23, 32, 4]}