{"beat_times": [0.4295691609977324, 1.18421768707483, 1.9040362811791383, 2.6006349206349206, 3.308843537414966, 4.028662131519274, 4.73687074829932, 5.456689342403628, 6.164897959183674, 6.896326530612245, 7.604535147392291, 8.324353741496598, 9.032562358276644, 9.763990929705216, 10.460589569160998, 11.180408163265307, 11.865396825396825, 12.585215419501134, 13.293424036281179, 14.013242630385488, 14.721451247165533, 15.452879818594104, 16.16108843537415, 16.869297052154195, 17.57750566893424, 18.297324263038547, 18.99392290249433, 19.690521541950112, 20.387120181405894, 21.095328798185943, 21.803537414965987, 22.511746031746032, 23.219954648526077, 23.92816326530612, 24.61315192743764, 25.309750566893424, 26.01795918367347, 26.726167800453513, 27.422766439909296, 28.11936507936508, 28.827573696145123, 29.547392290249434, 30.25560090702948, 30.963809523809523, 31.660408163265306, 32.38022675736961, 33.08843537414966, 33.7966439909297, 34.50485260770975, 35.22467120181406, 35.9328798185941, 36.62947845804989, 37.33768707482993, 38.04589569160998, 38.75410430839002, 39.47392290249433, 40.170521541950116, 40.87873015873016, 41.57532879818594, 42.283537414965984, 42.98013605442177, 43.68834467120181, 44.3849433106576, 45.09315192743764, 45.789750566893424, 46.509569160997735, 47.206167800453514, 47.925986394557825, 48.6225850340136, 49.33079365079365, 50.02739229024943, 50.73560090702948, 51.43219954648526, 52.15201814058957, 52.848616780045354, 53.56843537414966, 54.276643990929706, 54.99646258503402, 55.68145124716553, 56.401269841269844, 57.08625850340136, 57.80607709750567, 58.50267573696145, 59.2108843537415, 59.91909297052154, 60.615691609977326, 61.30068027210884, 62.00888888888889, 62.70548752834467, 63.41369614512472, 64.1102947845805, 64.80689342403628, 65.51510204081633, 66.22331065759637, 66.91990929705216, 67.63972789115647, 68.32471655328798, 69.0445351473923, 69.75274376417234, 70.46095238095238, 71.16916099773243, 71.87736961451247, 72.59718820861679, 73.29378684807256, 74.00199546485261, 74.69859410430838, 75.39519274376417, 76.10340136054421, 76.8, 77.53142857142858, 78.23963718820862, 78.94784580498866, 79.64444444444445, 80.36426303854876, 81.06086167800453, 81.79229024943311, 82.4888888888889, 83.20870748299319, 83.91691609977325, 84.62512471655329, 85.33333333333333, 86.04154195011338, 86.73814058956916, 87.44634920634921, 88.14294784580498], "beat_labels": [16, 9, 9, 23, 2, 9, 23, 20, 27, 19, 1, 21, 6, 19, 25, 19, 13, 19, 14, 18, 6, 12, 1, 14, 5, 5, 17, 18, 4, 19, 14, 14, 4, 5, 11, 17, 3, 18, 12, 26, 11, 28, 22, 23, 10, 17, 13, 25, 8, 7, 7, 2, 16, 16, 16, 24, 2, 24, 2, 2, 24, 16, 13, 15, 25, 5, 17, 27, 29, 13, 13, 25, 8, 17, 3, 25, 24, 16, 5, 5, 11, 5, 6, 5, 5, 7, 15, 5, 17, 11, 6, 5, 5, 25, 5, 28, 22, 27, 0, 6, 13, 8, 8, 29, 29, 24, 16, 27, 6, 10, 0, 15, 15, 15, 3, 15, 6, 10, 22, 15, 0, 11, 6, 15, 6], "beat_selections": [120, 10, 4, 36, 28, 25, 82, 49, 101, 2, 109, 34, 38, 69, 30, 111, 77, 88, 27, 13, 7, 11, 96, 43, 105, 14, 39, 97, 41, 104]}