{"beat_times": [15.418049886621315, 16.01015873015873, 16.637097505668933, 17.264036281179138, 17.867755102040817, 18.42503401360544, 18.901043083900227, 19.37705215419501, 19.934331065759636, 20.39873015873016, 20.886349206349205, 21.43201814058957, 22.00090702947846, 22.569795918367348, 23.127074829931974, 23.684353741496597, 24.253242630385486, 24.822131519274375, 25.379410430839002, 25.855419501133788, 26.343038548752833, 26.888707482993198, 27.46920634920635, 28.0497052154195, 28.572154195011336, 29.15265306122449, 29.733151927437643, 30.26721088435374, 30.789659863945577, 31.312108843537416, 31.811337868480727, 32.33378684807256, 32.891065759637186, 33.378684807256235, 33.84308390022676, 34.40036281179138, 34.95764172335601, 35.42204081632653, 35.898049886621315, 36.36244897959184, 36.83845804988662, 37.39573696145125, 37.964625850340134, 38.44063492063492, 38.905034013605444, 39.47392290249433, 40.03120181405896, 40.600090702947846, 41.2734693877551, 41.900408163265304, 42.4692970521542, 43.03818594104308, 43.58385487528345, 44.106303854875286, 44.66358276643991, 45.22086167800453, 45.75492063492064, 46.26575963718821, 46.79981859410431, 47.35709750566893, 47.91437641723356, 48.49487528344671, 49.05215419501134, 49.60943310657596, 50.29442176870748, 50.921360544217684, 51.478639455782314, 52.0475283446712, 52.61641723356009, 53.37106575963719, 53.91673469387755, 54.497233560090706, 55.06612244897959, 55.61179138321995, 56.296780045351476, 56.92371882086168, 57.39972789115646, 57.875736961451246, 58.433015873015876, 58.9902947845805, 59.466303854875285, 59.9307029478458, 60.499591836734695, 61.05687074829932, 61.62575963718821, 62.368798185941046, 62.93768707482993, 63.506575963718824, 64.06385487528345, 64.62113378684808, 65.20163265306122], "beat_labels": [0, 21, 0, 13, 14, 12, 12, 12, 10, 19, 19, 1, 13, 24, 24, 0, 18, 6, 6, 6, 6, 14, 24, 9, 24, 21, 21, 13, 13, 13, 1, 28, 14, 10, 3, 28, 3, 26, 26, 17, 17, 5, 5, 19, 19, 4, 1, 10, 5, 5, 1, 19, 1, 1, 19, 1, 1, 10, 1, 29, 21, 29, 4, 4, 4, 19, 4, 10, 10, 10, 14, 15, 15, 15, 15, 27, 11, 11, 23, 8, 8, 25, 22, 20, 7, 7, 2, 7, 2, 16, 16], "beat_selections": [0, 46, 86, 36, 66, 48, 18, 84, 79, 23, 57, 77, 5, 28, 32, 71, 89, 39, 16, 65, 83, 1, 82, 78, 13, 81, 38, 75, 31, 59]}