{"beat_times": [0.25541950113378686, 0.9520181405895691, 1.6950566893424037, 2.403265306122449, 3.1695238095238096, 3.81968253968254, 4.458231292517007, 5.061950113378685, 5.758548752834467, 6.559637188208617, 7.349115646258503, 8.115374149659864, 8.70748299319728, 9.404081632653062, 10.158730158730158, 10.820498866213152, 11.551927437641723, 12.283356009070294, 13.061224489795919, 13.699773242630386, 14.396371882086168, 15.104580498866213, 15.731519274376417, 16.381678004535146, 17.240816326530613, 17.972244897959182, 18.668843537414965, 19.37705215419501, 20.027210884353742, 20.74702947845805, 21.490068027210885, 22.11700680272109, 22.755555555555556, 23.38249433106576, 24.009433106575965, 24.60154195011338, 25.193650793650793, 25.878639455782313, 26.62167800453515, 27.341496598639456, 28.107755102040816, 28.83918367346939, 29.489342403628118, 30.162721088435376, 30.87092970521542, 31.579138321995465, 32.287346938775514, 33.0768253968254, 33.877913832199546, 34.57451247165533, 35.28272108843537, 35.99092970521542, 36.69913832199546, 37.268027210884355], "beat_labels": [24, 0, 0, 0, 25, 28, 6, 13, 13, 7, 3, 13, 3, 6, 7, 13, 12, 15, 6, 6, 7, 4, 14, 7, 19, 4, 26, 10, 17, 21, 3, 18, 1, 1, 29, 1, 29, 5, 9, 9, 23, 11, 2, 27, 1, 8, 22, 1, 20, 1, 1, 1, 16, 1], "beat_selections": [2, 47, 42, 30, 25, 37, 19, 14, 45, 39, 27, 41, 16, 8, 22, 17, 52, 28, 31, 24, 48, 29, 46, 40, 0, 4, 26, 43, 5, 34]}