{"beat_times": [0.1509297052154195, 0.8475283446712019, 1.4164172335600906, 1.9853061224489796, 2.5425850340136056, 3.1230839002267574, 3.7035827664399092, 4.260861678004535, 4.829750566893424, 5.3986394557823125, 5.9675283446712015, 6.5364172335600905, 7.093696145124716, 7.6741950113378685, 8.231473922902495, 8.78875283446712, 9.357641723356009, 9.926530612244898, 10.50702947845805, 11.075918367346938, 11.633197278911565, 12.202086167800454, 12.770975056689343, 13.328253968253968, 13.897142857142857, 14.466031746031746, 15.058140589569161, 15.62702947845805, 16.184308390022675, 16.741587301587302, 17.29886621315193, 17.867755102040817, 18.436643990929706, 19.005532879818595, 19.586031746031747, 20.143310657596373, 20.712199546485262, 21.28108843537415, 21.861587301587303, 22.418866213151926, 22.987755102040815, 23.556643990929704, 24.125532879818593, 24.68281179138322, 25.25170068027211, 25.820589569160997, 26.40108843537415, 26.958367346938775, 27.527256235827664, 28.096145124716553, 28.676643990929705, 29.245532879818594, 29.80281179138322, 30.383310657596372, 30.95219954648526, 31.509478458049887, 32.07836734693878, 32.658866213151924, 33.22775510204082, 33.7966439909297, 34.35392290249433, 34.93442176870748, 35.49170068027211, 36.060589569160996, 36.62947845804989, 37.198367346938774, 37.767256235827666, 38.33614512471655, 38.89342403628118, 39.46231292517007, 40.03120181405896, 40.600090702947846, 41.15736961451247, 41.72625850340136, 42.30675736961451, 42.8756462585034, 43.432925170068025, 44.01342403628118, 44.5707029478458, 45.12798185941043, 45.69687074829932, 46.26575963718821, 46.84625850340136, 47.42675736961451, 47.972426303854874, 48.54131519274377, 49.11020408163265, 49.69070294784581, 50.23637188208617, 50.828480725623585, 51.38575963718821, 51.9546485260771, 52.511927437641724, 53.06920634920635, 53.63809523809524, 54.21859410430839, 54.77587301587302, 55.3447619047619, 55.913650793650795, 56.48253968253968, 57.03981859410431, 57.62031746031746, 58.18920634920635, 58.75809523809524, 59.32698412698413, 59.90748299319728, 60.47637188208617, 61.045260770975055, 61.602539682539685, 62.18303854875283, 62.74031746031746, 63.32081632653061, 63.87809523809524], "beat_labels": [4, 4, 4, 5, 3, 12, 4, 5, 3, 24, 4, 12, 3, 5, 4, 5, 13, 25, 0, 9, 21, 17, 4, 24, 10, 25, 25, 17, 21, 2, 4, 7, 11, 23, 29, 28, 0, 19, 29, 16, 20, 27, 27, 19, 14, 8, 4, 24, 10, 6, 9, 18, 11, 7, 13, 5, 10, 6, 22, 18, 11, 18, 4, 2, 10, 0, 29, 28, 29, 9, 27, 15, 20, 3, 22, 9, 8, 9, 22, 14, 22, 8, 14, 8, 8, 8, 22, 22, 14, 26, 1, 26, 1, 19, 1, 19, 8, 8, 14, 8, 1, 8, 22, 1, 1, 19, 1, 19, 1, 26, 8, 26, 8], "beat_selections": [65, 94, 29, 4, 30, 55, 49, 53, 45, 50, 48, 32, 5, 54, 88, 71, 39, 21, 59, 93, 40, 28, 86, 33, 23, 17, 89, 42, 67, 38]}