{"beat_times": [0.09287981859410431, 0.5572789115646258, 1.0100680272108844, 1.486077097505669, 1.9388662131519274, 2.403265306122449, 2.8676643990929707, 3.332063492063492, 3.7500226757369615, 4.191201814058957, 4.6439909297052155, 5.108390022675737, 5.584399092970521, 6.048798185941043, 6.524807256235827, 7.000816326530612, 7.500045351473923, 8.010884353741497, 8.498503401360544, 8.997732426303855, 9.392471655328798, 9.810430839002267, 10.24, 10.669569160997732, 11.099138321995465, 11.528707482993198, 11.935056689342403, 12.364625850340136, 12.794195011337868, 13.188934240362812, 13.757823129251701, 14.222222222222221, 14.675011337868481, 15.139410430839002, 15.580589569160997, 16.068208616780044, 16.555827664399093, 17.04344671201814, 17.542675736961453, 18.04190476190476, 18.52952380952381, 18.99392290249433, 19.469931972789116, 20.003990929705214, 20.468390022675738, 20.94439909297052, 21.43201814058957, 21.91963718820862, 22.407256235827663], "beat_labels": [12, 28, 20, 17, 20, 6, 23, 10, 16, 11, 17, 17, 17, 14, 7, 23, 3, 3, 9, 19, 21, 21, 2, 1, 15, 18, 18, 11, 11, 15, 5, 25, 25, 29, 4, 4, 27, 22, 24, 27, 26, 16, 16, 0, 0, 8, 8, 4, 13], "beat_selections": [44, 23, 22, 16, 47, 30, 5, 14, 46, 18, 7, 9, 0, 48, 13, 24, 8, 3, 26, 19, 2, 20, 37, 6, 38, 32, 40, 36, 1, 33]}