{"beat_times": [0.058049886621315196, 0.7662585034013606, 1.5905668934240362, 2.2407256235827666, 2.8560544217687074, 3.5874829931972787, 4.2260317460317465, 4.864580498866213, 5.537959183673469, 6.222947845804988, 6.791836734693877, 7.465215419501134, 8.092154195011338, 8.70748299319728, 9.404081632653062, 10.08907029478458, 10.704399092970522, 11.354557823129252, 11.993106575963719, 12.60843537414966, 13.386303854875283, 14.048072562358277, 14.733061224489797, 15.394829931972788, 16.056598639455782, 16.834467120181404, 17.542675736961453, 18.123174603174604, 18.889433106575964, 19.586031746031747], "beat_labels": [14, 19, 23, 17, 29, 7, 18, 2, 16, 10, 12, 21, 0, 28, 9, 26, 11, 20, 13, 25, 1, 5, 27, 6, 15, 24, 3, 8, 22, 4], "beat_selections": [12, 20, 7, 26, 29, 21, 23, 5, 27, 14, 9, 16, 10, 18, 0, 24, 8, 3, 6, 1, 17, 11, 28, 2, 25, 19, 15, 22, 13, 4]}