{"beat_times": [0.626938775510204, 1.0681179138321995, 1.509297052154195, 1.9272562358276644, 2.3568253968253967, 2.786394557823129, 3.215963718820862, 3.6687528344671203, 4.0751020408163265, 4.504671201814059, 4.922630385487528, 5.340589569160998, 5.735328798185941, 6.164897959183674, 6.559637188208617, 6.989206349206349, 7.395555555555555, 7.801904761904762, 8.231473922902495, 8.6378231292517, 9.05578231292517, 9.47374149659864, 9.868480725623582, 10.27482993197279, 10.692789115646258, 11.099138321995465, 11.505487528344672, 11.911836734693878, 12.318185941043083, 12.72453514739229, 13.154104308390023, 13.56045351473923, 13.978412698412699, 14.384761904761906, 14.79111111111111, 15.185850340136055, 15.603809523809524, 16.021768707482995, 16.439727891156462, 16.857687074829933, 17.264036281179138, 17.65877551020408, 18.088344671201813, 18.494693877551022, 18.901043083900227, 19.30739229024943, 19.71374149659864, 20.108480725623583, 20.538049886621316, 20.956009070294783, 21.36235827664399, 21.78031746031746, 22.221496598639455, 22.593015873015872, 23.010975056689343, 23.394104308390023, 23.788843537414966, 24.18358276643991, 24.57832199546485, 25.019501133786846, 25.460680272108842, 25.855419501133788, 26.25015873015873, 26.679727891156464, 27.074467120181406, 27.46920634920635, 27.88716553287982, 28.2702947845805, 28.665034013605442, 29.071383219954647, 29.489342403628118, 29.88408163265306, 30.29043083900227, 30.696780045351474, 31.10312925170068, 31.52108843537415, 31.915827664399092, 32.33378684807256, 32.728526077097506, 33.14648526077097, 33.56444444444445, 33.99401360544218, 34.40036281179138, 34.795102040816325, 35.20145124716553, 35.619410430839004, 36.014149659863946, 36.40888888888889, 36.80362811791383, 37.209977324263036, 37.60471655328798, 37.99945578231293, 38.42902494331066, 38.85859410430839, 39.25333333333333, 39.63646258503401, 40.03120181405896, 40.46077097505669, 40.925170068027214, 41.366349206349206, 41.807528344671205, 42.2487074829932, 42.689886621315196, 43.10784580498866, 43.51419501133787, 43.90893424036281, 44.35011337868481, 44.802902494331065, 45.2324716553288, 45.638820861678006, 46.03356009070295, 46.439909297052154, 46.85786848072562, 47.34548752834467, 47.83310657596372, 48.28589569160998, 48.70385487528345, 49.179863945578234, 49.574603174603176, 49.96934240362812, 50.3524716553288, 50.758820861678004, 51.16517006802721, 51.57151927437642, 51.977868480725625], "beat_labels": [10, 15, 15, 15, 15, 15, 14, 3, 6, 8, 8, 22, 22, 22, 8, 8, 8, 20, 8, 8, 8, 10, 22, 22, 1, 1, 1, 1, 1, 1, 1, 22, 22, 22, 22, 17, 0, 21, 21, 21, 21, 10, 21, 0, 23, 10, 10, 0, 23, 10, 10, 10, 27, 25, 25, 7, 2, 19, 19, 20, 13, 13, 13, 5, 5, 13, 13, 13, 5, 6, 6, 11, 11, 11, 11, 11, 18, 3, 3, 20, 16, 16, 2, 2, 2, 2, 2, 2, 12, 12, 12, 26, 26, 26, 26, 29, 9, 7, 9, 9, 29, 28, 28, 28, 4, 4, 4, 4, 4, 4, 4, 12, 12, 2, 24, 24, 7, 7, 7, 17, 17, 12, 2, 2, 2], "beat_selections": [47, 29, 124, 7, 110, 68, 8, 116, 19, 96, 41, 73, 88, 66, 6, 5, 80, 119, 76, 57, 59, 42, 23, 44, 115, 53, 92, 52, 101, 95]}