{"beat_times": [0.46439909297052157, 1.0448979591836736, 1.6486167800453515, 2.2987755102040817, 2.9605442176870747, 3.610702947845805, 4.260861678004535, 4.911020408163266, 5.572789115646258, 6.2345578231292516, 6.896326530612245, 7.546485260770975, 8.208253968253969, 8.870022675736962, 9.496961451247165, 10.158730158730158, 10.80888888888889, 11.470657596371883, 12.120816326530612, 12.782585034013605, 13.432743764172336, 14.082902494331066, 14.733061224489797, 15.383219954648526, 16.033378684807257, 16.683537414965986, 17.345306122448978, 18.007074829931973, 18.668843537414965, 19.272562358276645, 19.957551020408165, 20.64253968253968, 21.304308390022676, 21.966077097505668, 22.627845804988663, 23.301224489795917, 23.95138321995465, 24.61315192743764, 25.274920634920633, 25.94829931972789, 26.59845804988662, 27.271836734693878, 27.921995464852607, 28.583764172335602, 29.245532879818594, 29.90730158730159, 30.56907029478458, 31.21922902494331, 31.880997732426305, 32.5427664399093, 33.19292517006803, 33.85469387755102, 34.51646258503401, 35.178231292517005, 35.84, 36.501768707482995, 37.17514739229025, 37.83691609977324, 38.48707482993197, 39.14884353741497, 39.787392290249436, 40.29823129251701, 40.94839002267574, 41.61015873015873, 42.2487074829932, 42.92208616780045, 43.57224489795918, 44.22240362811792, 44.872562358276646, 45.522721088435375, 46.18448979591837, 46.84625850340136, 47.49641723356009, 48.15818594104309, 48.808344671201816, 49.458503401360545, 50.108662131519274, 50.770430839002266, 51.594739229024945, 52.2681179138322, 52.906666666666666, 53.58004535147392, 54.24181405895692, 54.90358276643991, 55.5653514739229, 56.227120181405894, 56.888888888888886, 57.550657596371884, 58.200816326530614, 58.862585034013605, 59.50113378684807, 60.162902494331064, 60.81306122448979, 61.30068027210884], "beat_labels": [4, 14, 11, 14, 0, 0, 0, 12, 17, 28, 0, 16, 16, 16, 10, 10, 4, 14, 11, 11, 0, 0, 0, 12, 17, 11, 16, 25, 10, 28, 23, 8, 26, 26, 1, 26, 13, 18, 28, 8, 1, 2, 0, 10, 11, 7, 24, 9, 24, 2, 21, 3, 10, 3, 9, 11, 11, 9, 1, 2, 16, 19, 10, 2, 7, 5, 3, 3, 9, 27, 20, 15, 7, 5, 9, 10, 13, 27, 23, 9, 28, 8, 22, 20, 29, 13, 23, 8, 6, 8, 16, 11, 15, 3], "beat_selections": [10, 40, 49, 51, 0, 65, 88, 64, 81, 74, 28, 18, 23, 76, 17, 71, 12, 24, 37, 61, 70, 50, 82, 78, 48, 27, 35, 77, 38, 84]}