{"beat_times": [0.47600907029478456, 0.9868480725623583, 1.474467120181406, 1.9969160997732427, 2.4961451247165534, 2.995374149659864, 3.4946031746031747, 4.005442176870749, 4.504671201814059, 5.015510204081632, 5.5147392290249435, 6.025578231292517, 6.524807256235827, 7.024036281179138, 7.534875283446712, 8.034104308390022, 8.544943310657596, 9.044172335600907, 9.543401360544218, 10.065850340136054, 10.553469387755102, 11.052698412698414, 11.563537414965987, 12.062766439909296, 12.57360544217687, 13.084444444444445, 13.572063492063492, 14.094512471655328, 14.59374149659864, 15.09297052154195, 15.603809523809524, 16.103038548752835, 16.61387755102041, 17.11310657596372, 17.61233560090703, 18.123174603174604, 18.634013605442178, 19.13324263038549, 19.644081632653062, 20.131700680272107, 20.64253968253968, 21.141768707482992, 21.62938775510204, 22.151836734693877, 22.66267573696145, 23.16190476190476, 23.661133786848072, 24.171972789115646, 24.671201814058957, 25.18204081632653, 25.68126984126984, 26.192108843537415, 26.691337868480726, 27.190566893424037, 27.70140589569161, 28.200634920634922, 28.723083900226758, 29.23392290249433, 29.733151927437643, 30.25560090702948, 30.766439909297052, 31.277278911564625, 31.7881179138322, 32.287346938775514, 32.79818594104309, 33.30902494331066, 33.80825396825397, 34.319092970521545, 34.82993197278912, 35.32916099773242, 35.84, 36.35083900226758, 36.86167800453515, 37.36090702947846, 37.860136054421766, 38.37097505668934, 38.88181405895691, 39.381043083900224, 39.90349206349207, 40.40272108843537, 40.91356009070295, 41.424399092970525, 41.92362811791383, 42.44607709750567, 42.956916099773245, 43.456145124716556, 43.96698412698413, 44.4778231292517, 44.98866213151928, 45.48789115646259, 45.9871201814059, 46.509569160997735, 47.008798185941046, 47.50802721088435, 48.01886621315193, 48.529705215419504, 49.04054421768708, 49.53977324263039, 50.03900226757369, 50.561451247165536, 51.06068027210885, 51.57151927437642, 52.082358276643994, 52.59319727891157, 53.10403628117914, 53.614875283446715, 54.12571428571429, 54.6249433106576, 55.12417233560091, 55.623401360544214, 56.122630385487525, 56.6334693877551, 57.14430839002267], "beat_labels": [20, 12, 7, 7, 12, 7, 0, 0, 7, 1, 3, 5, 5, 3, 3, 5, 16, 8, 8, 8, 0, 14, 24, 7, 18, 17, 29, 2, 19, 22, 0, 11, 19, 12, 29, 7, 26, 18, 18, 29, 1, 17, 12, 0, 5, 24, 0, 27, 7, 17, 22, 22, 12, 19, 7, 6, 18, 0, 19, 4, 4, 4, 4, 28, 21, 7, 5, 18, 17, 26, 19, 1, 24, 7, 23, 27, 27, 6, 0, 9, 19, 9, 9, 18, 17, 0, 22, 5, 22, 0, 17, 24, 6, 22, 22, 17, 6, 6, 25, 22, 25, 9, 4, 4, 13, 15, 15, 16, 19, 10, 10, 19, 1], "beat_selections": [57, 112, 27, 14, 103, 44, 55, 5, 18, 81, 109, 31, 33, 104, 21, 106, 16, 49, 24, 32, 0, 64, 99, 74, 91, 100, 36, 47, 63, 39]}