{"beat_times": [0.22058956916099773, 1.0565079365079366, 1.811156462585034, 2.589024943310658, 3.355283446712018, 4.144761904761904, 4.922630385487528, 5.746938775510204, 6.698956916099773, 7.523265306122449, 8.289523809523809, 9.05578231292517, 9.93814058956916, 10.762448979591836, 11.586757369614512, 12.411065759637188, 13.223764172335601, 14.036462585034014, 14.849160997732426, 15.673469387755102, 16.474557823129253, 17.217596371882085, 18.030294784580498, 18.84299319727891, 19.574421768707484, 20.456780045351476, 21.408798185941045, 22.186666666666667, 22.941315192743765, 23.684353741496597, 24.439002267573695, 25.193650793650793, 25.93668934240363, 26.668117913832198, 27.376326530612246, 28.11936507936508, 28.92045351473923, 29.72154195011338, 30.522630385487528, 31.265668934240363, 32.02031746031746, 32.80979591836735, 33.599274376417235, 34.38875283446712, 35.178231292517005, 35.9677097505669, 36.73396825396826, 37.52344671201814, 38.31292517006803, 39.067573696145125, 39.82222222222222, 40.58848072562358, 41.37795918367347, 42.16743764172335, 42.93369614512471, 43.699954648526074, 44.4778231292517, 45.20925170068027, 45.96390022675737, 46.718548752834465, 47.49641723356009, 48.27428571428572, 49.1566439909297, 49.98095238095238, 50.74721088435374, 51.525079365079364, 52.38421768707483, 53.2433560090703, 53.97478458049886, 54.72943310657596, 55.48408163265306, 56.343219954648525, 57.272018140589566, 58.18920634920635, 59.00190476190476, 59.81460317460318, 60.62730158730159, 61.45160997732426, 62.27591836734694, 63.10022675736961, 63.901315192743766, 64.63274376417233, 65.39900226757369, 66.17687074829932, 66.93151927437641, 67.69777777777777, 68.48725623582766, 69.27673469387756, 70.01977324263038, 70.75120181405896, 71.4942403628118, 72.24888888888889, 72.99192743764172, 73.74657596371883, 74.46639455782314, 75.18621315192743, 75.89442176870749, 76.8, 77.54303854875283, 78.28607709750567, 79.0291156462585, 79.7837641723356, 80.55002267573695, 81.30467120181406, 82.03609977324263, 82.7675283446712, 83.5221768707483, 84.2768253968254], "beat_labels": [5, 5, 25, 17, 27, 17, 17, 25, 3, 29, 11, 9, 8, 13, 18, 3, 7, 7, 7, 11, 1, 28, 4, 12, 29, 11, 11, 17, 25, 18, 20, 18, 20, 1, 14, 18, 19, 26, 19, 26, 26, 26, 26, 3, 1, 10, 22, 24, 15, 4, 16, 21, 1, 1, 5, 0, 29, 1, 9, 2, 16, 6, 25, 29, 16, 23, 25, 11, 1, 2, 12, 12, 29, 11, 13, 3, 18, 3, 7, 3, 13, 0, 5, 13, 3, 13, 5, 5, 13, 0, 5, 13, 3, 13, 5, 5, 13, 0, 5, 13, 3, 13, 3, 9, 18, 9, 11, 21], "beat_selections": [81, 53, 59, 8, 22, 94, 61, 18, 12, 103, 45, 10, 23, 83, 34, 48, 60, 5, 35, 36, 32, 51, 46, 65, 47, 62, 42, 4, 21, 63]}