{"beat_times": [0.22058956916099773, 0.9404081632653061, 1.6602267573696146, 2.403265306122449, 3.1230839002267574, 3.7964625850340137, 4.516281179138322, 5.224489795918367, 5.944308390022676, 6.6525170068027215, 7.349115646258503, 8.034104308390022, 8.78875283446712, 9.543401360544218, 10.298049886621316, 11.04108843537415, 11.784126984126985, 12.49233560090703, 13.212154195011339, 13.908752834467121, 14.605351473922903, 15.348390022675737, 16.068208616780044, 16.77641723356009, 17.4962358276644, 18.204444444444444, 18.91265306122449, 19.620861678004534, 20.352290249433107, 21.083718820861677, 21.768707482993197, 22.558185941043085, 23.324444444444445, 24.044263038548753, 24.76408163265306, 25.495510204081633, 26.23854875283447, 26.946757369614513, 27.654965986394558, 28.374784580498865, 29.106213151927438, 29.826031746031745, 30.545850340136056, 31.265668934240363, 31.962267573696145, 32.670476190476194, 33.378684807256235, 34.08689342403628, 34.84154195011338, 35.64263038548753, 36.42049886621315, 37.18675736961451, 37.98784580498866, 38.78893424036281, 39.60163265306122, 40.36789115646258, 41.134149659863944, 41.88879818594104, 42.64344671201814, 43.42131519274376, 44.199183673469385, 44.95383219954648, 45.69687074829932, 46.4863492063492, 47.217777777777776, 47.94920634920635, 48.68063492063492, 49.42367346938776, 50.178321995464856, 50.921360544217684, 51.67600907029478, 52.407437641723355, 53.15047619047619, 53.893514739229026, 54.60172335600907, 55.356371882086165, 56.08780045351474, 56.80761904761905, 57.52743764172335, 58.18920634920635, 58.85097505668934], "beat_labels": [2, 14, 15, 0, 2, 14, 15, 0, 2, 0, 15, 14, 9, 19, 13, 5, 3, 19, 13, 5, 24, 17, 13, 3, 24, 17, 13, 3, 24, 17, 20, 28, 9, 19, 13, 5, 3, 19, 13, 5, 7, 29, 12, 6, 7, 29, 12, 4, 23, 11, 10, 11, 23, 4, 21, 4, 21, 4, 21, 25, 18, 16, 22, 1, 26, 1, 27, 17, 8, 25, 8, 25, 8, 26, 22, 18, 8, 25, 25, 25, 5], "beat_selections": [7, 63, 4, 23, 53, 35, 43, 40, 76, 12, 50, 51, 42, 22, 1, 10, 61, 21, 60, 33, 30, 58, 62, 48, 24, 71, 64, 66, 31, 45]}