{"beat_times": [0.3250793650793651, 0.9287981859410431, 1.486077097505669, 1.9620861678004535, 2.4380952380952383, 2.9605442176870747, 3.436553287981859, 3.842902494331066, 4.284081632653061, 4.760090702947846, 5.294149659863946, 5.8165986394557825, 6.280997732426304, 6.768616780045352, 7.209795918367347, 7.650975056689342, 8.103764172335602, 8.544943310657596, 8.997732426303855, 9.450521541950113, 9.903310657596371, 10.332879818594105, 10.785668934240363, 11.27328798185941, 11.760907029478458, 12.236916099773243, 12.666485260770974, 13.096054421768708, 13.548843537414966, 13.966802721088435, 14.512471655328799, 15.058140589569161, 15.522539682539682, 15.986938775510204, 16.451337868480724, 16.89251700680272, 17.345306122448978], "beat_labels": [6, 14, 23, 21, 11, 9, 19, 19, 12, 17, 26, 22, 5, 10, 1, 27, 0, 28, 1, 1, 13, 2, 25, 15, 24, 8, 18, 4, 20, 7, 29, 3, 3, 3, 3, 3, 16], "beat_selections": [16, 14, 21, 31, 27, 12, 0, 29, 25, 5, 13, 4, 8, 20, 1, 23, 36, 9, 26, 7, 28, 3, 11, 2, 24, 22, 10, 15, 17, 30]}