{"beat_times": [0.06965986394557823, 0.7198185941043084, 1.3235374149659864, 1.8924263038548752, 2.391655328798186, 3.076643990929705, 3.6919727891156464, 4.167981859410431, 4.748480725623582, 5.23609977324263, 5.723718820861678, 6.292607709750567, 6.849886621315193, 7.441995464852607, 7.9412244897959186, 8.52172335600907, 9.079002267573696, 9.613061224489796, 10.170340136054422, 10.716009070294785, 11.261678004535147, 11.818956916099774, 12.376235827664399, 12.956734693877552, 13.525623582766439, 14.152562358276644, 14.686621315192744, 15.209070294784581, 15.754739229024944, 16.31201814058957, 16.822857142857142, 17.438185941043084, 18.04190476190476, 18.657233560090702, 19.22612244897959, 19.783401360544218, 20.305850340136054, 20.851519274376418, 21.420408163265307, 21.989297052154196, 22.593015873015872, 23.127074829931974, 23.62630385487528, 24.055873015873015, 24.543492063492064, 25.031111111111112, 25.541950113378686, 26.087619047619047, 26.668117913832198, 27.16734693877551, 27.678185941043083, 28.212244897959184, 28.746303854875283, 29.26875283446712, 29.756371882086167, 30.34848072562358, 30.847709750566892, 31.312108843537416, 32.008707482993195, 32.51954648526077, 33.065215419501136, 33.6108843537415, 34.16816326530612, 34.73705215419501, 35.25950113378685, 35.781950113378684, 36.327619047619045, 36.815238095238094, 37.39573696145125, 37.90657596371882, 38.40580498866213, 38.97469387755102, 39.50875283446712, 39.9847619047619, 40.483990929705215, 41.06448979591837, 41.62176870748299, 42.15582766439909, 42.71310657596372, 43.270385487528344, 43.79283446712018, 44.315283446712016, 44.802902494331065, 45.29052154195011, 45.75492063492064, 46.34702947845805, 46.84625850340136, 47.31065759637188], "beat_labels": [21, 24, 27, 0, 24, 0, 15, 10, 4, 2, 6, 16, 28, 6, 15, 6, 9, 17, 18, 7, 1, 5, 1, 5, 5, 5, 5, 7, 7, 1, 5, 18, 14, 4, 12, 12, 12, 21, 23, 13, 10, 11, 1, 1, 1, 1, 1, 1, 5, 1, 5, 5, 7, 7, 25, 19, 29, 7, 3, 20, 15, 5, 15, 18, 2, 1, 5, 5, 1, 7, 5, 7, 5, 5, 7, 2, 2, 26, 8, 28, 12, 3, 3, 12, 14, 4, 22, 26], "beat_selections": [3, 22, 75, 82, 85, 50, 13, 53, 78, 16, 40, 41, 34, 39, 32, 6, 11, 17, 18, 55, 59, 37, 86, 38, 4, 54, 77, 2, 79, 56]}