{"beat_times": [0.23219954648526078, 0.9636281179138322, 1.6834467120181407, 2.426485260770975, 3.1579138321995464, 3.8545124716553287, 4.574331065759637, 5.294149659863946, 5.990748299319728, 6.710566893424036, 7.430385487528345, 8.161814058956915, 8.893242630385487, 9.624671201814058, 10.379319727891156, 11.099138321995465, 11.842176870748299, 12.57360544217687, 13.281814058956916, 14.02485260770975, 14.721451247165533, 15.418049886621315, 16.137868480725622, 16.857687074829933, 17.57750566893424, 18.320544217687075, 19.075192743764173, 19.806621315192743, 20.54965986394558, 21.269478458049885, 21.989297052154196, 22.755555555555556, 23.521814058956917, 24.253242630385486, 25.007891156462584, 25.762539682539682, 26.493968253968255, 27.237006802721087, 27.96843537414966, 28.723083900226758, 29.454512471655327, 30.197551020408163, 30.894149659863945, 31.672018140589568, 32.36861678004535, 33.053605442176874, 33.77342403628118, 34.50485260770975, 35.2130612244898, 35.944489795918365, 36.65269841269841, 37.40734693877551, 38.12716553287982, 38.83537414965986, 39.64807256235828, 40.39111111111111, 41.11092970521542, 41.853968253968254, 42.5621768707483, 43.316825396825394, 44.09469387755102, 44.860952380952384, 45.61560090702948, 46.35863945578231, 47.09006802721088, 47.84471655328798, 48.576145124716554, 49.33079365079365, 50.12027210884354, 50.93297052154195, 51.78049886621315, 52.511927437641724, 53.289795918367346, 54.05605442176871, 54.89197278911565, 55.68145124716553], "beat_labels": [0, 0, 0, 0, 0, 0, 24, 0, 19, 0, 0, 26, 0, 3, 7, 7, 7, 7, 24, 3, 4, 18, 4, 10, 10, 21, 8, 9, 29, 9, 29, 12, 28, 14, 14, 14, 23, 3, 17, 20, 20, 7, 24, 3, 4, 18, 4, 10, 10, 10, 10, 26, 23, 15, 13, 2, 6, 6, 11, 11, 1, 1, 13, 13, 6, 6, 6, 8, 8, 25, 5, 22, 22, 22, 27, 16], "beat_selections": [10, 61, 55, 37, 20, 70, 65, 16, 26, 29, 48, 59, 31, 54, 35, 53, 75, 38, 21, 8, 39, 25, 71, 52, 6, 69, 11, 74, 32, 28]}