{"beat_times": [5.677278911564626, 6.1184580498866215, 6.594467120181406, 7.116916099773243, 7.581315192743764, 8.045714285714286, 8.55655328798186, 8.962902494331066, 9.369251700680271, 9.833650793650794, 10.263219954648527, 10.692789115646258, 11.122358276643991, 11.598367346938776, 12.051156462585034, 12.527165532879819, 12.99156462585034, 13.455963718820861, 13.908752834467121, 14.303492063492063, 14.733061224489797, 15.209070294784581, 15.70829931972789, 16.207528344671204, 16.671927437641724, 17.08988662131519, 17.554285714285715, 18.04190476190476, 18.506303854875284, 18.935873015873018, 19.400272108843538, 19.79501133786848, 20.166530612244898, 20.607709750566894, 21.106938775510205, 21.524897959183672, 21.966077097505668, 22.453696145124717, 22.929705215419503, 23.370884353741495, 23.83528344671202, 24.33451247165533, 24.810521541950113, 25.309750566893424, 25.797369614512473, 26.308208616780046, 26.78421768707483, 27.260226757369615, 27.724625850340136, 28.200634920634922, 28.641814058956918, 29.071383219954647, 29.50095238095238, 29.9653514739229, 30.394920634920634, 30.83609977324263, 31.277278911564625, 31.672018140589568, 32.07836734693878, 32.51954648526077, 33.041995464852604, 33.541224489795916, 33.924353741496596, 34.411972789115644, 34.864761904761906, 35.27111111111111, 35.677460317460316, 36.10702947845805, 36.52498866213152, 36.91972789115646, 37.372517006802724, 37.802086167800454, 38.26648526077098, 38.70766439909297, 39.172063492063494, 39.65968253968254, 40.06603174603175, 40.483990929705215, 40.90195011337868, 41.37795918367347, 41.84235827664399, 42.31836734693878, 42.79437641723356, 43.270385487528344, 43.71156462585034, 44.1643537414966, 44.582312925170065, 45.03510204081633], "beat_labels": [15, 7, 28, 28, 29, 18, 8, 7, 8, 16, 20, 29, 15, 7, 7, 22, 8, 1, 24, 29, 18, 6, 8, 15, 22, 1, 22, 22, 29, 22, 10, 10, 10, 10, 22, 0, 1, 3, 16, 16, 8, 2, 6, 8, 0, 3, 3, 5, 5, 17, 16, 16, 25, 12, 12, 9, 9, 26, 11, 23, 21, 27, 19, 13, 8, 15, 0, 15, 15, 15, 8, 3, 8, 18, 15, 1, 7, 15, 18, 1, 1, 14, 4, 4, 4, 4, 14, 14], "beat_selections": [66, 80, 41, 37, 83, 47, 21, 14, 8, 55, 30, 58, 54, 63, 81, 0, 38, 49, 5, 62, 10, 60, 15, 59, 18, 52, 57, 61, 2, 4]}