{"beat_times": [0.046439909297052155, 0.4179591836734694, 0.7894784580498866, 1.172607709750567, 1.5441269841269842, 1.9272562358276644, 2.2987755102040817, 2.670294784580499, 3.053424036281179, 3.4133333333333336, 3.7848526077097504, 4.156371882086168, 4.539501133786848, 4.85297052154195, 5.189659863945578, 5.561179138321996, 5.921088435374149, 6.2345578231292516, 6.617687074829932, 6.977596371882086, 7.349115646258503, 7.7090249433106575, 8.034104308390022, 8.394013605442177, 8.753922902494331, 9.102222222222222, 9.462131519274376, 9.880090702947847, 10.228390022675738, 10.588299319727891, 10.878548752834467, 11.250068027210885, 11.586757369614512, 11.95827664399093, 12.353015873015874, 12.770975056689343, 13.130884353741497, 13.514013605442177, 13.862312925170068, 14.199002267573697, 14.605351473922903, 14.965260770975057, 15.47609977324263, 15.8940589569161, 16.31201814058957, 16.70675736961451, 17.07827664399093, 17.438185941043084, 17.79809523809524, 18.15800453514739, 18.52952380952381, 18.92426303854875, 19.319002267573698, 19.736961451247165, 20.085260770975058, 20.48, 20.86312925170068, 21.257868480725623, 21.652607709750566, 22.01251700680272, 22.442086167800454, 22.790385487528344, 23.127074829931974, 23.591473922902495, 24.021043083900228, 24.41578231292517, 24.775691609977326, 25.112380952380953, 25.460680272108842, 25.843809523809522, 26.1340589569161, 26.55201814058957, 26.93514739229025, 27.295056689342402, 27.643356009070295, 28.003265306122447, 28.363174603174603, 28.746303854875283, 29.141043083900225, 29.524172335600905, 29.895691609977323, 30.313650793650794, 30.731609977324265], "beat_labels": [5, 6, 6, 18, 18, 18, 6, 20, 4, 5, 9, 2, 26, 7, 8, 21, 12, 12, 12, 3, 17, 17, 3, 3, 8, 11, 10, 2, 3, 3, 29, 15, 15, 14, 14, 15, 20, 9, 9, 2, 10, 10, 0, 0, 0, 0, 28, 27, 19, 13, 13, 23, 23, 0, 10, 14, 9, 9, 9, 10, 0, 14, 15, 16, 16, 22, 16, 24, 2, 4, 4, 26, 26, 26, 7, 1, 1, 7, 15, 16, 20, 7, 25], "beat_selections": [43, 75, 39, 23, 69, 0, 1, 81, 24, 58, 54, 25, 18, 50, 34, 62, 66, 21, 5, 48, 7, 15, 65, 51, 67, 82, 73, 47, 46, 30]}