{"beat_times": [0.11609977324263039, 0.615328798185941, 1.1261678004535147, 1.6370068027210884, 2.136235827664399, 2.6354648526077096, 3.0650340136054424, 3.5062131519274375, 3.9938321995464854, 4.481451247165533, 4.864580498866213, 5.317369614512471, 5.758548752834467, 6.211337868480726, 6.698956916099773, 7.198185941043084, 7.685804988662132, 8.243083900226758, 8.649433106575964, 9.137052154195011, 9.682721088435374, 10.24, 10.704399092970522, 11.19201814058957, 11.702857142857143, 12.225306122448979, 12.805804988662132, 13.351473922902494, 13.839092970521541, 14.245442176870748, 14.651791383219955, 15.197460317460317, 15.789569160997733, 16.27718820861678, 16.764807256235827, 17.22920634920635, 17.728435374149658, 18.169614512471654, 18.622403628117915, 19.11002267573696, 19.574421768707484], "beat_labels": [4, 21, 21, 11, 22, 7, 19, 6, 9, 14, 14, 29, 1, 1, 23, 3, 3, 20, 16, 13, 10, 26, 10, 7, 15, 25, 24, 29, 6, 12, 18, 19, 8, 17, 27, 2, 5, 5, 5, 28, 0], "beat_selections": [40, 12, 35, 16, 0, 38, 7, 5, 32, 8, 20, 3, 29, 19, 9, 24, 18, 33, 30, 6, 17, 1, 4, 14, 26, 25, 21, 34, 39, 27]}