{"beat_times": [0.4527891156462585, 1.0100680272108844, 1.5441269841269842, 2.136235827664399, 2.75156462585034, 3.332063492063492, 3.889342403628118, 4.458231292517007, 5.00390022675737, 5.607619047619048, 6.106848072562358, 6.6873469387755105, 7.244625850340136, 7.801904761904762, 8.370793650793651, 8.962902494331066, 9.566621315192744, 10.135510204081633, 10.716009070294785, 11.319727891156463, 11.865396825396825, 12.480725623582767, 13.003174603174603, 13.514013605442177, 14.082902494331066, 14.640181405895692, 15.185850340136055, 15.824399092970522, 16.4281179138322, 17.00861678004535, 17.589115646258502, 18.088344671201813, 18.622403628117915, 19.098412698412698, 19.690521541950112, 20.259410430839, 20.839909297052156, 21.408798185941045, 21.966077097505668, 22.50013605442177, 23.04580498866213, 23.591473922902495], "beat_labels": [19, 21, 0, 17, 24, 7, 6, 21, 27, 4, 11, 20, 3, 4, 4, 1, 25, 15, 23, 25, 22, 1, 8, 26, 9, 10, 29, 18, 28, 2, 5, 2, 5, 5, 12, 14, 13, 2, 2, 2, 2, 16], "beat_selections": [2, 21, 37, 12, 9, 30, 6, 5, 22, 24, 25, 10, 34, 36, 35, 17, 41, 3, 27, 0, 11, 1, 20, 18, 4, 16, 23, 8, 28, 26]}