{"beat_times": [0.2089795918367347, 0.6733786848072563, 1.1029478458049886, 1.5209070294784581, 1.9388662131519274, 2.380045351473923, 2.809614512471655, 3.239183673469388, 3.680362811791383, 4.1099319727891155, 4.527891156462585, 4.9458503401360545, 5.363809523809524, 5.793378684807256, 6.222947845804988, 6.617687074829932, 7.047256235827664, 7.476825396825397, 7.90639455782313, 8.324353741496598, 8.742312925170069, 9.1718820861678, 9.601451247165533, 10.019410430839002, 10.448979591836734, 10.866938775510205, 11.296507936507936, 11.72607709750567, 12.1556462585034, 12.57360544217687, 12.99156462585034, 13.432743764172336, 13.862312925170068, 14.291882086167801, 14.70984126984127, 15.151020408163266, 15.568979591836735, 15.998548752834466, 16.4281179138322, 16.857687074829933, 17.29886621315193, 17.716825396825396, 18.14639455782313, 18.575963718820862, 19.005532879818595, 19.435102040816325, 19.853061224489796, 20.271020408163267, 20.688979591836734, 21.118548752834467, 21.536507936507938, 21.942857142857143, 22.360816326530614, 22.790385487528344, 23.219954648526077, 23.62630385487528, 24.055873015873015, 24.485442176870748, 24.90340136054422, 25.344580498866215, 25.762539682539682, 26.203718820861678, 26.62167800453515, 27.051247165532878, 27.457596371882087, 27.88716553287982, 28.31673469387755, 28.746303854875283, 29.164263038548754, 29.58222222222222, 30.011791383219954, 30.441360544217687, 30.87092970521542, 31.288888888888888, 31.71845804988662, 32.13641723356009, 32.55437641723356, 32.98394557823129, 33.378684807256235, 33.80825396825397, 34.22621315192744, 34.65578231292517, 35.073741496598636, 35.50331065759637, 35.9328798185941, 36.4669387755102, 36.87328798185941, 37.27963718820862, 37.67437641723356, 38.080725623582765], "beat_labels": [19, 4, 12, 12, 19, 10, 1, 12, 19, 19, 28, 12, 19, 19, 29, 9, 2, 16, 24, 6, 19, 10, 9, 9, 25, 28, 1, 6, 6, 10, 7, 5, 8, 8, 24, 15, 28, 15, 9, 9, 10, 25, 28, 12, 19, 4, 0, 17, 20, 23, 2, 12, 10, 10, 7, 5, 22, 21, 2, 6, 19, 29, 29, 14, 26, 16, 2, 6, 8, 2, 2, 17, 20, 20, 28, 10, 4, 3, 18, 3, 18, 13, 18, 27, 11, 0, 11, 11, 11, 11], "beat_selections": [85, 6, 50, 77, 1, 55, 59, 54, 68, 15, 5, 89, 43, 81, 63, 37, 65, 71, 78, 60, 72, 57, 56, 49, 18, 24, 64, 83, 42, 62]}