{"beat_times": [0.17414965986394557, 0.6385487528344671, 1.0797278911564625, 1.5441269841269842, 1.9736961451247166, 2.391655328798186, 2.8792743764172335, 3.3436734693877552, 3.7964625850340137, 4.2260317460317465, 4.6788208616780045, 5.154829931972789, 5.596009070294785, 6.03718820861678, 6.501587301587302, 6.965986394557823, 7.418775510204082, 7.883174603174603, 8.301133786848073, 8.742312925170069, 9.183492063492064, 9.636281179138322, 10.08907029478458, 10.530249433106576, 10.983038548752834, 11.412607709750567, 11.853786848072563, 12.294965986394558, 12.747755102040816, 13.188934240362812, 13.606893424036281, 14.05968253968254, 14.512471655328799, 14.965260770975057, 15.406439909297053, 15.824399092970522, 16.27718820861678, 16.70675736961451, 17.171156462585035, 17.600725623582765, 18.053514739229026, 18.483083900226756, 18.91265306122449, 19.342222222222222, 19.818231292517005, 20.259410430839, 20.700589569160996, 21.153378684807254, 21.59455782312925, 22.035736961451246, 22.442086167800454, 22.88326530612245, 23.359274376417233, 23.823673469387757, 24.253242630385486, 24.68281179138322, 25.123990929705215, 25.588390022675735, 26.02956916099773, 26.447528344671202, 26.90031746031746, 27.36471655328798, 27.805895691609976, 28.258684807256238, 28.711473922902496, 29.15265306122449, 29.58222222222222, 30.011791383219954, 30.476190476190474, 30.905759637188208, 31.33532879818594, 31.776507936507937, 32.21768707482993, 32.658866213151924, 33.10004535147392, 33.51800453514739, 33.94757369614513, 34.29587301587301, 34.67900226757369, 35.16662131519274, 35.59619047619048, 36.07219954648526, 36.49015873015873, 36.89650793650794, 37.32607709750567, 37.755646258503404, 38.17360544217687, 38.626394557823126, 39.03274376417234, 39.46231292517007, 39.8918820861678, 40.321451247165534, 40.739410430839, 41.180589569161, 41.62176870748299, 42.0281179138322, 42.44607709750567, 42.887256235827664, 43.30521541950113, 43.723174603174606, 44.152743764172335, 44.582312925170065, 45.00027210884354, 45.41823129251701, 45.836190476190474, 46.27736961451247, 46.718548752834465, 47.159727891156464, 47.63573696145125, 48.07691609977324, 48.50648526077097, 48.94766439909297, 49.3772335600907, 49.795192743764176, 50.20154195011338, 50.654331065759635, 51.141950113378684], "beat_labels": [5, 5, 5, 3, 5, 18, 21, 3, 0, 21, 18, 3, 5, 18, 0, 12, 12, 11, 0, 21, 0, 4, 4, 23, 12, 12, 0, 18, 18, 5, 14, 14, 12, 11, 18, 18, 0, 4, 10, 23, 23, 12, 0, 0, 21, 4, 20, 14, 10, 10, 0, 18, 18, 20, 4, 20, 21, 28, 5, 0, 18, 4, 4, 10, 10, 12, 0, 18, 18, 4, 4, 28, 28, 20, 5, 21, 2, 2, 8, 8, 8, 15, 2, 15, 15, 8, 2, 8, 27, 2, 27, 15, 15, 8, 2, 2, 8, 15, 15, 8, 8, 21, 8, 8, 9, 26, 19, 22, 24, 6, 17, 29, 1, 16, 25, 7, 13], "beat_selections": [36, 112, 77, 3, 21, 1, 109, 115, 78, 104, 63, 33, 25, 116, 30, 98, 113, 110, 13, 106, 55, 56, 107, 40, 108, 114, 105, 90, 57, 111]}