{"beat_times": [0.22058956916099773, 0.5108390022675737, 0.8010884353741496, 1.18421768707483, 1.5673469387755101, 1.9388662131519274, 2.3336054421768706, 2.693514739229025, 3.076643990929705, 3.4597732426303853, 3.842902494331066, 4.2260317460317465, 4.597551020408163, 4.9806802721088435, 5.352199546485261, 5.735328798185941, 6.106848072562358, 6.501587301587302, 6.884716553287982, 7.267845804988662, 7.63936507936508, 8.02249433106576, 8.40562358276644, 8.78875283446712, 9.148662131519274, 9.543401360544218, 9.914920634920636, 10.298049886621316, 10.669569160997732, 11.052698412698414, 11.435827664399094, 11.818956916099774, 12.202086167800454, 12.585215419501134, 12.956734693877552, 13.351473922902494, 13.722993197278912, 14.106122448979592, 14.477641723356008, 14.86077097505669, 15.232290249433106, 15.615419501133786, 15.986938775510204, 16.381678004535146, 16.77641723356009, 17.147936507936507, 17.519455782312924, 17.902585034013605, 18.285714285714285, 18.657233560090702, 19.040362811791383, 19.423492063492063, 19.806621315192743, 20.17814058956916, 20.56126984126984, 20.94439909297052, 21.3275283446712, 21.69904761904762, 22.0821768707483, 22.46530612244898, 22.84843537414966, 23.219954648526077, 23.603083900226757, 23.986213151927437, 24.369342403628117, 24.752471655328797, 25.135600907029477, 25.518730158730158, 25.890249433106575, 26.273378684807255, 26.679727891156464, 27.09768707482993, 27.492426303854874, 27.945215419501135, 28.363174603174603, 28.73469387755102, 29.1178231292517, 29.50095238095238, 29.8724716553288, 30.26721088435374, 30.65034013605442, 31.02185941043084, 31.393378684807256, 31.7881179138322, 32.15963718820862, 32.5427664399093, 32.92589569160998, 33.30902494331066, 33.68054421768707, 34.06367346938776, 34.44680272108844, 34.82993197278912, 35.2130612244898, 35.58458049886622, 35.9677097505669, 36.35083900226758, 36.72235827664399, 37.10548752834467, 37.488616780045355, 37.871746031746035, 38.243265306122446, 38.626394557823126, 39.00952380952381, 39.381043083900224, 39.75256235827664, 40.147301587301584, 40.518820861678, 40.83229024943311], "beat_labels": [24, 0, 0, 6, 27, 28, 18, 23, 4, 13, 20, 20, 2, 22, 11, 4, 21, 21, 9, 29, 23, 16, 16, 16, 29, 2, 12, 12, 1, 5, 16, 11, 1, 3, 3, 11, 1, 29, 29, 4, 9, 4, 11, 11, 11, 11, 11, 9, 1, 1, 1, 22, 29, 9, 29, 9, 29, 9, 22, 4, 1, 4, 1, 4, 11, 9, 11, 1, 1, 4, 4, 11, 10, 10, 10, 25, 25, 5, 10, 23, 26, 26, 26, 14, 14, 10, 15, 23, 13, 2, 2, 5, 7, 22, 1, 19, 19, 17, 10, 7, 7, 22, 22, 1, 29, 8, 8, 25], "beat_selections": [2, 36, 12, 34, 41, 77, 3, 92, 106, 18, 78, 64, 26, 88, 83, 86, 23, 97, 6, 95, 10, 17, 101, 87, 0, 107, 82, 4, 5, 54]}