{"beat_times": [0.9171882086167801, 1.4280272108843537, 1.9388662131519274, 2.461315192743764, 3.006984126984127, 3.564263038548753, 4.08671201814059, 4.5859410430839, 5.0967800453514736, 5.61922902494331, 6.15328798185941, 6.617687074829932, 7.093696145124716, 7.662585034013605, 8.161814058956915, 8.672653061224489, 9.195102040816327, 9.740770975056689, 10.27482993197279, 10.843718820861678, 11.38938775510204, 11.935056689342403, 12.411065759637188, 12.99156462585034, 13.479183673469388, 13.955192743764172, 14.535691609977324, 15.104580498866213, 15.650249433106575, 16.16108843537415, 16.69514739229025, 17.240816326530613, 17.809705215419502, 18.297324263038547, 18.773333333333333, 19.319002267573698, 19.87628117913832, 20.456780045351476, 21.0140589569161, 21.571337868480725, 22.140226757369614, 22.68589569160998, 23.2431746031746, 23.73079365079365, 24.241632653061224, 24.810521541950113, 25.36780045351474, 25.94829931972789, 26.505578231292517, 27.01641723356009, 27.620136054421767, 28.061315192743763, 28.50249433106576, 28.955283446712016, 29.38485260770975, 29.88408163265306, 30.406530612244897, 30.95219954648526, 31.474648526077097, 31.997097505668933, 32.51954648526077, 33.053605442176874, 33.58766439909297, 34.12172335600907, 34.65578231292517, 35.178231292517005, 35.72390022675737, 36.24634920634921, 36.768798185941044, 37.30285714285714, 37.813696145124716, 38.32453514739229, 38.846984126984125, 39.36943310657596, 39.8918820861678, 40.4259410430839, 40.94839002267574, 41.470839002267574, 42.016507936507935, 42.55056689342403, 43.08462585034014, 43.61868480725624, 44.152743764172335, 44.698412698412696, 45.244081632653064, 45.7665306122449, 46.288979591836735, 46.81142857142857, 47.33387755102041, 47.87954648526077, 48.41360544217687, 48.94766439909297, 49.48172335600907, 50.01578231292517, 50.54984126984127, 51.08390022675737, 51.62956916099773, 52.16362811791383, 52.69768707482993, 53.19691609977324, 53.661315192743764, 54.114104308390026, 54.590113378684805, 55.04290249433107, 55.54213151927438, 56.06458049886621, 56.58702947845805, 57.109478458049885, 57.73641723356009, 58.32852607709751, 58.83936507936508, 59.37342403628118, 59.895873015873015, 60.42993197278911, 60.94077097505669, 61.45160997732426, 61.85795918367347, 62.368798185941046, 62.80997732426304, 63.297596371882086, 63.82004535147392, 64.35410430839002, 64.88816326530612], "beat_labels": [24, 24, 25, 12, 20, 2, 21, 6, 16, 8, 18, 11, 17, 23, 28, 23, 19, 19, 19, 19, 5, 5, 3, 5, 3, 13, 3, 5, 3, 5, 5, 5, 5, 9, 13, 0, 26, 26, 26, 0, 26, 26, 13, 0, 26, 13, 26, 0, 13, 29, 29, 7, 1, 14, 1, 15, 7, 7, 15, 29, 7, 29, 29, 29, 29, 7, 7, 29, 7, 27, 14, 14, 15, 15, 14, 14, 15, 27, 27, 15, 15, 4, 14, 14, 15, 27, 4, 15, 4, 15, 1, 27, 4, 15, 14, 27, 1, 1, 27, 14, 1, 7, 10, 10, 15, 15, 1, 22, 22, 1, 10, 10, 10, 22, 15, 22, 22, 29, 4, 10, 15, 15, 1], "beat_selections": [43, 97, 5, 24, 92, 29, 7, 51, 9, 33, 112, 11, 3, 42, 74, 76, 8, 12, 10, 19, 4, 6, 113, 15, 1, 2, 36, 95, 14, 64]}