{"beat_times": [0.5224489795918368, 1.0216780045351475, 1.497687074829932, 2.0085260770975055, 2.48453514739229, 2.995374149659864, 3.5526530612244898, 4.063492063492063, 4.597551020408163, 5.131609977324263, 5.6656689342403626, 6.130068027210885, 6.629297052154195, 7.093696145124716, 7.558095238095238, 8.02249433106576, 8.498503401360544, 8.951292517006802, 9.404081632653062, 9.833650793650794, 10.332879818594105, 10.80888888888889, 11.23845804988662, 11.702857142857143, 12.144036281179138, 12.596825396825396, 13.072834467120181, 13.514013605442177, 13.94358276643991, 14.431201814058957, 14.872380952380952, 15.371609977324264, 15.905668934240364, 16.451337868480724, 16.99700680272109, 17.38013605442177, 17.832925170068027, 18.26249433106576, 18.72689342403628, 19.237732426303854, 19.725351473922903, 20.131700680272107, 20.619319727891156, 21.060498866213152, 21.5481179138322, 22.024126984126983, 22.511746031746032, 23.06902494331066, 23.556643990929704, 24.044263038548753, 24.636371882086166, 25.170430839002268, 25.64643990929705, 26.087619047619047, 26.610068027210886, 27.132517006802722, 27.654965986394558, 28.177414965986394, 28.61859410430839, 29.059773242630385, 29.559002267573696, 30.06984126984127, 30.53424036281179, 31.045079365079363, 31.532698412698412, 32.02031746031746, 32.48471655328798, 32.97233560090703, 33.448344671201816, 33.924353741496596, 34.43519274376417, 34.93442176870748, 35.456870748299316, 35.9677097505669, 36.443718820861676, 36.9081179138322, 37.40734693877551, 37.9762358276644, 38.47546485260771, 38.963083900226756, 39.42748299319728], "beat_labels": [0, 0, 0, 26, 26, 0, 0, 0, 8, 8, 8, 12, 6, 6, 13, 21, 2, 24, 24, 24, 14, 9, 9, 5, 5, 1, 5, 5, 1, 29, 29, 15, 15, 4, 4, 4, 4, 10, 1, 1, 1, 1, 17, 17, 17, 28, 29, 10, 10, 10, 10, 15, 10, 10, 18, 7, 18, 11, 20, 20, 11, 20, 11, 19, 19, 27, 27, 27, 3, 3, 3, 23, 23, 22, 22, 7, 7, 25, 25, 16, 16], "beat_selections": [0, 38, 16, 69, 35, 23, 13, 75, 9, 22, 52, 60, 11, 14, 20, 51, 80, 44, 56, 64, 58, 15, 73, 72, 19, 78, 3, 66, 45, 30]}