{"beat_times": [4.214421768707483, 4.922630385487528, 5.561179138321996, 6.2345578231292516, 6.907936507936508, 7.48843537414966, 8.080544217687075, 8.684263038548753, 9.287981859410431, 9.891700680272109, 10.518639455782314, 11.133968253968254, 11.760907029478458, 12.45750566893424, 13.119274376417234, 13.722993197278912, 14.44281179138322, 15.034920634920635, 15.62702947845805, 16.265578231292515, 16.962176870748298, 17.57750566893424, 18.216054421768707, 18.819773242630387, 19.37705215419501, 20.01560090702948, 20.67736961451247, 21.304308390022676, 21.908027210884352, 22.523356009070294, 23.1502947845805, 23.777233560090703, 24.473832199546486, 25.14721088435374, 25.83219954648526, 26.505578231292517, 27.17895691609977, 27.840725623582767, 28.46766439909297, 29.082993197278913, 29.709931972789114, 30.34848072562358, 30.975419501133786, 31.590748299319728, 32.21768707482993, 32.833015873015874, 33.45995464852608, 34.08689342403628, 34.72544217687075, 35.352380952380955, 35.99092970521542, 36.606258503401364, 37.25641723356009, 37.98784580498866, 38.638004535147395, 39.381043083900224, 40.04281179138322, 40.66975056689343, 41.319909297052156, 41.95845804988662, 42.60861678004535, 43.24716553287982, 43.885714285714286, 44.535873015873015, 45.19764172335601, 45.905850340136055, 46.53278911564626, 47.17133786848073, 47.79827664399093, 48.425215419501136, 49.0637641723356, 49.66748299319728, 50.25959183673469, 50.86331065759637, 51.478639455782314, 52.11718820861678, 52.744126984126986, 53.347845804988665, 53.98639455782313, 54.61333333333334, 55.240272108843534, 55.86721088435374, 56.47092970521542, 57.0746485260771, 57.67836734693878, 58.28208616780045, 58.93224489795919, 59.570793650793654, 60.24417233560091, 60.9059410430839, 61.602539682539685, 62.299138321995464, 62.99573696145125, 63.52979591836735, 64.06385487528345, 64.58630385487528, 65.13197278911565, 65.5847619047619, 66.10721088435375, 66.72253968253968, 67.27981859410431, 67.97641723356008, 68.63818594104309, 69.17224489795919, 69.83401360544218, 70.44934240362812, 71.12272108843537, 71.69160997732426, 72.37659863945578, 72.9338775510204, 73.45632653061224, 74.01360544217687, 74.62893424036281, 75.22104308390023, 75.74349206349207, 76.32399092970522, 76.8, 77.27600907029479, 77.89133786848073, 78.42539682539683, 78.95945578231293, 79.72571428571429, 80.42231292517006, 80.95637188208617, 81.56009070294785, 82.24507936507936, 82.91845804988662], "beat_labels": [25, 8, 8, 1, 2, 26, 26, 0, 2, 28, 28, 2, 10, 9, 10, 9, 0, 26, 10, 10, 10, 10, 9, 9, 2, 29, 28, 4, 17, 17, 17, 17, 0, 21, 1, 8, 21, 16, 1, 16, 1, 15, 15, 21, 15, 4, 4, 4, 4, 4, 4, 4, 28, 21, 4, 4, 17, 0, 29, 21, 1, 1, 1, 1, 15, 15, 15, 15, 21, 21, 21, 21, 16, 16, 16, 15, 16, 16, 15, 15, 16, 0, 0, 14, 9, 8, 10, 8, 2, 7, 3, 3, 22, 19, 10, 24, 23, 19, 5, 18, 10, 9, 10, 20, 23, 5, 5, 18, 19, 18, 19, 5, 10, 6, 13, 27, 11, 6, 13, 12, 6, 13, 6, 6, 11, 13, 11], "beat_selections": [57, 40, 24, 90, 54, 106, 123, 89, 35, 13, 94, 126, 119, 114, 83, 65, 80, 29, 107, 108, 103, 36, 92, 104, 95, 0, 6, 115, 52, 25]}