{"beat_times": [0.301859410430839, 0.8707482993197279, 1.6137868480725623, 2.403265306122449, 3.111473922902494, 3.8312925170068026, 4.493061224489796, 5.2128798185941045, 5.897868480725624, 6.640907029478458, 7.360725623582766, 8.045714285714286, 8.70748299319728, 9.392471655328798, 10.054240362811791, 10.739229024943311, 11.319727891156463, 12.027936507936507, 12.712925170068027, 13.386303854875283, 14.048072562358277, 14.733061224489797, 15.36, 16.021768707482995, 16.671927437641724, 17.29886621315193, 17.972244897959182, 18.634013605442178, 19.249342403628116, 19.89950113378685, 20.526439909297054, 21.188208616780045, 21.838367346938774, 22.534965986394557, 23.219954648526077, 23.858503401360544, 24.49705215419501, 25.158820861678006, 25.83219954648526, 26.482358276643993, 27.2021768707483, 27.875555555555554, 28.525714285714287, 29.19909297052154, 29.860861678004536, 30.545850340136056, 31.172789115646257, 31.834557823129252, 32.48471655328798, 33.13487528344671, 33.761814058956915, 34.42358276643991, 35.05052154195011, 35.70068027210884, 36.31600907029478, 36.977777777777774, 37.651156462585035, 38.32453514739229, 38.97469387755102, 39.65968253968254, 40.34467120181406, 40.96, 41.586938775510205, 42.237097505668935, 42.92208616780045, 43.52580498866213, 44.1643537414966, 44.77968253968254, 45.406621315192744, 46.09160997732426, 46.74176870748299, 47.42675736961451, 48.06530612244898, 48.70385487528345, 49.35401360544218, 49.9112925170068, 50.64272108843537, 51.327709750566896, 51.96625850340136, 52.59319727891157, 53.2433560090703, 53.90512471655329, 54.590113378684805, 55.22866213151927, 55.843990929705214, 56.49414965986394, 57.13269841269841, 57.78285714285714, 58.433015873015876, 59.11800453514739, 59.791383219954646, 60.47637188208617, 61.161360544217686, 61.869569160997735, 62.6009977324263], "beat_labels": [4, 10, 7, 13, 13, 13, 17, 25, 11, 1, 14, 14, 22, 3, 29, 18, 11, 13, 6, 10, 4, 21, 0, 8, 17, 10, 9, 11, 11, 24, 28, 4, 23, 1, 26, 26, 8, 22, 7, 18, 5, 5, 2, 12, 28, 6, 25, 3, 3, 25, 18, 1, 16, 21, 14, 14, 14, 24, 24, 24, 6, 3, 4, 13, 21, 21, 19, 19, 8, 23, 20, 27, 18, 10, 10, 13, 23, 24, 18, 10, 7, 14, 20, 7, 16, 22, 7, 13, 13, 4, 12, 12, 28, 17, 15], "beat_selections": [22, 33, 42, 61, 62, 40, 60, 86, 23, 26, 74, 27, 43, 5, 56, 94, 84, 93, 15, 67, 70, 53, 37, 76, 57, 46, 35, 71, 44, 14]}