{"beat_times": [0.23219954648526078, 0.9287981859410431, 1.7182766439909296, 2.449705215419501, 3.111473922902494, 3.7848526077097504, 4.493061224489796, 5.224489795918367, 5.88625850340136, 6.559637188208617, 7.174965986394557, 7.848344671201814, 8.417233560090702, 8.962902494331066, 9.58984126984127, 10.251609977324263, 10.936598639455783, 11.679637188208616, 12.480725623582767, 13.061224489795919, 13.746213151927437, 14.373151927437641, 15.104580498866213, 15.74312925170068, 16.474557823129253, 17.171156462585035, 17.832925170068027, 18.506303854875284, 19.168072562358276, 19.71374149659864, 20.305850340136054, 20.921179138321996, 21.59455782312925, 22.23310657596372, 22.86004535147392, 23.521814058956917, 24.079092970521543, 24.706031746031748, 25.158820861678006, 25.762539682539682, 26.40108843537415, 27.09768707482993, 27.840725623582767, 28.444444444444443, 29.03655328798186, 29.68671201814059, 30.30204081632653, 30.95219954648526, 31.52108843537415, 32.15963718820862, 32.86784580498866, 33.483174603174604, 34.12172335600907, 34.72544217687075, 35.352380952380955, 36.002539682539684, 36.710748299319725, 37.50022675736962, 38.20843537414966, 38.89342403628118, 39.53197278911565, 40.12408163265306, 40.66975056689343, 41.412789115646255, 42.074557823129254, 42.72471655328798, 43.36326530612245, 44.02503401360544, 44.68680272108843, 45.3253514739229, 45.97551020408163, 46.59083900226757, 47.275827664399095, 47.925986394557825, 48.587755102040816, 49.27274376417233, 49.93451247165533, 50.607891156462586, 51.26965986394558, 51.94303854875283, 52.628027210884355, 53.289795918367346, 53.98639455782313, 54.63655328798186, 55.32154195011338, 55.92526077097506, 56.517369614512475, 57.20235827664399, 57.84090702947846, 58.46784580498866, 59.176054421768704, 59.849433106575965, 60.47637188208617, 61.103310657596374, 61.77668934240363, 62.42684807256236, 63.08861678004535, 63.77360544217687, 64.36571428571429, 65.02748299319728, 65.63120181405895], "beat_labels": [18, 18, 2, 16, 25, 10, 17, 14, 14, 7, 7, 7, 9, 9, 19, 11, 26, 22, 13, 2, 24, 17, 0, 18, 29, 18, 9, 2, 16, 10, 10, 17, 20, 27, 27, 7, 19, 19, 19, 19, 26, 3, 24, 28, 8, 8, 24, 0, 9, 1, 1, 1, 2, 17, 3, 29, 21, 20, 20, 25, 12, 12, 12, 12, 24, 3, 7, 7, 13, 19, 11, 0, 9, 9, 29, 1, 2, 16, 10, 10, 17, 14, 14, 23, 23, 5, 8, 29, 11, 26, 22, 9, 2, 6, 5, 5, 27, 29, 15, 4, 4], "beat_selections": [47, 50, 76, 65, 100, 94, 93, 66, 86, 72, 79, 70, 61, 68, 81, 98, 28, 31, 25, 69, 58, 56, 90, 84, 46, 59, 16, 96, 43, 74]}