{"beat_times": [7.592925170068027, 8.068934240362811, 8.498503401360544, 8.916462585034013, 9.369251700680271, 9.822040816326531, 10.251609977324263, 10.762448979591836, 11.284897959183674, 11.749297052154194, 12.30657596371882, 12.794195011337868, 13.25859410430839, 13.746213151927437, 14.187392290249432, 14.651791383219955, 15.139410430839002, 15.603809523809524, 16.056598639455782, 16.555827664399093, 17.00861678004535, 17.46140589569161, 17.937414965986395, 18.42503401360544, 18.92426303854875, 19.4118820861678, 19.87628117913832, 20.317460317460316, 20.805079365079365, 21.269478458049885, 21.722267573696143, 22.19827664399093, 22.69750566893424, 23.1502947845805, 23.661133786848072, 24.13714285714286, 24.57832199546485, 25.054331065759637, 25.507120181405895, 25.959909297052153, 26.447528344671202, 26.911927437641722, 27.376326530612246, 27.829115646258504, 28.24707482993197, 28.65342403628118, 29.1178231292517, 29.547392290249434, 30.058231292517007, 30.522630385487528, 30.998639455782314, 31.463038548752834, 31.927437641723355, 32.38022675736961, 32.879455782312924, 33.32063492063492, 33.80825396825397, 34.27265306122449, 34.76027210884354, 35.3059410430839, 35.79356009070295, 36.22312925170068, 36.67591836734694, 37.16353741496599, 37.581496598639454, 38.034285714285716, 38.48707482993197, 38.963083900226756, 39.41587301587302, 39.8918820861678, 40.35628117913832, 40.84390022675737, 41.2734693877551, 41.76108843537415, 42.22548752834467, 42.666666666666664, 43.10784580498866, 43.58385487528345, 44.04825396825397, 44.51265306122449, 44.93061224489796, 45.41823129251701, 45.87102040816327, 46.34702947845805, 46.776598639455784, 47.26421768707483, 47.71700680272109, 48.15818594104309, 48.6574149659864, 49.08698412698413, 49.562993197278914, 50.07383219954649, 50.52662131519274, 50.93297052154195, 51.38575963718821, 51.82693877551021, 52.33777777777778, 52.848616780045354, 53.324625850340134, 53.777414965986395, 54.21859410430839, 54.68299319727891, 55.147392290249435, 55.58857142857143, 56.029750566893426, 56.517369614512475, 57.109478458049885, 57.57387755102041, 58.06149659863946, 58.49106575963719, 58.94385487528345, 59.44308390022676, 59.86104308390023, 60.348662131519276, 60.81306122448979, 61.265850340136055, 61.74185941043084, 62.194648526077096, 62.64743764172336], "beat_labels": [0, 0, 0, 0, 0, 0, 0, 0, 0, 0, 0, 19, 19, 0, 0, 0, 19, 19, 4, 4, 4, 19, 19, 4, 3, 3, 3, 3, 3, 26, 26, 26, 12, 12, 9, 9, 18, 18, 18, 18, 20, 20, 27, 20, 2, 2, 6, 6, 2, 27, 27, 24, 24, 24, 11, 11, 17, 17, 8, 21, 17, 15, 15, 7, 7, 17, 10, 10, 29, 5, 29, 10, 10, 1, 1, 13, 13, 29, 29, 21, 21, 1, 10, 10, 10, 29, 25, 25, 21, 10, 15, 17, 7, 17, 5, 25, 16, 16, 16, 23, 22, 22, 11, 11, 11, 27, 2, 20, 12, 14, 14, 14, 14, 14, 28, 28, 4, 19, 19], "beat_selections": [4, 81, 106, 25, 19, 94, 47, 92, 58, 35, 82, 102, 32, 75, 112, 61, 97, 65, 36, 22, 41, 80, 100, 99, 51, 95, 29, 49, 114, 70]}