{"beat_times": [0.17414965986394557, 0.6965986394557823, 1.230657596371882, 1.7531065759637188, 2.2523356009070294, 2.7747845804988662, 3.297233560090703, 3.8080725623582765, 4.330521541950113, 4.841360544217687, 5.352199546485261, 5.874648526077097, 6.397097505668934, 6.907936507936508, 7.418775510204082, 7.929614512471655, 8.452063492063493, 8.962902494331066, 9.485351473922902, 9.996190476190476, 10.518639455782314, 11.029478458049887, 11.551927437641723, 12.07437641723356, 12.585215419501134, 13.10766439909297, 13.618503401360543, 14.140952380952381, 14.651791383219955, 15.17424036281179, 15.685079365079366, 16.207528344671204, 16.718367346938777, 17.240816326530613, 17.76326530612245, 18.274104308390022, 18.784943310657596, 19.30739229024943, 19.82984126984127, 20.340680272108845, 20.86312925170068, 21.385578231292516, 21.908027210884352, 22.418866213151926, 22.929705215419503, 23.45215419501134, 23.974603174603175, 24.485442176870748, 24.99628117913832, 25.518730158730158, 26.041179138321997, 26.55201814058957, 27.062857142857144, 27.58530612244898, 28.107755102040816, 28.61859410430839, 29.141043083900225, 29.6518820861678, 30.174331065759638, 30.68517006802721, 31.207619047619048, 31.730068027210883, 32.24090702947846, 32.76335600907029, 33.274195011337866, 33.78503401360544, 34.307482993197276, 34.82993197278912, 35.34077097505669, 35.86321995464853, 36.385668934240364, 36.89650793650794, 37.41895691609977, 37.92979591836735, 38.45224489795918, 38.963083900226756, 39.47392290249433, 39.996371882086166, 40.39111111111111, 40.97160997732426, 41.54049886621315, 42.074557823129254, 42.59700680272109, 43.10784580498866, 43.61868480725624, 44.14113378684807, 44.66358276643991, 45.17442176870748, 45.685260770975056, 46.20770975056689, 46.73015873015873, 47.2409977324263, 47.751836734693875, 48.27428571428572, 48.79673469387755, 49.30757369614513], "beat_labels": [18, 20, 7, 23, 10, 5, 17, 17, 7, 3, 7, 7, 1, 19, 24, 2, 24, 29, 22, 2, 8, 29, 8, 8, 6, 2, 6, 2, 6, 6, 4, 2, 15, 26, 14, 12, 15, 29, 15, 29, 25, 9, 22, 2, 14, 2, 14, 2, 24, 26, 8, 11, 28, 26, 14, 2, 25, 9, 22, 11, 12, 2, 15, 8, 27, 2, 27, 0, 21, 2, 2, 0, 12, 9, 8, 11, 12, 2, 16, 13, 15, 0, 22, 8, 28, 0, 8, 0, 8, 0, 22, 2, 12, 11, 8, 24], "beat_selections": [81, 12, 91, 9, 30, 5, 24, 10, 74, 73, 4, 93, 60, 79, 46, 32, 78, 6, 0, 13, 1, 68, 18, 3, 48, 40, 49, 64, 84, 37]}