{"beat_times": [5.0967800453514736, 5.456689342403628, 5.8165986394557825, 6.176507936507937, 6.5364172335600905, 6.896326530612245, 7.244625850340136, 7.616145124716553, 7.952834467120182, 8.301133786848073, 8.6378231292517, 8.997732426303855, 9.346031746031747, 9.682721088435374, 10.054240362811791, 10.414149659863945, 10.750839002267574, 11.099138321995465, 11.459047619047618, 11.80734693877551, 12.167256235827665, 12.527165532879819, 12.87546485260771, 13.223764172335601, 13.572063492063492, 13.931972789115646, 14.280272108843537, 14.640181405895692, 14.988480725623583, 15.336780045351475, 15.673469387755102, 16.01015873015873, 16.381678004535146, 16.753197278911564, 17.11310657596372, 17.46140589569161, 17.821315192743764, 18.169614512471654, 18.517913832199547, 18.866213151927436, 19.22612244897959, 19.586031746031747, 19.922721088435374, 20.29424036281179, 20.654149659863947, 21.002448979591836, 21.339138321995463, 21.687437641723356, 22.04734693877551, 22.407256235827663, 22.76716553287982, 23.127074829931974, 23.475374149659864, 23.823673469387757, 24.171972789115646, 24.485442176870748, 24.822131519274375, 25.158820861678006, 25.518730158730158, 25.878639455782313, 26.25015873015873, 26.679727891156464, 27.00480725623583, 27.376326530612246, 27.713015873015873, 28.061315192743763, 28.409614512471656, 28.73469387755102, 29.094603174603176, 29.489342403628118, 29.826031746031745, 30.139501133786847, 30.522630385487528, 30.87092970521542, 31.24244897959184, 31.613968253968252, 31.973877551020408, 32.345396825396826, 32.71691609977324, 33.041995464852604, 33.36707482993197, 33.715374149659866, 34.06367346938776, 34.42358276643991, 34.7718820861678, 35.10857142857143, 35.468480725623586, 35.80517006802721, 36.14185941043084, 36.501768707482995, 36.85006802721088, 37.209977324263036, 37.581496598639454, 37.964625850340134, 38.2897052154195, 38.626394557823126, 38.97469387755102, 39.334603174603174, 39.68290249433107, 40.03120181405896, 40.379501133786846, 40.739410430839, 41.09931972789116, 41.44761904761905, 41.795918367346935, 42.15582766439909, 42.504126984126984, 42.85242630385488, 43.21233560090703, 43.57224489795918, 43.92054421768707, 44.268843537414966, 44.61714285714286, 44.977052154195015, 45.3253514739229, 45.67365079365079, 46.03356009070295, 46.38185941043084, 46.73015873015873, 47.09006802721088, 47.44997732426304, 47.79827664399093, 48.146575963718824, 48.50648526077097, 48.854784580498865], "beat_labels": [29, 20, 20, 20, 10, 10, 10, 18, 18, 18, 18, 4, 4, 4, 15, 15, 15, 11, 11, 11, 11, 11, 15, 29, 29, 7, 7, 7, 7, 0, 7, 19, 19, 19, 19, 6, 6, 22, 8, 6, 3, 3, 8, 8, 12, 28, 17, 5, 26, 5, 26, 2, 9, 2, 4, 3, 3, 17, 25, 25, 3, 20, 17, 4, 21, 21, 21, 23, 23, 22, 22, 6, 6, 3, 3, 12, 12, 28, 17, 5, 26, 5, 9, 27, 27, 24, 24, 3, 3, 3, 25, 8, 25, 28, 28, 14, 14, 16, 3, 3, 13, 3, 1, 1, 13, 13, 14, 14, 14, 3, 1, 1, 14, 1, 1, 1, 16, 16, 16, 16, 13, 13, 13, 16, 16], "beat_selections": [29, 115, 53, 87, 12, 49, 72, 26, 43, 52, 6, 18, 75, 100, 95, 14, 124, 57, 9, 32, 61, 64, 70, 68, 85, 59, 80, 84, 93, 23]}