{"beat_times": [0.6501587301587302, 1.5441269841269842, 2.4729251700680273, 3.3901133786848074, 4.330521541950113, 5.154829931972789, 6.025578231292517, 6.884716553287982, 7.790294784580499, 8.684263038548753, 9.566621315192744, 10.460589569160998, 11.366167800453514, 12.19047619047619, 13.02639455782313, 13.885532879818594, 14.756281179138321, 15.638639455782313, 16.532607709750568, 17.38013605442177, 18.274104308390022, 19.156462585034014, 20.003990929705214, 20.897959183673468, 21.768707482993197, 22.66267573696145, 23.510204081632654, 24.369342403628117, 25.228480725623584, 26.09922902494331, 26.9815873015873, 27.86394557823129, 28.711473922902496, 29.61705215419501, 30.45297052154195, 31.288888888888888, 32.182857142857145, 33.01877551020408, 33.94757369614513, 34.80671201814059, 35.70068027210884, 36.55981859410431, 37.430566893424036, 38.301315192743765, 39.21850340136054, 40.13569160997732, 41.05287981859411, 41.88879818594104, 42.782766439909295, 43.66512471655329, 44.582312925170065, 45.44145124716553, 46.32380952380952, 47.206167800453514, 48.05369614512472, 48.901224489795915, 49.795192743764176, 50.67755102040816, 51.536689342403626, 52.44226757369614, 53.31301587301587, 54.19537414965986, 55.077732426303854, 55.878820861678, 56.80761904761905, 57.7015873015873, 58.53750566893424, 59.50113378684807, 60.3718820861678, 61.25424036281179, 62.12498866213152, 63.00734693877551, 63.93614512471655, 64.80689342403628, 65.70086167800453, 66.58321995464853, 67.52362811791383, 68.46403628117913, 69.39283446712018, 70.14748299319727, 70.91374149659863], "beat_labels": [18, 12, 25, 10, 9, 9, 26, 5, 14, 14, 17, 10, 9, 29, 28, 5, 7, 29, 2, 2, 27, 0, 0, 5, 7, 27, 23, 5, 7, 23, 11, 5, 11, 7, 11, 28, 2, 7, 20, 15, 15, 15, 21, 7, 13, 6, 20, 3, 3, 24, 19, 19, 16, 2, 11, 2, 20, 4, 27, 13, 13, 13, 20, 20, 11, 11, 11, 4, 11, 11, 11, 20, 8, 1, 22, 16, 13, 4, 4, 8, 8], "beat_selections": [22, 73, 18, 48, 78, 27, 45, 37, 80, 4, 3, 70, 1, 44, 8, 39, 52, 10, 0, 50, 62, 42, 74, 29, 49, 2, 6, 25, 14, 17]}