{"beat_times": [0.09287981859410431, 0.603718820861678, 1.0797278911564625, 1.5673469387755101, 2.0317460317460316, 2.507755102040816, 2.9837641723356008, 3.633922902494331, 4.144761904761904, 4.632380952380952, 5.131609977324263, 5.607619047619048, 6.106848072562358, 6.582857142857143, 7.082086167800454, 7.534875283446712, 8.02249433106576, 8.533333333333333, 9.02095238095238, 9.485351473922902, 9.97297052154195, 10.460589569160998, 10.95981859410431, 11.400997732426303, 11.877006802721088, 12.364625850340136, 12.863854875283447, 13.339863945578232, 13.827482993197279, 14.280272108843537, 14.767891156462586, 15.24390022675737, 15.754739229024944, 16.114648526077097, 16.532607709750568, 16.973786848072564, 17.438185941043084, 17.972244897959182, 18.44825396825397, 19.06358276643991, 19.539591836734694, 20.027210884353742, 20.503219954648525, 20.97922902494331, 21.490068027210885, 21.954467120181405, 22.430476190476192, 22.918095238095237, 23.417324263038548, 23.893333333333334, 24.404172335600908, 24.845351473922904, 25.321360544217686, 25.83219954648526, 26.31981859410431, 26.79582766439909], "beat_labels": [11, 11, 28, 4, 6, 23, 17, 5, 20, 29, 27, 20, 5, 7, 18, 19, 21, 21, 2, 2, 27, 19, 3, 26, 8, 8, 25, 20, 20, 18, 5, 5, 12, 22, 10, 14, 24, 2, 17, 3, 27, 15, 0, 2, 0, 17, 17, 3, 2, 15, 18, 13, 13, 16, 1, 9], "beat_selections": [44, 54, 43, 22, 3, 31, 4, 13, 25, 55, 34, 1, 32, 52, 35, 49, 53, 45, 50, 15, 8, 16, 33, 5, 36, 26, 23, 20, 2, 9]}