{"beat_times": [0.313469387755102, 0.8243083900226758, 1.2887074829931973, 1.7763265306122449, 2.2523356009070294, 2.716734693877551, 3.2043537414965986, 3.8545124716553287, 4.365351473922902, 4.841360544217687, 5.340589569160998, 5.828208616780046, 6.315827664399093, 6.791836734693877, 7.302675736961452, 7.75546485260771, 8.243083900226758, 8.742312925170069, 9.229931972789116, 9.671111111111111, 10.193560090702947, 10.681179138321996, 11.168798185941043, 11.6215873015873, 12.097596371882085, 12.57360544217687, 13.072834467120181, 13.548843537414966, 14.048072562358277, 14.500861678004535, 14.988480725623583, 15.452879818594104, 15.975328798185942, 16.335238095238097, 16.741587301587302, 17.182766439909297, 17.65877551020408, 18.18122448979592, 18.668843537414965, 19.272562358276645, 19.760181405895693, 20.236190476190476, 20.723809523809525, 21.188208616780045, 21.69904761904762, 22.16344671201814, 22.651065759637188, 23.127074829931974, 23.62630385487528, 24.11392290249433, 24.624761904761904, 25.112380952380953, 25.588390022675735, 26.05278911564626, 26.528798185941042, 27.00480725623583], "beat_labels": [22, 0, 22, 18, 4, 12, 9, 10, 10, 3, 1, 3, 10, 20, 29, 10, 19, 6, 6, 6, 1, 8, 23, 25, 19, 26, 24, 3, 1, 3, 10, 10, 17, 2, 13, 15, 21, 8, 9, 29, 6, 11, 8, 16, 25, 28, 28, 29, 6, 11, 8, 7, 7, 27, 5, 14], "beat_selections": [1, 20, 33, 29, 4, 54, 40, 52, 42, 38, 12, 41, 5, 34, 55, 35, 43, 32, 3, 16, 13, 36, 0, 22, 26, 44, 25, 53, 46, 47]}