{"beat_times": [0.17414965986394557, 0.5804988662131519, 1.1029478458049886, 1.6486167800453515, 2.1942857142857144, 2.75156462585034, 3.297233560090703, 3.8545124716553287, 4.4117913832199545, 4.96907029478458, 5.50312925170068, 6.072018140589569, 6.606077097505669, 7.186575963718821, 7.732244897959184, 8.277913832199546, 8.811972789115647, 9.380861678004536, 9.903310657596371, 10.437369614512471, 11.00625850340136, 11.551927437641723, 12.097596371882085, 12.631655328798185, 13.188934240362812, 13.746213151927437, 14.280272108843537, 14.8259410430839, 15.383219954648526, 15.917278911564626, 16.486167800453515, 17.03183673469388, 17.57750566893424, 18.15800453514739, 18.738503401360543, 19.284172335600907, 19.841451247165534, 20.387120181405894, 20.956009070294783, 21.559727891156463, 22.11700680272109, 22.674285714285713, 23.219954648526077, 23.754013605442175, 24.288072562358277, 24.856961451247166, 25.402630385487527, 25.994739229024944, 26.528798185941042, 27.08607709750567, 27.654965986394558, 28.223854875283447, 28.804353741496598, 29.361632653061225, 29.91891156462585, 30.499410430839003, 31.045079365079363, 31.590748299319728, 32.113197278911564, 32.658866213151924, 33.20453514739229, 33.75020408163265, 34.307482993197276, 34.88798185941043, 35.398820861678004, 35.95609977324263, 36.53659863945578, 37.07065759637188, 37.63954648526077, 38.185215419501134, 38.71927437641723, 39.288163265306125, 39.82222222222222, 40.379501133786846, 40.936780045351476, 41.4940589569161, 42.06294784580499, 42.60861678004535, 43.165895691609975, 43.73478458049887, 44.30367346938775, 44.860952380952384, 45.42984126984127, 45.96390022675737, 46.53278911564626, 47.12489795918367, 47.67056689342404, 48.12335600907029, 48.6225850340136, 49.16825396825397, 49.69070294784581, 50.166712018140586, 50.68916099773243, 51.36253968253968, 52.00108843537415, 52.59319727891157, 53.127256235827666, 53.67292517006803, 54.24181405895692, 54.77587301587302, 55.33315192743764, 55.86721088435374, 56.42448979591837, 56.95854875283447, 57.52743764172335, 58.049886621315196, 58.595555555555556, 59.11800453514739, 59.675283446712015, 60.174512471655326, 60.75501133786848, 61.312290249433104, 61.84634920634921, 62.35718820861678, 62.914467120181406, 63.448526077097505, 64.00580498866213, 64.51664399092971, 65.06231292517006, 65.6195918367347, 66.1536507936508, 66.67609977324263, 67.221768707483, 67.75582766439909, 68.31310657596372, 68.83555555555556], "beat_labels": [17, 21, 6, 6, 0, 22, 10, 3, 3, 3, 13, 28, 11, 8, 15, 2, 9, 21, 13, 14, 11, 8, 15, 2, 2, 6, 20, 20, 0, 0, 19, 19, 27, 27, 7, 18, 12, 12, 8, 5, 17, 13, 26, 26, 23, 16, 10, 3, 3, 13, 13, 28, 11, 23, 15, 19, 10, 13, 6, 20, 0, 23, 9, 9, 9, 6, 20, 6, 0, 0, 29, 9, 9, 20, 20, 26, 0, 22, 19, 25, 8, 24, 0, 6, 16, 12, 5, 10, 10, 17, 4, 22, 22, 16, 25, 18, 3, 13, 28, 14, 11, 8, 16, 10, 11, 6, 6, 14, 11, 29, 15, 16, 6, 20, 6, 20, 23, 23, 21, 21, 21, 1, 1, 1, 1, 1], "beat_selections": [4, 125, 23, 48, 90, 86, 67, 34, 13, 63, 87, 52, 37, 97, 99, 110, 111, 89, 35, 31, 73, 17, 5, 44, 81, 94, 42, 32, 98, 109]}