{"beat_times": [0.5224489795918368, 0.9171882086167801, 1.4512471655328798, 1.9969160997732427, 2.5309750566893423, 3.0882539682539685, 3.633922902494331, 4.20281179138322, 4.760090702947846, 5.317369614512471, 5.851428571428571, 6.42031746031746, 6.9543764172335605, 7.534875283446712, 8.068934240362811, 8.626213151927438, 9.160272108843538, 9.717551020408163, 10.251609977324263, 10.785668934240363, 11.354557823129252, 11.900226757369614, 12.445895691609977, 12.968344671201814, 13.537233560090703, 14.094512471655328, 14.628571428571428, 15.162630385487528, 15.731519274376417, 16.265578231292515, 16.834467120181404, 17.38013605442177, 17.925804988662133, 18.506303854875284, 19.086802721088436, 19.6324716553288, 20.189750566893423, 20.735419501133787, 21.304308390022676, 21.873197278911565, 22.453696145124717, 22.99936507936508, 23.556643990929704, 24.102312925170068, 24.636371882086166, 25.205260770975055, 25.75092970521542, 26.33142857142857, 26.877097505668935, 27.434376417233562, 28.003265306122447, 28.560544217687074, 29.141043083900225, 29.709931972789114, 30.26721088435374, 30.83609977324263, 31.393378684807256, 31.93904761904762, 32.46149659863946, 33.00716553287982, 33.55283446712018, 34.098503401360546, 34.644172335600906, 35.22467120181406, 35.7471201814059, 36.30439909297052, 36.884897959183675, 37.41895691609977, 37.9762358276644, 38.53351473922903, 39.05596371882086, 39.63646258503401, 40.170521541950116, 40.72780045351474, 41.28507936507936, 41.84235827664399, 42.399637188208615, 42.956916099773245, 43.51419501133787, 44.07147392290249, 44.651972789115646, 45.20925170068027, 45.7665306122449, 46.31219954648526, 46.88108843537415, 47.47319727891156, 48.01886621315193, 48.46004535147392, 48.901224489795915, 49.504943310657595, 50.02739229024943, 50.51501133786848, 51.037460317460315, 51.710839002267576, 52.34938775510204, 52.94149659863945, 53.47555555555556, 54.02122448979592, 54.57850340136054, 55.11256235827664, 55.68145124716553, 56.21551020408163, 56.76117913832199, 57.30684807256236, 57.875736961451246, 58.39818594104308, 58.93224489795919, 59.45469387755102, 60.02358276643991, 60.51120181405896, 61.103310657596374, 61.648979591836735, 62.194648526077096, 62.70548752834467, 63.2627664399093, 63.7968253968254, 64.35410430839002, 64.8649433106576, 65.41061224489796, 65.96789115646258, 66.49034013605443, 67.02439909297053, 67.57006802721088, 68.10412698412698, 68.66140589569162, 69.18385487528344], "beat_labels": [10, 1, 6, 4, 14, 7, 9, 3, 3, 3, 5, 6, 19, 11, 15, 10, 10, 6, 5, 29, 8, 11, 15, 15, 6, 6, 23, 4, 0, 0, 17, 7, 27, 27, 7, 13, 7, 7, 28, 26, 10, 3, 4, 4, 14, 19, 9, 7, 7, 3, 5, 23, 8, 19, 20, 29, 9, 5, 6, 6, 14, 19, 10, 17, 10, 6, 23, 4, 14, 19, 4, 17, 17, 5, 6, 4, 0, 16, 20, 22, 26, 12, 25, 3, 7, 7, 24, 9, 9, 29, 13, 16, 2, 16, 2, 13, 13, 5, 6, 29, 8, 11, 20, 9, 11, 23, 23, 29, 8, 11, 15, 3, 23, 6, 6, 6, 0, 19, 21, 21, 23, 1, 1, 1, 18, 18], "beat_selections": [29, 1, 92, 8, 75, 18, 98, 84, 100, 56, 15, 21, 81, 90, 44, 23, 91, 71, 125, 12, 78, 118, 79, 26, 86, 82, 80, 33, 38, 107]}