{"beat_times": [0.08126984126984127, 0.4876190476190476, 0.8359183673469388, 1.230657596371882, 1.6253968253968254, 2.020136054421769, 2.426485260770975, 2.8328344671201813, 3.2624036281179136, 3.7268027210884354, 4.1099319727891155, 4.562721088435374, 4.96907029478458, 5.38702947845805, 5.8165986394557825, 6.222947845804988, 6.582857142857143, 6.989206349206349, 7.383945578231293, 7.75546485260771, 8.126984126984127, 8.486893424036282, 8.858412698412698, 9.229931972789116, 9.624671201814058, 10.019410430839002, 10.448979591836734, 10.89015873015873, 11.331337868480725, 11.737687074829932, 12.132426303854876, 12.538775510204081, 12.945124716553288, 13.339863945578232, 13.734603174603174, 14.140952380952381, 14.489251700680272, 14.872380952380952, 15.24390022675737, 15.615419501133786, 15.986938775510204, 16.39328798185941, 16.799637188208617, 17.182766439909297, 17.554285714285715, 17.937414965986395, 18.308934240362813, 18.668843537414965, 19.051972789115645, 19.458321995464853, 19.87628117913832, 20.28263038548753, 20.688979591836734, 21.083718820861677, 21.478458049886623, 21.884807256235828, 22.31437641723356, 22.755555555555556, 23.173514739229024, 23.591473922902495, 23.986213151927437, 24.392562358276646, 24.891791383219953, 25.274920634920633, 25.75092970521542, 26.21532879818594, 26.59845804988662, 26.9815873015873, 27.457596371882087, 27.829115646258504, 28.200634920634922, 28.61859410430839, 29.013333333333332, 29.396462585034012, 29.756371882086167, 30.139501133786847, 30.592290249433105, 31.0334693877551, 31.43981859410431, 31.880997732426305, 32.275736961451244, 32.658866213151924, 33.053605442176874, 33.45995464852608, 33.924353741496596, 34.35392290249433, 34.748662131519275, 35.20145124716553, 35.631020408163266, 36.02575963718821, 36.432108843537414, 36.83845804988662, 37.24480725623583, 37.651156462585035, 38.04589569160998, 38.463854875283445, 38.85859410430839, 39.2649433106576, 39.671292517006805, 40.054421768707485, 40.46077097505669, 40.87873015873016, 41.28507936507936, 41.7146485260771, 42.132607709750566, 42.573786848072565, 43.02657596371882, 43.456145124716556, 43.874104308390024], "beat_labels": [23, 3, 3, 19, 10, 10, 4, 13, 3, 13, 9, 0, 11, 1, 21, 27, 27, 13, 0, 1, 1, 1, 8, 8, 21, 16, 19, 1, 26, 27, 3, 9, 5, 1, 1, 9, 21, 25, 25, 8, 20, 6, 1, 10, 10, 0, 8, 13, 6, 6, 7, 7, 14, 0, 8, 20, 18, 24, 27, 27, 6, 13, 9, 0, 16, 15, 23, 0, 23, 1, 29, 9, 9, 8, 8, 27, 28, 27, 9, 23, 10, 10, 9, 8, 27, 21, 21, 17, 12, 22, 0, 27, 28, 3, 8, 27, 27, 13, 4, 2, 2, 23, 27, 4, 23, 15, 15, 1, 1], "beat_selections": [11, 33, 99, 2, 6, 32, 48, 50, 39, 35, 4, 12, 88, 7, 52, 106, 25, 87, 56, 3, 55, 24, 89, 79, 57, 37, 28, 102, 76, 70]}