{"beat_times": [0.23219954648526078, 0.6385487528344671, 1.0448979591836736, 1.5789569160997732, 2.136235827664399, 2.693514739229025, 3.1695238095238096, 3.599092970521542, 3.9938321995464854, 4.46984126984127, 4.957460317460318, 5.456689342403628, 5.955918367346939, 6.455147392290249, 6.9543764172335605, 7.465215419501134, 7.9412244897959186, 8.440453514739229, 8.928072562358278, 9.415691609977324, 9.903310657596371, 10.402539682539683, 10.878548752834467, 11.366167800453514, 11.853786848072563, 12.34140589569161, 12.805804988662132, 13.305034013605443, 13.769433106575963, 14.257052154195012, 14.756281179138321, 15.24390022675737, 15.731519274376417, 16.207528344671204, 16.72997732426304, 17.217596371882085, 17.716825396825396, 18.216054421768707, 18.703673469387756, 19.202902494331067, 19.702131519274378, 20.201360544217685, 20.700589569160996, 21.199818594104308, 21.69904761904762, 22.186666666666667, 22.66267573696145, 23.173514739229024, 23.661133786848072, 24.171972789115646, 24.659591836734695, 25.158820861678006, 25.66965986394558, 26.180498866213153, 26.668117913832198, 27.16734693877551, 27.643356009070295, 28.142585034013607, 28.63020408163265, 29.1178231292517, 29.60544217687075, 30.081451247165532, 30.580680272108843, 31.079909297052154, 31.567528344671203, 32.05514739229025, 32.5427664399093, 33.01877551020408, 33.50639455782313, 34.00562358276644, 34.50485260770975], "beat_labels": [4, 3, 9, 9, 20, 11, 12, 28, 17, 17, 0, 17, 17, 27, 27, 24, 24, 25, 25, 6, 1, 1, 10, 7, 10, 7, 7, 25, 10, 2, 16, 22, 23, 13, 12, 5, 0, 5, 0, 28, 0, 0, 17, 12, 12, 12, 12, 12, 12, 5, 28, 29, 17, 13, 8, 1, 1, 1, 25, 1, 27, 2, 21, 21, 18, 13, 15, 14, 14, 19, 26], "beat_selections": [38, 20, 29, 1, 0, 35, 19, 25, 54, 3, 28, 5, 47, 65, 68, 66, 30, 42, 64, 69, 4, 63, 31, 32, 15, 58, 70, 60, 39, 51]}