{"beat_times": [0.313469387755102, 0.8010884353741496, 1.2770975056689342, 1.7531065759637188, 2.1942857142857144, 2.647074829931973, 3.0882539682539685, 3.5526530612244898, 3.9938321995464854, 4.435011337868481, 4.876190476190477, 5.317369614512471, 5.758548752834467, 6.199727891156463, 6.6525170068027215, 7.093696145124716, 7.546485260770975, 7.987664399092971, 8.440453514739229, 8.881632653061224, 9.32281179138322, 9.763990929705216, 10.205170068027211, 10.65795918367347, 11.099138321995465, 11.54031746031746, 11.993106575963719, 12.434285714285714, 12.87546485260771, 13.305034013605443, 13.746213151927437, 14.187392290249432, 14.640181405895692, 15.104580498866213, 15.534149659863946, 15.975328798185942, 16.4281179138322, 16.84607709750567, 17.252426303854875, 17.705215419501133, 18.14639455782313, 18.599183673469387, 19.040362811791383, 19.49315192743764, 19.9459410430839, 20.387120181405894, 20.839909297052156, 21.269478458049885, 21.757097505668934, 22.19827664399093, 22.639455782312925, 23.092244897959183, 23.54503401360544, 23.9978231292517, 24.450612244897957, 24.891791383219953, 25.33297052154195, 25.78575963718821, 26.226938775510202, 26.668117913832198, 27.12090702947846, 27.562086167800455, 28.026485260770976, 28.46766439909297, 28.908843537414967, 29.373242630385487, 29.826031746031745, 30.278820861678003, 30.75482993197279, 31.207619047619048, 31.613968253968252, 32.1015873015873, 32.55437641723356, 33.00716553287982, 33.45995464852608, 33.90113378684807, 34.365532879818595, 34.80671201814059, 35.25950113378685], "beat_labels": [19, 2, 2, 2, 2, 2, 2, 2, 22, 21, 16, 13, 13, 14, 21, 7, 16, 16, 8, 2, 16, 5, 5, 11, 11, 29, 11, 4, 7, 21, 18, 18, 18, 18, 2, 16, 7, 5, 5, 18, 22, 22, 5, 22, 22, 10, 8, 15, 10, 27, 15, 9, 9, 26, 6, 12, 12, 12, 6, 20, 28, 23, 6, 8, 7, 8, 10, 25, 17, 14, 6, 1, 1, 1, 0, 0, 24, 3, 3], "beat_selections": [74, 71, 7, 77, 27, 42, 70, 28, 63, 52, 66, 23, 55, 12, 69, 50, 35, 68, 32, 0, 59, 9, 41, 61, 76, 67, 53, 49, 60, 25]}