{"beat_times": [0.313469387755102, 1.0100680272108844, 1.509297052154195, 2.066575963718821, 2.5774149659863945, 3.1579138321995464, 3.657142857142857, 4.214421768707483, 4.73687074829932, 5.2477097505668935, 5.746938775510204, 6.246167800453515, 6.640907029478458, 7.1401360544217685, 7.604535147392291, 8.185034013605442, 8.742312925170069, 9.229931972789116, 9.671111111111111, 10.12390022675737, 10.588299319727891, 11.110748299319727, 11.679637188208616, 12.19047619047619, 12.701315192743763, 13.188934240362812, 13.676553287981859, 14.152562358276644, 14.663401360544217, 15.185850340136055, 15.696689342403628, 16.24235827664399, 16.741587301587302], "beat_labels": [0, 25, 27, 21, 11, 9, 13, 12, 18, 18, 10, 26, 22, 25, 1, 6, 16, 14, 7, 3, 17, 15, 24, 20, 5, 2, 19, 23, 4, 28, 29, 14, 8], "beat_selections": [0, 14, 25, 19, 28, 24, 15, 18, 32, 5, 10, 4, 7, 6, 31, 21, 16, 20, 9, 26, 23, 3, 12, 27, 22, 1, 11, 2, 29, 30]}