{"beat_times": [10.983038548752834, 11.586757369614512, 12.248526077097505, 12.887074829931972, 13.514013605442177, 14.106122448979592, 14.721451247165533, 15.313560090702948, 15.905668934240364, 16.486167800453515, 17.147936507936507, 17.809705215419502, 18.413424036281178, 19.017142857142858, 19.620861678004534, 20.224580498866214, 20.839909297052156, 21.455238095238094, 22.070566893424036, 22.66267573696145, 23.254784580498868, 23.84689342403628, 24.473832199546486, 25.077551020408162, 25.64643990929705, 26.23854875283447, 26.842267573696144, 27.422766439909296, 28.026485260770976, 28.606984126984127, 29.19909297052154, 29.791201814058958, 30.429750566893425, 31.172789115646257, 31.834557823129252, 32.507936507936506, 33.0768253968254, 33.66893424036281, 34.19138321995465, 34.795102040816325, 35.42204081632653, 36.04897959183673, 36.65269841269841, 37.18675736961451, 37.72081632653061, 38.35936507936508, 38.93986394557823, 39.52036281179139, 40.12408163265306, 40.704580498866214, 41.308299319727894, 41.88879818594104, 42.4692970521542, 43.02657596371882, 43.53741496598639, 44.02503401360544, 44.5707029478458, 45.10476190476191, 45.65043083900227, 46.23092970521542, 46.73015873015873, 47.38031746031746, 47.89115646258504, 48.44843537414966, 49.05215419501134, 49.562993197278914, 50.166712018140586, 50.81687074829932, 51.478639455782314, 52.140408163265306, 52.86022675736962, 53.556825396825396, 54.07927437641723, 54.63655328798186, 55.18222222222222, 55.86721088435374, 56.49414965986394, 57.14430839002267, 57.7015873015873, 58.17759637188209, 58.71165532879819, 59.350204081632654, 59.88426303854875, 60.40671201814059, 60.91755102040816, 61.46321995464853, 61.99727891156463], "beat_labels": [2, 2, 2, 2, 2, 2, 11, 11, 11, 11, 15, 6, 6, 4, 4, 4, 4, 7, 7, 7, 2, 2, 28, 28, 28, 28, 17, 25, 17, 17, 1, 16, 22, 3, 12, 14, 14, 18, 18, 18, 27, 22, 16, 16, 0, 0, 22, 29, 26, 26, 1, 5, 29, 29, 12, 20, 14, 14, 5, 16, 24, 12, 10, 16, 5, 0, 16, 10, 3, 23, 21, 23, 9, 13, 21, 19, 19, 22, 5, 9, 8, 2, 5, 13, 27, 13, 12], "beat_selections": [45, 30, 0, 68, 16, 58, 11, 18, 80, 79, 67, 8, 54, 83, 56, 10, 31, 28, 39, 76, 55, 74, 77, 71, 60, 27, 49, 40, 23, 52]}