{"beat_times": [10.065850340136054, 10.518639455782314, 10.95981859410431, 11.447437641723356, 11.969886621315192, 12.45750566893424, 12.933514739229025, 13.40952380952381, 13.87392290249433, 14.349931972789115, 14.8259410430839, 15.267120181405895, 15.731519274376417, 16.24235827664399, 16.72997732426304, 17.264036281179138, 17.728435374149658, 18.15800453514739, 18.64562358276644, 19.11002267573696, 19.59764172335601, 20.050430839002267, 20.433560090702947, 20.851519274376418, 21.223038548752836, 21.687437641723356, 22.140226757369614, 22.6162358276644, 23.08063492063492, 23.56825396825397, 24.021043083900228, 24.485442176870748, 24.98467120181406, 25.507120181405895, 25.959909297052153, 26.377868480725624, 26.842267573696144, 27.353106575963718, 27.86394557823129, 28.31673469387755, 28.804353741496598, 29.280362811791385, 29.733151927437643, 30.116281179138323, 30.499410430839003, 30.95219954648526, 31.393378684807256, 31.79972789115646, 32.21768707482993, 32.64725623582766, 33.065215419501136, 33.55283446712018, 33.99401360544218, 34.42358276643991, 34.88798185941043, 35.43365079365079, 35.88643990929705, 36.39727891156463, 36.89650793650794, 37.384126984126986, 37.871746031746035, 38.35936507936508, 38.8237641723356, 39.27655328798186, 39.72934240362812, 40.19374149659864, 40.61170068027211, 41.06448979591837, 41.57532879818594, 42.14421768707483, 42.666666666666664, 43.15428571428571, 43.607074829931975, 44.12952380952381, 44.55909297052154, 45.00027210884354, 45.464671201814056, 45.94068027210884, 46.393469387755104, 46.834648526077096, 47.29904761904762, 47.809886621315194, 48.26267573696145, 48.66902494331066, 49.191473922902496, 49.66748299319728, 50.108662131519274, 50.63111111111111, 51.1071201814059, 51.58312925170068, 52.0475283446712, 52.511927437641724, 52.98793650793651, 53.440725623582765, 53.81224489795918, 54.21859410430839, 54.68299319727891, 55.193832199546485, 55.635011337868484, 56.076190476190476, 56.55219954648526, 57.03981859410431, 57.46938775510204, 57.94539682539683, 58.409795918367344, 58.862585034013605, 59.37342403628118, 59.849433106575965, 60.32544217687075, 60.78984126984127, 61.25424036281179, 61.7534693877551, 62.38040816326531, 62.85641723356009, 63.332426303854874, 63.73877551020408, 64.12190476190476, 64.55147392290249, 65.01587301587301, 65.45705215419501, 65.89823129251701, 66.35102040816327, 66.72253968253968, 67.10566893424036, 67.55845804988662, 68.01124716553288], "beat_labels": [10, 28, 8, 10, 8, 28, 10, 28, 28, 25, 0, 15, 3, 23, 23, 1, 1, 1, 8, 8, 8, 28, 10, 10, 28, 25, 25, 15, 3, 3, 13, 17, 29, 4, 19, 26, 19, 4, 2, 2, 10, 6, 6, 15, 0, 3, 23, 17, 4, 21, 4, 4, 7, 20, 16, 14, 2, 28, 6, 25, 15, 3, 23, 13, 12, 21, 5, 20, 7, 12, 24, 14, 2, 10, 6, 25, 15, 0, 3, 13, 9, 4, 22, 20, 7, 12, 21, 14, 2, 10, 6, 6, 15, 3, 13, 13, 27, 18, 18, 1, 11, 11, 11, 11, 10, 28, 1, 25, 0, 0, 0, 10, 1, 18, 18, 18, 18, 11, 11, 11, 6, 1, 1, 6, 25, 15], "beat_selections": [108, 16, 38, 29, 37, 66, 123, 52, 20, 80, 89, 101, 85, 30, 55, 27, 54, 31, 115, 34, 83, 86, 82, 62, 70, 59, 35, 96, 7, 32]}