{"beat_times": [0.2786394557823129, 1.195827664399093, 2.124625850340136, 2.9837641723356008, 3.912562358276644, 4.829750566893424, 5.746938775510204, 6.629297052154195, 7.534875283446712, 8.440453514739229, 9.346031746031747, 10.24, 11.15718820861678, 12.039546485260772, 12.956734693877552, 13.862312925170068, 14.779501133786848, 15.545759637188208, 16.61387755102041, 17.519455782312924, 18.390204081632653, 19.086802721088436, 20.143310657596373, 21.21142857142857, 22.128616780045352, 23.04580498866213, 23.91655328798186, 24.810521541950113, 25.820589569160997, 26.71455782312925, 27.643356009070295, 28.560544217687074, 29.489342403628118, 30.383310657596372, 31.30049886621315, 32.19446712018141, 33.13487528344671, 33.99401360544218, 34.9924716553288, 35.87482993197279, 36.74557823129252, 37.72081632653061, 38.55673469387755, 39.54358276643991, 40.41433106575964, 41.34312925170068, 42.27192743764172, 43.20072562358277, 43.97859410430839, 44.872562358276646, 45.847800453514736, 46.9275283446712, 47.821496598639456, 48.738684807256234, 49.679092970521545, 50.59628117913832, 51.478639455782314, 52.453877551020405, 53.38267573696145, 54.28825396825397, 55.240272108843534, 56.11102040816326, 57.00498866213152, 57.9221768707483, 58.862585034013605, 59.779773242630384, 60.6853514739229, 61.61414965986395, 62.531337868480726, 63.448526077097505, 64.34249433106577, 65.25968253968254, 66.1536507936508, 67.0940589569161, 68.02285714285715, 68.9168253968254, 69.84562358276644, 70.73959183673469, 71.68, 72.57396825396826, 73.52598639455782, 74.45478458049887, 75.3255328798186, 76.25433106575964, 77.19473922902495, 78.0887074829932, 79.01750566893423, 79.93469387755103, 80.87510204081633, 81.81551020408163, 82.75591836734694, 83.67310657596371, 84.63673469387756, 85.55392290249434, 86.49433106575964, 87.43473922902494, 88.36353741496599, 89.30394557823129, 90.19791383219955, 91.1847619047619, 92.13678004535147, 93.06557823129252, 94.00598639455782, 94.91156462585035, 95.8635827664399, 96.81560090702948, 97.74439909297053, 98.68480725623583, 99.6019954648526, 100.5772335600907, 101.5524716553288, 102.51609977324263, 103.5958276643991, 104.51301587301587, 105.34893424036281, 106.21968253968254], "beat_labels": [11, 6, 1, 6, 1, 6, 1, 6, 11, 15, 1, 15, 11, 24, 11, 24, 25, 7, 23, 27, 26, 4, 28, 15, 18, 13, 28, 26, 16, 6, 23, 6, 25, 8, 8, 27, 26, 4, 21, 15, 0, 15, 28, 0, 21, 12, 12, 29, 25, 19, 8, 19, 9, 6, 23, 7, 4, 10, 6, 10, 21, 12, 29, 29, 9, 8, 8, 19, 9, 26, 23, 13, 25, 7, 14, 14, 20, 20, 17, 3, 2, 5, 5, 9, 7, 13, 22, 3, 20, 16, 16, 9, 13, 3, 17, 3, 1, 16, 14, 10, 13, 13, 17, 3, 2, 5, 5, 4, 7, 10, 13, 13, 22, 4, 9, 9], "beat_selections": [43, 96, 104, 79, 107, 81, 3, 108, 50, 91, 57, 8, 45, 101, 98, 9, 28, 78, 24, 51, 77, 60, 112, 54, 13, 48, 36, 35, 22, 63]}