{"beat_times": [0.3599092970521542, 0.9287981859410431, 1.4280272108843537, 1.9040362811791383, 2.391655328798186, 2.8560544217687074, 3.3436734693877552, 3.7964625850340137, 4.249251700680272, 4.702040816326531, 5.154829931972789, 5.607619047619048, 6.141678004535147, 6.617687074829932, 7.116916099773243, 7.569705215419501, 7.999274376417233, 8.452063492063493, 8.904852607709751, 9.357641723356009, 9.810430839002267, 10.251609977324263, 10.716009070294785, 11.19201814058957, 11.656417233560092, 12.144036281179138, 12.631655328798185, 13.200544217687074, 13.757823129251701, 14.257052154195012, 14.721451247165533, 15.151020408163266, 15.603809523809524, 16.114648526077097, 16.590657596371884, 17.055056689342404, 17.507845804988662, 18.007074829931973, 18.506303854875284, 18.982312925170067, 19.481541950113378, 19.91111111111111, 20.48, 20.96761904761905, 21.408798185941045, 21.849977324263037, 22.3027664399093, 22.720725623582766, 23.16190476190476, 23.742403628117913, 24.13714285714286, 24.555102040816326, 24.99628117913832, 25.495510204081633, 25.925079365079366, 26.505578231292517, 26.969977324263038, 27.422766439909296, 27.88716553287982, 28.305124716553287, 28.723083900226758, 29.164263038548754, 29.593832199546487, 30.046621315192745, 30.511020408163265, 31.068299319727892, 31.590748299319728, 32.124807256235826, 32.565986394557825, 32.995555555555555, 33.448344671201816, 33.935963718820865, 34.44680272108844, 34.969251700680275, 35.468480725623586, 35.88643990929705, 36.35083900226758, 36.80362811791383, 37.268027210884355, 37.73242630385487, 38.185215419501134, 38.638004535147395, 39.12562358276644, 39.68290249433107, 40.13569160997732, 40.68136054421769, 41.16897959183674, 41.62176870748299, 42.08616780045352, 42.55056689342403, 43.02657596371882, 43.456145124716556, 43.874104308390024, 44.30367346938775, 44.73324263038549, 45.255691609977326, 45.7665306122449, 46.172879818594105, 46.64888888888889, 47.12489795918367, 47.62412698412698, 48.088526077097505, 48.529705215419504, 48.98249433106576, 49.55138321995465, 50.004172335600906, 50.48018140589569, 50.95619047619048, 51.39736961451247, 51.82693877551021, 52.25650793650794, 52.61641723356009], "beat_labels": [13, 13, 5, 19, 12, 12, 22, 17, 16, 20, 8, 20, 20, 7, 2, 2, 2, 24, 18, 6, 8, 17, 7, 14, 11, 6, 14, 7, 16, 8, 5, 0, 15, 15, 19, 14, 2, 2, 8, 26, 0, 20, 21, 0, 11, 17, 5, 13, 12, 22, 5, 0, 19, 0, 0, 29, 17, 2, 7, 22, 9, 3, 17, 14, 8, 11, 25, 10, 10, 1, 2, 2, 26, 10, 3, 7, 11, 2, 2, 2, 8, 14, 8, 10, 8, 11, 2, 10, 10, 17, 24, 24, 24, 1, 16, 3, 4, 23, 28, 27, 19, 15, 0, 4, 4, 4, 23, 4, 4, 4, 4, 4], "beat_selections": [53, 69, 37, 95, 108, 46, 25, 75, 64, 60, 87, 65, 5, 1, 63, 33, 94, 21, 18, 100, 12, 42, 6, 106, 92, 66, 39, 99, 98, 55]}