{"beat_times": [0.26702947845804986, 0.8243083900226758, 1.2770975056689342, 1.7531065759637188, 2.2639455782312927, 2.716734693877551, 3.1346938775510202, 3.5526530612244898, 4.028662131519274, 4.446621315192743, 4.876190476190477, 5.328979591836735, 5.804988662131519, 6.327437641723356, 6.8034467120181406, 7.325895691609977, 7.743854875283446, 8.185034013605442, 8.626213151927438, 9.079002267573696, 9.578231292517007, 10.077460317460318, 10.576689342403627, 11.122358276643991, 11.6215873015873, 12.10920634920635, 12.631655328798185, 13.165714285714285, 13.664943310657597, 14.187392290249432, 14.640181405895692, 15.081360544217688, 15.522539682539682, 15.986938775510204, 16.451337868480724, 16.938956916099773, 17.41496598639456, 17.890975056689342, 18.36698412698413, 18.83138321995465, 19.342222222222222, 19.79501133786848, 20.271020408163267, 20.712199546485262, 21.118548752834467, 21.536507936507938, 22.01251700680272, 22.430476190476192, 22.836825396825397, 23.278004535147392, 23.754013605442175, 24.23002267573696, 24.68281179138322, 25.158820861678006, 25.623219954648526, 26.110839002267575, 26.586848072562358, 27.039637188208616, 27.515646258503402, 27.96843537414966, 28.45605442176871, 28.966893424036282, 29.442902494331065, 29.895691609977323, 30.34848072562358, 30.812879818594105, 31.32371882086168, 31.846167800453514, 32.3221768707483, 32.75174603174603, 33.20453514739229, 33.68054421768707, 34.17977324263038, 34.690612244897956, 35.131791383219955, 35.64263038548753, 36.13024943310658, 36.6875283446712, 37.151927437641724, 37.593106575963716, 38.034285714285716, 38.47546485260771, 38.88181405895691, 39.29977324263039, 39.717732426303854, 40.13569160997732, 40.58848072562358, 41.041269841269845, 41.57532879818594, 42.06294784580499, 42.59700680272109, 43.073015873015876, 43.490975056689344, 43.990204081632655, 44.51265306122449, 44.98866213151928, 45.41823129251701, 45.88263038548753, 46.37024943310658, 46.78820861678005, 47.28743764172336], "beat_labels": [16, 23, 16, 11, 11, 11, 11, 11, 3, 3, 11, 18, 26, 1, 17, 14, 7, 7, 4, 4, 2, 29, 21, 12, 13, 27, 27, 8, 16, 25, 28, 19, 24, 8, 8, 6, 6, 6, 26, 26, 8, 8, 0, 8, 0, 0, 6, 6, 18, 0, 0, 0, 6, 6, 6, 18, 18, 0, 0, 9, 9, 6, 18, 18, 18, 8, 6, 16, 16, 20, 20, 1, 1, 0, 1, 1, 16, 6, 6, 22, 18, 15, 18, 15, 15, 15, 15, 15, 6, 0, 0, 22, 11, 22, 22, 3, 1, 5, 7, 14, 10], "beat_selections": [49, 96, 20, 8, 19, 97, 88, 98, 65, 59, 100, 3, 23, 24, 99, 81, 68, 14, 80, 31, 70, 22, 79, 1, 32, 29, 39, 26, 30, 21]}