{"beat_times": [1.2770975056689342, 1.7531065759637188, 2.2291156462585033, 2.716734693877551, 3.215963718820862, 3.657142857142857, 4.237641723356009, 4.783310657596372, 5.270929705215419, 5.77015873015873, 6.2693877551020405, 6.780226757369615, 7.291065759637188, 7.813514739229025, 8.394013605442177, 8.811972789115647, 9.287981859410431, 9.845260770975056, 10.379319727891156, 10.901768707482994, 11.400997732426303, 11.900226757369614, 12.399455782312925, 12.898684807256236, 13.40952380952381, 14.001632653061224, 14.59374149659864, 15.034920634920635, 15.557369614512472, 16.149478458049888, 16.62548752834467, 17.124716553287982, 17.670385487528346, 18.216054421768707, 18.773333333333333, 19.237732426303854, 19.725351473922903, 20.201360544217685, 20.688979591836734, 21.153378684807254, 21.61777777777778, 22.140226757369614, 22.674285714285713, 23.173514739229024, 23.579863945578232, 23.986213151927437, 24.41578231292517, 24.88018140589569, 25.356190476190477, 25.797369614512473, 26.25015873015873, 26.749387755102042, 27.295056689342402, 27.805895691609976, 28.328344671201815, 28.85079365079365, 29.373242630385487, 29.895691609977323, 30.33687074829932, 30.766439909297052, 31.312108843537416, 31.846167800453514, 32.42666666666667, 32.98394557823129, 33.483174603174604, 33.982403628117915, 34.49324263038549, 35.15501133786848, 35.619410430839004, 36.08380952380952, 36.548208616780045, 37.01260770975057, 37.46539682539682, 37.92979591836735, 38.55673469387755, 39.0443537414966, 39.555192743764174, 40.07764172335601, 40.600090702947846, 41.11092970521542, 41.517278911564624, 41.9352380952381, 42.38802721088435, 42.8756462585034, 43.32843537414966, 43.79283446712018, 44.28045351473923, 44.83773242630385, 45.360181405895695, 45.87102040816327, 46.37024943310658, 46.86947845804988, 47.368707482993194], "beat_labels": [0, 18, 0, 26, 6, 6, 6, 6, 6, 18, 18, 18, 0, 6, 0, 8, 16, 23, 10, 7, 11, 28, 21, 7, 13, 2, 24, 24, 12, 7, 7, 3, 11, 3, 29, 14, 29, 1, 2, 7, 11, 16, 7, 19, 29, 29, 10, 17, 21, 2, 13, 22, 22, 4, 8, 18, 11, 5, 5, 5, 13, 24, 13, 25, 25, 0, 15, 8, 0, 4, 9, 19, 21, 10, 22, 2, 23, 2, 13, 4, 13, 5, 10, 4, 8, 8, 0, 18, 0, 27, 0, 8, 20], "beat_selections": [90, 37, 49, 31, 53, 58, 8, 42, 85, 70, 73, 40, 28, 62, 35, 66, 16, 47, 55, 43, 92, 72, 51, 17, 27, 64, 3, 89, 21, 36]}