{"beat_times": [0.5224489795918368, 0.905578231292517, 1.3003174603174603, 1.6370068027210884, 2.0085260770975055, 2.380045351473923, 2.75156462585034, 3.1230839002267574, 3.5062131519274375, 3.81968253968254, 4.214421768707483, 4.504671201814059, 4.794920634920635, 5.108390022675737, 5.456689342403628, 5.804988662131519, 6.164897959183674, 6.466757369614513, 6.791836734693877, 7.1401360544217685, 7.441995464852607, 7.743854875283446, 8.057324263038549, 8.382403628117913, 8.742312925170069, 9.113832199546485, 9.485351473922902, 9.85687074829932, 10.228390022675738, 10.599909297052154, 10.971428571428572, 11.34294784580499, 11.737687074829932, 12.132426303854876, 12.503945578231292, 12.852244897959183, 13.177324263038548, 13.514013605442177, 13.897142857142857, 14.257052154195012, 14.616961451247166, 14.97687074829932, 15.36, 15.719909297052155, 16.01015873015873, 16.31201814058957, 16.69514739229025, 17.08988662131519, 17.41496598639456, 17.740045351473924, 18.123174603174604, 18.506303854875284, 18.889433106575964, 19.272562358276645, 19.59764172335601, 19.934331065759636, 20.271020408163267, 20.607709750566894, 20.94439909297052, 21.31591836734694, 21.652607709750566, 21.97768707482993, 22.256326530612245, 22.534965986394557, 22.88326530612245, 23.196734693877552, 23.521814058956917, 23.881723356009072, 24.23002267573696, 24.589931972789117, 24.91501133786848, 25.228480725623584, 25.55356009070295, 25.878639455782313, 26.203718820861678, 26.563628117913833, 26.923537414965985, 27.28344671201814, 27.608526077097505, 27.898775510204082, 28.212244897959184, 28.54893424036281, 28.966893424036282, 29.38485260770975, 29.756371882086167, 30.127891156462585, 30.464580498866212, 30.812879818594105, 31.21922902494331], "beat_labels": [14, 14, 6, 28, 1, 1, 6, 6, 6, 9, 11, 20, 20, 8, 6, 3, 3, 19, 19, 6, 16, 16, 18, 18, 1, 13, 25, 10, 10, 1, 3, 3, 20, 20, 22, 22, 16, 23, 23, 22, 5, 2, 0, 0, 0, 9, 2, 5, 17, 17, 12, 5, 5, 20, 1, 1, 1, 11, 11, 26, 24, 24, 26, 26, 7, 7, 21, 27, 27, 5, 5, 21, 1, 19, 19, 15, 20, 9, 9, 16, 9, 29, 29, 4, 29, 4, 4, 4, 29], "beat_selections": [42, 72, 46, 15, 86, 51, 7, 65, 13, 78, 28, 57, 50, 25, 0, 75, 21, 49, 23, 74, 12, 66, 35, 37, 60, 26, 62, 67, 3, 84]}