{"beat_times": [0.4527891156462585, 0.8126984126984127, 1.195827664399093, 1.5905668934240362, 2.147845804988662, 2.5774149659863945, 3.006984126984127, 3.4249433106575964, 3.81968253968254, 4.3769614512471655, 4.85297052154195, 5.178049886621316, 5.572789115646258, 6.002358276643991, 6.501587301587302, 6.919546485260771, 7.337505668934241, 7.732244897959184, 8.103764172335602, 8.452063492063493, 8.835192743764173, 9.206712018140589, 9.775600907029478, 10.27482993197279, 10.750839002267574, 11.19201814058957, 11.633197278911565, 12.085986394557823, 12.527165532879819, 12.968344671201814, 13.397913832199546, 13.862312925170068, 14.315102040816326, 14.756281179138321, 15.185850340136055, 15.650249433106575, 16.091428571428573, 16.54421768707483, 16.973786848072564, 17.41496598639456, 17.87936507936508, 18.3437641723356, 18.76172335600907, 19.202902494331067, 19.655691609977325, 20.131700680272107, 20.56126984126984, 21.037278911564627, 21.490068027210885, 21.91963718820862, 22.325986394557823, 22.77877551020408, 23.23156462585034, 23.707573696145126, 24.14875283446712, 24.60154195011338, 25.042721088435375, 25.507120181405895, 25.93668934240363, 26.389478458049886, 26.81904761904762, 27.260226757369615, 27.713015873015873, 28.16580498866213, 28.61859410430839, 29.082993197278913], "beat_labels": [22, 7, 20, 24, 17, 23, 7, 8, 3, 25, 26, 7, 21, 10, 1, 26, 25, 16, 3, 25, 13, 3, 18, 11, 6, 6, 6, 15, 5, 5, 2, 5, 0, 0, 9, 5, 0, 28, 4, 4, 29, 29, 4, 27, 29, 29, 4, 0, 29, 0, 4, 4, 28, 28, 9, 9, 5, 0, 2, 15, 14, 14, 2, 19, 12, 12], "beat_selections": [49, 14, 30, 18, 42, 56, 24, 6, 7, 55, 13, 23, 64, 20, 60, 27, 17, 4, 22, 63, 2, 12, 0, 5, 3, 9, 15, 43, 53, 48]}