{"beat_times": [1.7763265306122449, 2.4729251700680273, 3.1463038548752835, 3.8080725623582765, 4.493061224489796, 5.166439909297052, 5.839818594104308, 6.501587301587302, 7.174965986394557, 7.848344671201814, 8.52172335600907, 9.183492063492064, 9.868480725623582, 10.541859410430838, 11.23845804988662, 11.888616780045352, 12.561995464852608, 13.223764172335601, 13.920362811791383, 14.582131519274377, 15.267120181405895, 15.928888888888888, 16.62548752834467, 17.2756462585034, 17.96063492063492, 18.622403628117915, 19.30739229024943, 19.98077097505669, 20.66575963718821, 21.3275283446712, 22.01251700680272, 22.674285714285713, 23.359274376417233, 23.974603174603175, 24.706031746031748, 25.36780045351474, 26.05278911564626, 26.726167800453513, 27.411156462585033, 28.07292517006803, 28.746303854875283, 29.350022675736962, 30.023401360544216, 30.766439909297052, 31.451428571428572, 32.113197278911564, 32.75174603174603, 33.45995464852608, 34.144943310657595, 34.80671201814059, 35.49170068027211, 36.165079365079364, 36.83845804988662, 37.51183673469388, 38.196825396825396, 38.85859410430839, 39.54358276643991, 40.2053514739229, 40.87873015873016, 41.55210884353742, 42.237097505668935, 42.86403628117914, 43.58385487528345, 44.199183673469385, 44.93061224489796, 45.60399092970521, 46.288979591836735, 46.95074829931973, 47.63573696145125, 48.29750566893424, 48.99410430839002, 49.65587301587301, 50.329251700680274, 51.00263038548753, 51.67600907029478, 52.34938775510204, 53.03437641723356, 53.69614512471655, 54.381133786848075, 55.04290249433107, 55.72789115646258, 56.38965986394558, 57.0746485260771, 57.73641723356009, 58.42140589569161, 59.09478458049887, 59.779773242630384, 60.441541950113375, 61.11492063492064, 61.78829931972789, 62.461678004535145, 63.135056689342406, 63.82004535147392, 64.48181405895691, 65.1784126984127, 65.82857142857142, 66.51356009070295, 67.17532879818594, 67.86031746031746, 68.52208616780045, 69.20707482993197, 69.88045351473923, 70.56544217687075, 71.22721088435374, 71.91219954648525, 72.57396825396826, 73.25895691609978, 73.92072562358277, 74.60571428571428, 75.26748299319728, 75.96408163265306, 76.61424036281178, 77.29922902494332, 77.97260770975056, 78.64598639455782, 79.31936507936508, 80.0043537414966, 80.66612244897959, 81.35111111111111, 82.0128798185941, 82.69786848072562, 83.35963718820862, 84.04462585034014, 84.70639455782313, 85.39138321995465, 86.06476190476191], "beat_labels": [27, 3, 10, 14, 27, 3, 10, 14, 26, 19, 10, 19, 11, 19, 29, 13, 7, 0, 17, 4, 2, 21, 1, 13, 2, 0, 8, 4, 7, 0, 8, 13, 2, 0, 5, 4, 23, 0, 5, 4, 23, 21, 21, 4, 7, 21, 4, 4, 2, 20, 6, 20, 7, 20, 5, 20, 28, 21, 6, 4, 7, 20, 20, 4, 25, 0, 9, 4, 25, 0, 18, 13, 15, 0, 16, 24, 23, 21, 12, 21, 25, 20, 9, 24, 25, 21, 18, 13, 15, 21, 16, 4, 28, 0, 12, 13, 2, 24, 22, 4, 7, 21, 17, 13, 7, 21, 17, 4, 7, 21, 17, 24, 7, 0, 8, 4, 7, 21, 1, 13, 7, 24, 22, 4, 2, 21], "beat_selections": [17, 22, 32, 5, 43, 34, 58, 100, 114, 82, 2, 12, 94, 23, 3, 72, 74, 110, 86, 13, 49, 105, 122, 76, 111, 80, 8, 0, 56, 14]}