{"beat_times": [0.33668934240362813, 0.9752380952380952, 1.8808163265306121, 2.5658049886621317, 3.2275736961451247, 3.93578231292517, 4.597551020408163, 5.282539682539682, 5.955918367346939, 6.6525170068027215, 7.314285714285714, 7.964444444444444, 8.695873015873016, 9.404081632653062, 10.077460317460318, 10.750839002267574, 11.435827664399094, 12.120816326530612, 12.805804988662132, 13.502403628117914, 14.199002267573697, 14.872380952380952, 15.534149659863946, 16.219138321995466, 16.89251700680272, 17.565895691609978, 18.26249433106576, 18.91265306122449, 19.586031746031747, 20.29424036281179, 20.97922902494331, 21.675827664399094, 22.360816326530614, 23.034195011337868, 23.742403628117913, 24.404172335600908, 25.031111111111112, 25.692879818594104, 26.180498866213153, 26.865487528344673, 27.562086167800455, 28.24707482993197, 29.00172335600907, 29.76798185941043, 30.441360544217687, 31.126349206349207, 31.86938775510204, 32.6356462585034, 33.29741496598639, 33.95918367346939, 34.632562358276644, 35.31755102040816, 35.97931972789116, 36.65269841269841, 37.314467120181405, 37.99945578231293, 38.70766439909297, 39.39265306122449, 40.100861678004534, 40.820680272108845, 41.586938775510205, 42.31836734693878, 43.08462585034014, 43.82766439909297, 44.535873015873015, 45.19764172335601, 45.94068027210884, 46.57922902494331, 47.217777777777776, 47.91437641723356, 48.64580498866213, 49.24952380952381], "beat_labels": [10, 4, 1, 20, 20, 15, 15, 1, 4, 1, 20, 4, 16, 21, 26, 6, 14, 19, 17, 17, 16, 16, 4, 4, 12, 13, 19, 19, 1, 22, 8, 8, 18, 23, 5, 5, 24, 24, 3, 3, 3, 3, 10, 2, 25, 9, 9, 29, 17, 16, 16, 0, 0, 0, 0, 1, 3, 16, 16, 11, 6, 16, 17, 17, 11, 11, 7, 7, 7, 26, 27, 28], "beat_selections": [53, 9, 43, 39, 11, 34, 60, 68, 31, 45, 42, 59, 24, 25, 16, 6, 12, 18, 32, 26, 3, 13, 29, 33, 37, 44, 69, 70, 71, 47]}