{"beat_times": [3.7616326530612243, 4.179591836734694, 4.504671201814059, 4.887800453514739, 5.294149659863946, 5.7004988662131515, 6.095238095238095, 6.478367346938776, 6.873106575963718, 7.267845804988662, 7.662585034013605, 8.080544217687075, 8.498503401360544, 8.93968253968254, 9.346031746031747, 9.763990929705216, 10.193560090702947, 10.611519274376418, 11.00625850340136, 11.38938775510204, 11.784126984126985, 12.213696145124716, 12.654875283446712, 13.014784580498866, 13.351473922902494, 13.699773242630386, 14.094512471655328, 14.500861678004535, 14.907210884353741, 15.336780045351475, 15.731519274376417, 16.207528344671204, 16.683537414965986, 17.136326530612244, 17.565895691609978, 17.99546485260771, 18.436643990929706, 18.819773242630387, 19.13324263038549, 19.504761904761907, 19.922721088435374, 20.36390022675737, 20.793469387755103, 21.199818594104308, 21.606167800453516, 22.024126984126983, 22.349206349206348, 22.755555555555556, 23.173514739229024, 23.579863945578232, 23.986213151927437, 24.404172335600908, 24.822131519274375, 25.309750566893424, 25.797369614512473, 26.180498866213153, 26.59845804988662, 26.993197278911566, 27.38793650793651, 27.817505668934242, 28.281904761904762, 28.711473922902496, 29.082993197278913, 29.477732426303856, 29.90730158730159, 30.34848072562358, 30.766439909297052, 31.13795918367347, 31.544308390022675, 31.950657596371883, 32.36861678004535, 32.774965986394555, 33.1697052154195, 33.58766439909297, 34.00562358276644, 34.56290249433106, 34.969251700680275, 35.36399092970522, 35.781950113378684, 36.19990929705215, 36.617868480725626, 37.05904761904762, 37.46539682539682, 37.871746031746035, 38.27809523809524, 38.81215419501134, 39.24172335600907, 39.68290249433107, 40.13569160997732, 40.56526077097506, 41.029659863945575, 41.48244897959184, 41.912018140589566], "beat_labels": [14, 11, 11, 6, 20, 8, 2, 8, 8, 8, 2, 27, 28, 7, 20, 20, 20, 7, 25, 12, 25, 28, 28, 28, 10, 10, 3, 3, 3, 16, 18, 0, 18, 0, 0, 0, 0, 5, 22, 22, 6, 12, 25, 0, 0, 10, 16, 15, 26, 26, 3, 28, 10, 5, 5, 24, 24, 29, 3, 10, 10, 4, 17, 21, 3, 18, 5, 5, 5, 3, 7, 7, 13, 5, 24, 5, 19, 19, 19, 1, 1, 17, 17, 28, 28, 18, 28, 6, 23, 7, 23, 9, 22], "beat_selections": [34, 79, 6, 64, 61, 54, 3, 17, 9, 91, 60, 1, 41, 72, 0, 47, 29, 81, 65, 78, 16, 63, 38, 88, 56, 20, 49, 11, 21, 57]}