{"beat_times": [0.46439909297052157, 1.1145578231292517, 1.7647165532879818, 2.426485260770975, 3.111473922902494, 3.7616326530612243, 4.423401360544218, 5.085170068027211, 5.735328798185941, 6.408707482993197, 7.047256235827664, 7.720634920634921, 8.382403628117913, 9.05578231292517, 9.682721088435374, 10.356099773242631, 11.052698412698414, 11.679637188208616, 12.34140589569161, 13.014784580498866, 13.699773242630386, 14.361541950113379, 15.000090702947846, 15.696689342403628, 16.31201814058957, 16.99700680272109, 17.647165532879818, 18.320544217687075, 18.982312925170067, 19.644081632653062, 20.317460317460316, 20.97922902494331, 21.640997732426303, 22.325986394557823, 22.976145124716552, 23.64952380952381, 24.3112925170068, 24.98467120181406, 25.63482993197279, 26.31981859410431, 26.969977324263038, 27.620136054421767, 28.212244897959184, 28.874013605442176, 29.547392290249434, 30.29043083900227, 30.975419501133786, 31.648798185941043, 32.287346938775514, 32.97233560090703, 33.62249433106576, 34.29587301587301, 34.969251700680275, 35.60780045351474, 36.26956916099773, 36.95455782312925, 37.62793650793651, 38.31292517006803, 38.963083900226756, 39.613242630385486, 40.28662131519275, 40.97160997732426, 41.62176870748299, 42.283537414965984, 42.956916099773245, 43.6302947845805, 44.28045351473923, 44.93061224489796, 45.49950113378685, 46.26575963718821, 46.9275283446712, 47.600907029478456, 48.23945578231292, 48.87800453514739, 49.53977324263039, 50.20154195011338, 50.86331065759637, 51.525079365079364, 52.186848072562356, 52.848616780045354, 53.510385487528346, 54.13732426303855, 54.79909297052154, 55.472471655328796, 56.14585034013606, 56.81922902494331, 57.492607709750565, 58.16598639455783, 58.7697052154195, 59.41986394557823, 60.058412698412695, 60.6853514739229, 61.312290249433104, 61.881179138322, 62.40362811791383, 63.05378684807256, 63.70394557823129, 64.31927437641724, 64.94621315192744, 65.56154195011338, 66.26975056689342, 66.86185941043084, 67.52362811791383, 68.3827664399093, 68.99809523809523, 69.64825396825397, 70.2984126984127, 70.94857142857143, 71.64517006802721, 72.41142857142857, 73.04997732426304, 73.70013605442176, 74.3502947845805, 74.98884353741497, 75.8247619047619, 76.49814058956916], "beat_labels": [24, 0, 0, 11, 11, 11, 6, 6, 8, 8, 8, 6, 3, 3, 7, 28, 18, 12, 18, 12, 7, 7, 28, 21, 16, 16, 16, 21, 9, 14, 27, 21, 27, 14, 27, 14, 14, 14, 27, 14, 9, 28, 21, 4, 9, 13, 14, 13, 9, 4, 27, 13, 9, 4, 27, 4, 9, 14, 21, 21, 9, 14, 21, 21, 9, 4, 14, 13, 9, 13, 14, 13, 1, 17, 19, 5, 5, 5, 20, 25, 22, 22, 2, 8, 26, 26, 11, 8, 15, 8, 24, 3, 15, 23, 1, 29, 14, 21, 7, 1, 10, 1, 1, 10, 1, 10, 1, 1, 10, 1, 10, 1, 1, 1, 14, 1], "beat_selections": [2, 102, 82, 12, 55, 77, 11, 14, 8, 68, 100, 86, 19, 67, 70, 88, 24, 73, 18, 74, 78, 27, 81, 93, 0, 79, 84, 38, 15, 95]}