{"beat_times": [0.37151927437641724, 0.7894784580498866, 1.253877551020408, 1.6950566893424037, 2.078185941043084, 2.5541950113378684, 3.0418140589569163, 3.5294331065759637, 3.947392290249433, 4.35374149659864, 4.818140589569161, 5.2128798185941045, 5.607619047619048, 6.1184580498866215, 6.617687074829932, 7.128526077097506, 7.63936507936508, 8.103764172335602, 8.52172335600907, 8.974512471655329, 9.427301587301587, 9.880090702947847, 10.309659863945578, 10.739229024943311, 11.19201814058957, 11.633197278911565, 12.07437641723356, 12.538775510204081, 12.968344671201814, 13.305034013605443, 13.769433106575963, 14.210612244897959, 14.675011337868481, 15.058140589569161, 15.47609977324263, 15.8940589569161, 16.370068027210884, 16.84607709750567, 17.264036281179138, 17.69360544217687, 18.204444444444444, 18.68045351473923, 19.06358276643991, 19.481541950113378, 19.887891156462587, 20.271020408163267, 20.688979591836734, 21.141768707482992, 21.61777777777778, 22.105396825396827, 22.511746031746032, 22.941315192743765, 23.370884353741495, 23.777233560090703, 24.19519274376417, 24.624761904761904, 25.054331065759637, 25.48390022675737, 25.83219954648526, 26.23854875283447, 26.70294784580499, 27.16734693877551, 27.620136054421767, 28.07292517006803, 28.525714285714287, 28.955283446712016, 29.408072562358278, 29.88408163265306, 30.34848072562358, 30.824489795918367, 31.288888888888888, 31.753287981859412, 32.21768707482993, 32.658866213151924, 33.13487528344671, 33.57605442176871, 33.99401360544218, 34.42358276643991, 34.87637188208617, 35.32916099773242, 35.75873015873016, 36.19990929705215, 36.664308390022676, 37.1287074829932, 37.56988662131519, 37.99945578231293, 38.40580498866213, 38.85859410430839, 39.381043083900224, 39.86866213151927, 40.321451247165534, 40.762630385487526, 41.23863945578231, 41.66820861678004, 42.09777777777778, 42.5621768707483, 43.003356009070295, 43.490975056689344, 43.96698412698413, 44.40816326530612, 44.860952380952384, 45.29052154195011], "beat_labels": [0, 28, 21, 21, 8, 19, 6, 19, 0, 9, 3, 21, 6, 20, 4, 1, 3, 17, 6, 7, 1, 1, 20, 6, 19, 8, 21, 26, 21, 29, 29, 12, 27, 27, 13, 0, 24, 9, 21, 3, 12, 17, 14, 14, 0, 0, 15, 15, 5, 12, 2, 16, 10, 18, 25, 25, 14, 21, 6, 22, 16, 10, 1, 14, 14, 2, 22, 11, 21, 14, 25, 2, 22, 22, 10, 4, 29, 23, 1, 6, 6, 6, 6, 29, 12, 12, 12, 4, 7, 15, 15, 17, 17, 0, 24, 8, 24, 24, 29, 6, 12, 12], "beat_selections": [93, 78, 71, 39, 75, 48, 58, 19, 4, 9, 74, 67, 40, 34, 43, 90, 51, 41, 53, 7, 13, 68, 73, 77, 97, 54, 27, 32, 1, 83]}