{"beat_times": [0.46439909297052157, 0.9636281179138322, 1.474467120181406, 1.9272562358276644, 2.5774149659863945, 3.1927437641723357, 3.7848526077097504, 4.423401360544218, 5.073560090702948, 5.735328798185941, 6.362267573696145, 6.9543764172335605, 7.511655328798186, 8.161814058956915, 8.777142857142858, 9.380861678004536, 10.042630385487529, 10.65795918367347, 11.27328798185941, 11.911836734693878, 12.550385487528345, 13.200544217687074, 13.79265306122449, 14.384761904761906, 15.034920634920635, 15.673469387755102, 16.31201814058957, 16.92734693877551, 17.554285714285715, 18.18122448979592, 18.784943310657596, 19.423492063492063, 20.073650793650792, 20.66575963718821, 21.269478458049885, 21.873197278911565, 22.453696145124717, 23.034195011337868, 23.684353741496597, 24.33451247165533, 24.938231292517006, 25.507120181405895, 26.087619047619047, 26.656507936507936, 27.225396825396825, 27.817505668934242, 28.409614512471656, 28.990113378684807, 29.663492063492065, 30.209160997732425, 30.743219954648527, 31.381768707482994, 31.93904761904762, 32.57759637188209, 33.216145124716554, 33.8314739229025, 34.4584126984127, 35.085351473922906, 35.71229024943311, 36.29278911564626, 36.91972789115646, 37.54666666666667, 38.17360544217687, 38.800544217687076, 39.53197278911565, 40.147301587301584, 40.739410430839, 41.366349206349206, 42.00489795918367, 42.63183673469388, 43.24716553287982, 43.86249433106576, 44.489433106575966, 45.12798185941043, 45.743310657596375, 46.393469387755104, 47.04362811791383, 47.62412698412698, 48.27428571428572, 48.854784580498865, 49.52816326530612, 50.12027210884354, 50.73560090702948, 51.420589569160995, 52.082358276643994, 52.68607709750567, 53.289795918367346, 53.893514739229026, 54.497233560090706, 55.089342403628116, 55.76272108843538, 56.37804988662131, 57.00498866213152, 57.63192743764172, 58.316916099773245, 58.94385487528345, 59.5243537414966, 60.04680272108843, 60.6853514739229], "beat_labels": [10, 24, 0, 27, 8, 8, 4, 4, 18, 28, 7, 1, 3, 1, 13, 21, 9, 25, 25, 27, 8, 22, 21, 21, 19, 18, 7, 7, 9, 9, 13, 13, 9, 23, 3, 3, 23, 3, 3, 3, 14, 29, 12, 12, 12, 2, 2, 2, 2, 2, 10, 17, 27, 8, 22, 4, 19, 18, 26, 26, 26, 9, 3, 13, 13, 9, 1, 9, 3, 19, 21, 4, 19, 4, 4, 7, 19, 9, 9, 13, 14, 23, 23, 23, 23, 3, 11, 15, 6, 6, 6, 6, 6, 6, 5, 5, 20, 20, 16], "beat_selections": [2, 66, 47, 35, 74, 94, 88, 26, 53, 61, 0, 86, 44, 31, 40, 87, 98, 51, 25, 69, 96, 15, 21, 36, 1, 17, 58, 3, 9, 41]}