{"beat_times": [0.3599092970521542, 0.9868480725623583, 1.6137868480725623, 2.089795918367347, 2.5658049886621317, 3.1463038548752835, 3.7384126984126986, 4.365351473922902, 5.154829931972789, 5.758548752834467, 6.327437641723356, 6.907936507936508, 7.465215419501134, 8.068934240362811, 8.626213151927438, 9.206712018140589, 9.763990929705216, 10.367709750566894, 10.924988662131518, 11.505487528344672, 12.062766439909296, 12.654875283446712, 13.200544217687074, 13.815873015873017, 14.349931972789115, 14.953650793650795, 15.51092970521542, 16.091428571428573, 16.637097505668933, 17.217596371882085, 17.77487528344671, 18.355374149659863, 18.901043083900227, 19.49315192743764, 20.06204081632653, 20.63092970521542, 21.176598639455783, 21.768707482993197, 22.31437641723356, 22.894875283446712, 23.4637641723356, 24.055873015873015, 24.636371882086166, 25.205260770975055, 25.774149659863944, 26.354648526077096, 26.911927437641722, 27.445986394557824, 28.026485260770976, 28.606984126984127, 29.175873015873016, 29.76798185941043, 30.313650793650794, 30.905759637188208, 31.463038548752834, 32.05514739229025, 32.60081632653061, 33.18131519274377, 33.73859410430839, 34.33070294784581, 34.88798185941043, 35.48009070294785, 36.03736961451247, 36.617868480725626, 37.17514739229025, 37.755646258503404, 38.301315192743765, 38.89342403628118, 39.43909297052154, 40.03120181405896, 40.56526077097506, 41.145759637188206, 41.7146485260771, 42.27192743764172, 42.85242630385488, 43.4097052154195, 43.95537414965986, 44.51265306122449, 45.05832199546485, 45.60399092970521, 46.172879818594105, 46.7069387755102, 47.2409977324263, 47.78666666666667, 48.33233560090703, 48.87800453514739, 49.42367346938776, 49.96934240362812, 50.52662131519274, 51.08390022675737, 51.62956916099773, 52.186848072562356, 52.73251700680272, 53.278185941043084, 53.823854875283445, 54.36952380952381, 54.89197278911565, 55.39120181405896, 55.92526077097506, 56.47092970521542, 57.01659863945578, 57.53904761904762, 58.07310657596372, 58.61877551020408, 59.176054421768704, 59.733333333333334, 60.31383219954648, 60.882721088435375, 61.428390022675735, 61.985668934240366, 62.461678004535145], "beat_labels": [8, 14, 2, 18, 12, 21, 12, 10, 3, 16, 10, 7, 3, 4, 25, 17, 11, 27, 28, 7, 24, 13, 0, 29, 24, 13, 1, 29, 3, 4, 25, 15, 27, 23, 6, 9, 21, 23, 0, 20, 24, 13, 25, 20, 3, 4, 9, 17, 9, 28, 20, 7, 3, 13, 25, 7, 3, 1, 9, 11, 9, 20, 25, 7, 24, 4, 5, 7, 3, 19, 9, 18, 18, 10, 20, 20, 10, 1, 1, 20, 10, 20, 10, 20, 10, 9, 9, 20, 10, 18, 0, 1, 20, 10, 25, 15, 6, 26, 22, 6, 6, 12, 6, 7, 3, 16, 25, 7, 3, 13, 10], "beat_selections": [22, 26, 2, 68, 29, 66, 99, 55, 0, 70, 73, 16, 4, 109, 1, 95, 105, 47, 3, 69, 79, 36, 98, 33, 40, 54, 97, 32, 18, 27]}