{"beat_times": [0.26702947845804986, 0.905578231292517, 1.6137868480725623, 2.426485260770975, 3.2043537414965986, 3.959002267573696, 4.702040816326531, 5.491519274376417, 6.246167800453515, 7.000816326530612, 7.767074829931973, 8.510113378684807, 9.276371882086167, 10.031020408163265, 10.7740589569161, 11.563537414965987, 12.30657596371882, 13.061224489795919, 13.839092970521541, 14.570521541950113, 15.336780045351475, 16.091428571428573, 16.834467120181404, 17.623945578231293, 18.37859410430839, 19.13324263038549, 19.89950113378685, 20.64253968253968, 21.408798185941045, 22.16344671201814, 22.906485260770975, 23.695963718820863, 24.439002267573695, 25.193650793650793, 25.98312925170068, 26.79582766439909, 27.46920634920635, 28.212244897959184, 28.966893424036282, 29.756371882086167, 30.511020408163265, 31.265668934240363, 32.03192743764173, 32.774965986394555, 33.541224489795916, 34.28426303854875, 35.03891156462585, 35.81678004535147, 36.57142857142857, 37.314467120181405, 38.0691156462585, 38.8237641723356, 39.5784126984127, 40.333061224489796], "beat_labels": [25, 6, 6, 6, 1, 27, 18, 28, 17, 12, 10, 23, 11, 3, 14, 28, 19, 9, 10, 21, 11, 3, 18, 28, 19, 12, 4, 23, 11, 3, 17, 5, 19, 24, 29, 20, 11, 3, 14, 28, 1, 12, 26, 0, 15, 22, 13, 8, 16, 2, 2, 7, 7, 7], "beat_selections": [43, 4, 50, 21, 26, 31, 2, 52, 47, 17, 18, 36, 9, 46, 14, 44, 48, 30, 22, 16, 35, 19, 45, 27, 33, 0, 42, 5, 15, 34]}