{"beat_times": [0.25541950113378686, 0.6501587301587302, 1.0216780045351475, 1.3815873015873017, 1.7763265306122449, 2.147845804988662, 2.5193650793650795, 2.914104308390023, 3.308843537414966, 3.6919727891156464, 4.051882086167801, 4.458231292517007, 4.818140589569161, 5.2128798185941045, 5.584399092970521, 5.921088435374149, 6.315827664399093, 6.710566893424036, 7.082086167800454, 7.453605442176871, 7.848344671201814, 8.219863945578231, 8.579773242630386, 8.986122448979591, 9.380861678004536, 9.763990929705216, 10.12390022675737, 10.518639455782314, 10.878548752834467, 11.284897959183674, 11.644807256235827, 11.993106575963719, 12.387845804988663, 12.782585034013605, 13.154104308390023, 13.525623582766439, 13.897142857142857, 14.280272108843537, 14.651791383219955, 15.058140589569161, 15.441269841269841, 15.836009070294784, 16.195918367346938, 16.590657596371884, 16.950566893424035, 17.345306122448978, 17.716825396825396, 18.053514739229026, 18.44825396825397, 18.854603174603174, 19.22612244897959, 19.586031746031747, 19.969160997732427, 20.352290249433107, 20.723809523809525, 21.106938775510205, 21.51328798185941, 21.908027210884352, 22.256326530612245, 22.604625850340135, 22.96453514739229, 23.34766439909297, 23.777233560090703, 24.125532879818593, 24.5318820861678, 24.90340136054422, 25.2865306122449, 25.658049886621317, 26.02956916099773, 26.424308390022677, 26.79582766439909, 27.16734693877551, 27.58530612244898, 27.96843537414966, 28.328344671201815, 28.723083900226758, 29.094603174603176, 29.489342403628118, 29.849251700680274, 30.197551020408163, 30.603900226757368, 30.998639455782314, 31.37015873015873, 31.730068027210883, 32.1015873015873, 32.496326530612244, 32.86784580498866, 33.23936507936508, 33.65732426303855, 34.04045351473923, 34.40036281179138, 34.795102040816325, 35.16662131519274, 35.561360544217685, 35.92126984126984, 36.26956916099773, 36.67591836734694, 37.07065759637188, 37.430566893424036, 37.802086167800454, 38.20843537414966, 38.579954648526076, 38.92825396825397, 39.2649433106576, 39.62485260770975, 39.9847619047619, 40.333061224489796, 40.68136054421769, 41.087709750566894, 41.45922902494331], "beat_labels": [6, 7, 24, 6, 11, 29, 29, 27, 12, 4, 4, 5, 5, 20, 16, 8, 2, 7, 24, 14, 6, 17, 26, 12, 12, 4, 4, 5, 19, 20, 16, 8, 14, 1, 24, 21, 21, 26, 29, 23, 12, 4, 10, 13, 13, 25, 25, 22, 21, 1, 24, 6, 27, 0, 10, 18, 13, 9, 10, 13, 13, 9, 9, 8, 15, 1, 26, 18, 3, 10, 10, 18, 7, 1, 4, 5, 19, 1, 16, 8, 23, 1, 7, 3, 3, 0, 0, 15, 21, 0, 4, 19, 19, 9, 16, 9, 10, 1, 9, 18, 28, 26, 26, 18, 18, 10, 9, 13, 13, 13], "beat_selections": [89, 97, 16, 68, 26, 12, 0, 72, 79, 57, 70, 4, 8, 109, 19, 87, 30, 21, 71, 28, 13, 88, 47, 39, 2, 46, 66, 52, 100, 38]}