{"beat_times": [0.0, 0.3947392290249433, 0.7314285714285714, 1.0913378684807256, 1.497687074829932, 1.8924263038548752, 2.345215419501134, 2.705124716553288, 3.076643990929705, 3.4946031746031747, 3.877732426303855, 4.272471655328798, 4.667210884353741, 5.038730158730159, 5.433469387755102, 5.839818594104308, 6.246167800453515, 6.629297052154195, 7.012426303854875, 7.395555555555555, 7.790294784580499, 8.185034013605442, 8.568163265306122, 8.951292517006802, 9.346031746031747, 9.740770975056689, 10.12390022675737, 10.50702947845805, 10.901768707482994, 11.284897959183674, 11.668027210884354, 12.051156462585034, 12.445895691609977, 12.87546485260771, 13.305034013605443, 13.746213151927437, 14.199002267573697, 14.675011337868481, 15.058140589569161, 15.464489795918368, 15.824399092970522, 16.253968253968253, 16.718367346938777, 17.04344671201814, 17.438185941043084, 17.856145124716555, 18.26249433106576, 18.668843537414965, 19.06358276643991, 19.469931972789116, 19.887891156462587, 20.329070294784582, 20.712199546485262, 21.072108843537414, 21.501678004535147, 21.89641723356009, 22.3027664399093, 22.69750566893424, 23.057414965986396, 23.45215419501134, 23.81206349206349, 24.241632653061224, 24.706031746031748, 25.0659410430839, 25.425850340136055, 25.797369614512473, 26.16888888888889, 26.586848072562358, 26.969977324263038, 27.31827664399093, 27.678185941043083, 28.038095238095238, 28.398004535147393, 28.73469387755102, 29.141043083900225, 29.524172335600905, 29.849251700680274, 30.243990929705216, 30.696780045351474, 31.10312925170068, 31.532698412698412, 31.950657596371883, 32.35700680272109, 32.76335600907029, 33.1697052154195, 33.56444444444445, 33.924353741496596, 34.35392290249433, 34.748662131519275, 35.20145124716553, 35.60780045351474, 36.03736961451247, 36.3740589569161, 36.74557823129252, 37.1287074829932, 37.50022675736962, 37.8833560090703, 38.26648526077098, 38.64961451247166, 39.03274376417234, 39.41587301587302, 39.7990022675737, 40.170521541950116, 40.542040816326534], "beat_labels": [19, 19, 0, 19, 6, 6, 12, 12, 6, 12, 7, 6, 14, 16, 15, 11, 24, 1, 11, 18, 18, 21, 11, 28, 28, 21, 25, 5, 24, 21, 21, 24, 24, 4, 4, 15, 25, 29, 15, 26, 26, 10, 3, 3, 27, 3, 3, 9, 22, 22, 10, 23, 23, 23, 15, 13, 25, 4, 25, 25, 25, 25, 3, 3, 23, 13, 13, 15, 13, 13, 1, 1, 15, 1, 1, 1, 1, 1, 15, 13, 25, 13, 13, 11, 11, 13, 13, 13, 13, 3, 23, 23, 23, 2, 2, 17, 17, 25, 20, 20, 8, 8, 8, 8], "beat_selections": [2, 74, 94, 62, 57, 27, 4, 10, 101, 47, 41, 83, 6, 69, 12, 78, 13, 96, 19, 3, 98, 21, 49, 64, 32, 80, 39, 44, 24, 37]}