{"beat_times": [1.1029478458049886, 1.4048072562358276, 1.7763265306122449, 2.147845804988662, 2.507755102040816, 2.8444444444444446, 3.1695238095238096, 3.517823129251701, 3.877732426303855, 4.214421768707483, 4.539501133786848, 4.887800453514739, 5.23609977324263, 5.596009070294785, 5.921088435374149, 6.246167800453515, 6.582857142857143, 6.907936507936508, 7.2562358276643995, 7.604535147392291, 7.9412244897959186, 8.289523809523809, 8.626213151927438, 8.986122448979591, 9.311201814058958, 9.659501133786849, 9.996190476190476, 10.32126984126984, 10.669569160997732, 11.017868480725623, 11.366167800453514, 11.702857142857143, 12.039546485260772, 12.376235827664399, 12.712925170068027, 13.072834467120181, 13.397913832199546, 13.734603174603174, 14.071292517006803, 14.419591836734694, 14.756281179138321, 15.058140589569161, 15.406439909297053, 15.74312925170068, 16.07981859410431, 16.404897959183675, 16.741587301587302, 17.08988662131519, 17.41496598639456, 17.751655328798186, 18.088344671201813, 18.413424036281178, 18.773333333333333, 19.121632653061223, 19.44671201814059, 19.79501133786848, 20.131700680272107, 20.468390022675738, 20.78185941043084, 21.118548752834467, 21.455238095238094, 21.803537414965987, 22.140226757369614], "beat_labels": [13, 13, 25, 10, 22, 3, 20, 10, 8, 23, 6, 21, 21, 14, 14, 5, 7, 2, 6, 9, 24, 16, 16, 20, 3, 8, 17, 18, 18, 19, 25, 14, 29, 26, 5, 18, 18, 7, 20, 17, 2, 15, 27, 0, 11, 7, 27, 0, 2, 2, 6, 5, 28, 28, 10, 20, 3, 8, 17, 1, 13, 4, 12], "beat_selections": [47, 59, 40, 56, 61, 34, 10, 37, 57, 19, 54, 44, 62, 1, 14, 41, 22, 26, 36, 29, 6, 11, 4, 9, 20, 30, 33, 42, 53, 32]}