{"beat_times": [2.1710657596371883, 2.8560544217687074, 3.5526530612244898, 4.249251700680272, 5.015510204081632, 5.758548752834467, 6.513197278911565, 7.302675736961452, 8.057324263038549, 8.811972789115647, 9.578231292517007, 10.32126984126984, 11.087528344671203, 11.830566893424036, 12.585215419501134, 13.374693877551021, 14.117732426303855, 14.872380952380952, 15.650249433106575, 16.381678004535146, 17.147936507936507, 17.902585034013605, 18.657233560090702, 19.435102040816325, 20.189750566893423, 20.956009070294783, 21.722267573696143, 22.46530612244898, 23.219954648526077, 23.92816326530612, 24.71764172335601, 25.472290249433108, 26.273378684807255, 27.109297052154194, 27.85233560090703, 28.606984126984127, 29.373242630385487, 30.116281179138323, 30.87092970521542, 31.660408163265306, 32.41505668934241, 33.1697052154195, 33.95918367346939, 34.78349206349206, 35.445260770975054, 36.17668934240363, 36.94294784580499, 37.73242630385487, 38.47546485260771, 39.230113378684806, 40.00798185941043, 40.751020408163264, 41.517278911564624, 42.26031746031746, 43.01496598639456, 43.80444444444444, 44.54748299319728, 45.302131519274376, 46.08, 46.823038548752834, 47.589297052154194, 48.4368253968254], "beat_labels": [14, 1, 1, 5, 3, 18, 12, 8, 6, 9, 7, 5, 3, 18, 12, 20, 6, 17, 21, 5, 7, 9, 19, 19, 19, 9, 7, 15, 3, 29, 29, 0, 28, 11, 10, 5, 25, 18, 12, 19, 6, 24, 29, 0, 3, 8, 12, 20, 6, 17, 21, 27, 3, 22, 26, 16, 2, 4, 13, 23, 23, 1], "beat_selections": [43, 61, 56, 4, 57, 35, 8, 26, 45, 9, 34, 33, 6, 58, 0, 27, 55, 49, 13, 23, 15, 18, 53, 59, 41, 36, 54, 51, 32, 42]}