{"beat_times": [0.893968253968254, 1.3003174603174603, 1.7182766439909296, 2.124625850340136, 2.5425850340136056, 2.948934240362812, 3.355283446712018, 3.7616326530612243, 4.156371882086168, 4.574331065759637, 5.00390022675737, 5.410249433106576, 5.8165986394557825, 6.222947845804988, 6.640907029478458, 7.058866213151927, 7.476825396825397, 7.883174603174603, 8.301133786848073, 8.70748299319728, 9.125442176870749, 9.543401360544218, 9.93814058956916, 10.344489795918367, 10.739229024943311, 11.099138321995465, 11.459047619047618, 11.818956916099774, 12.19047619047619, 12.596825396825396, 13.003174603174603, 13.40952380952381, 13.827482993197279, 14.233832199546486, 14.640181405895692, 15.058140589569161, 15.464489795918368, 15.870839002267573, 16.27718820861678, 16.69514739229025, 17.101496598639457, 17.519455782312924, 17.925804988662133, 18.332154195011338, 18.738503401360543, 19.156462585034014, 19.56281179138322, 19.969160997732427, 20.387120181405894, 20.793469387755103, 21.199818594104308, 21.61777777777778, 22.024126984126983, 22.430476190476192, 22.836825396825397, 23.254784580498868, 23.661133786848072, 24.079092970521543, 24.485442176870748, 24.891791383219953, 25.29814058956916, 25.71609977324263, 26.122448979591837, 26.528798185941042, 26.946757369614513, 27.353106575963718, 27.759455782312926, 28.177414965986394, 28.572154195011336, 28.990113378684807, 29.396462585034012, 29.814421768707483, 30.220770975056688, 30.627120181405896, 31.0334693877551, 31.451428571428572, 31.857777777777777, 32.26412698412698], "beat_labels": [12, 3, 3, 22, 1, 20, 19, 6, 6, 7, 21, 16, 5, 14, 28, 26, 12, 8, 23, 11, 1, 18, 19, 9, 9, 7, 8, 0, 4, 15, 17, 0, 2, 27, 13, 15, 4, 13, 29, 10, 24, 0, 25, 0, 4, 17, 13, 13, 2, 0, 27, 15, 25, 17, 0, 10, 24, 24, 27, 0, 25, 4, 13, 13, 25, 0, 27, 15, 25, 17, 24, 10, 24, 0, 25, 0, 25, 17], "beat_selections": [41, 20, 32, 1, 61, 12, 7, 9, 26, 23, 55, 19, 0, 63, 13, 29, 11, 30, 21, 22, 5, 10, 3, 18, 40, 42, 15, 58, 14, 38]}