{"beat_times": [0.7546485260770975, 1.230657596371882, 1.7182766439909296, 2.182675736961451, 2.693514739229025, 3.2043537414965986, 3.7151927437641725, 4.214421768707483, 4.73687074829932, 5.282539682539682, 5.804988662131519, 6.280997732426304, 6.791836734693877, 7.314285714285714, 7.790294784580499, 8.266303854875284, 8.742312925170069, 9.241541950113378, 9.717551020408163, 10.216780045351474, 10.7740589569161, 11.319727891156463, 11.853786848072563, 12.387845804988663, 12.910294784580499, 13.432743764172336, 13.978412698412699, 14.524081632653061, 15.081360544217688, 15.592199546485261, 16.091428571428573, 16.590657596371884, 17.055056689342404, 17.519455782312924, 18.007074829931973, 18.483083900226756, 19.005532879818595, 19.504761904761907, 20.027210884353742, 20.54965986394558, 21.060498866213152, 21.606167800453516, 22.11700680272109, 22.6162358276644, 23.138684807256237, 23.684353741496597, 24.241632653061224, 24.83374149659864, 25.402630385487527, 25.925079365079366, 26.424308390022677, 26.93514739229025, 27.411156462585033, 27.93360544217687, 28.45605442176871, 28.978503401360545, 29.512562358276643, 30.035011337868482, 30.53424036281179, 31.045079365079363, 31.532698412698412, 32.066757369614514, 32.62403628117914, 33.1697052154195, 33.715374149659866, 34.29587301587301, 34.795102040816325, 35.37560090702948, 35.90965986394558, 36.45532879818594, 36.9081179138322, 37.45378684807256, 37.89496598639456, 38.35936507936508, 38.846984126984125, 39.25333333333333, 39.65968253968254, 40.06603174603175, 40.518820861678, 41.09931972789116, 41.691428571428574, 42.20226757369615, 42.74793650793651, 43.281995464852606, 43.769614512471655, 44.22240362811792, 44.67519274376417, 45.20925170068027, 45.80136054421769, 46.25414965986395, 46.73015873015873, 47.22938775510204, 47.751836734693875, 48.26267573696145, 48.77351473922902, 49.24952380952381, 49.771972789115644, 50.23637188208617, 50.6659410430839, 51.1071201814059, 51.641179138321995, 52.21006802721089, 52.75573696145125, 53.22013605442177, 53.69614512471655, 54.265034013605444], "beat_labels": [8, 26, 8, 11, 11, 26, 26, 26, 3, 3, 11, 8, 26, 11, 26, 11, 7, 3, 3, 27, 25, 7, 25, 25, 19, 7, 18, 7, 19, 27, 18, 28, 19, 25, 25, 19, 11, 11, 18, 19, 27, 25, 7, 1, 27, 1, 7, 25, 27, 25, 25, 18, 18, 25, 1, 25, 25, 1, 19, 19, 19, 19, 19, 3, 10, 29, 15, 23, 6, 2, 15, 21, 4, 17, 20, 16, 20, 15, 6, 21, 24, 9, 25, 17, 24, 22, 17, 24, 14, 0, 13, 5, 5, 5, 13, 5, 13, 0, 13, 13, 5, 0, 0, 14, 18, 12], "beat_selections": [101, 45, 69, 18, 72, 100, 78, 46, 2, 81, 64, 15, 105, 99, 88, 70, 75, 86, 51, 28, 74, 79, 85, 67, 84, 23, 7, 29, 31, 65]}