{"beat_times": [0.25541950113378686, 0.592108843537415, 1.0216780045351475, 1.4628571428571429, 1.8692063492063493, 2.2987755102040817, 2.705124716553288, 3.0998639455782313, 3.517823129251701, 3.912562358276644, 4.342131519274377, 4.760090702947846, 5.178049886621316, 5.596009070294785, 6.002358276643991, 6.3854875283446715, 6.768616780045352, 7.174965986394557, 7.581315192743764, 7.987664399092971, 8.394013605442177, 8.777142857142858, 9.160272108843538, 9.566621315192744, 9.984580498866213, 10.39092970521542, 10.797278911564625, 11.19201814058957, 11.586757369614512, 11.981496598639456, 12.387845804988663, 12.782585034013605, 13.165714285714285, 13.676553287981859, 14.071292517006803, 14.454421768707483, 14.802721088435375, 15.162630385487528, 15.522539682539682, 15.8940589569161, 16.300408163265306, 16.70675736961451, 17.101496598639457, 17.46140589569161, 17.832925170068027, 18.22766439909297, 18.634013605442178, 19.02875283446712, 19.458321995464853, 19.841451247165534, 20.224580498866214, 20.74702947845805, 21.106938775510205, 21.51328798185941, 21.91963718820862, 22.337596371882086, 22.77877551020408, 23.254784580498868, 23.684353741496597, 24.13714285714286, 24.555102040816326, 24.98467120181406, 25.391020408163264, 25.774149659863944, 26.157278911564624, 26.540408163265305, 26.93514739229025, 27.411156462585033, 27.817505668934242, 28.223854875283447, 28.641814058956918, 29.059773242630385, 29.477732426303856], "beat_labels": [19, 19, 27, 7, 7, 27, 7, 2, 27, 27, 7, 27, 19, 19, 19, 7, 19, 7, 7, 2, 2, 19, 2, 7, 13, 22, 5, 16, 18, 18, 26, 8, 8, 24, 9, 9, 9, 0, 0, 26, 29, 15, 13, 13, 6, 6, 20, 26, 20, 20, 20, 16, 4, 21, 21, 17, 1, 23, 23, 10, 1, 4, 28, 14, 14, 25, 13, 12, 11, 3, 3, 11, 12], "beat_selections": [38, 60, 7, 70, 52, 26, 44, 17, 31, 34, 59, 71, 72, 24, 64, 41, 27, 55, 29, 12, 50, 54, 25, 57, 33, 65, 30, 8, 62, 40]}