{"beat_times": [0.5456689342403628, 1.1493877551020408, 1.7647165532879818, 2.36843537414966, 2.9605442176870747, 3.564263038548753, 4.156371882086168, 4.725260770975057, 5.178049886621316, 5.758548752834467, 6.524807256235827, 7.1401360544217685, 7.720634920634921, 8.312743764172335, 8.904852607709751, 9.508571428571429, 10.100680272108843, 10.704399092970522, 11.296507936507936, 11.900226757369614, 12.480725623582767, 13.061224489795919, 13.664943310657597, 14.245442176870748, 14.837551020408164, 15.441269841269841, 16.021768707482995, 16.637097505668933, 17.217596371882085, 17.786485260770974, 18.37859410430839, 18.982312925170067, 19.574421768707484, 20.166530612244898, 20.758639455782312, 21.373968253968254, 21.954467120181405, 22.569795918367348, 23.1502947845805, 23.754013605442175, 24.346122448979592, 24.973061224489797, 25.55356009070295, 26.145668934240362, 26.73777777777778, 27.353106575963718, 27.945215419501135, 28.50249433106576, 28.966893424036282, 29.547392290249434, 30.127891156462585, 30.72, 31.312108843537416, 31.915827664399092, 32.496326530612244, 33.08843537414966, 33.715374149659866, 34.35392290249433, 34.9924716553288, 35.631020408163266, 36.118639455782315, 36.72235827664399, 37.268027210884355], "beat_labels": [20, 11, 10, 10, 11, 11, 10, 10, 5, 11, 10, 10, 11, 11, 4, 28, 7, 24, 8, 23, 0, 25, 19, 18, 6, 0, 8, 3, 6, 0, 26, 0, 2, 22, 13, 16, 16, 3, 27, 7, 9, 18, 9, 29, 17, 21, 14, 15, 15, 1, 12, 1, 1, 1, 1, 1, 1, 1, 1, 1, 1, 12, 1], "beat_selections": [20, 56, 32, 37, 14, 8, 24, 16, 18, 42, 7, 4, 50, 34, 46, 47, 35, 44, 41, 22, 0, 45, 33, 19, 17, 21, 30, 38, 15, 43]}