{"beat_times": [0.011609977324263039, 0.5688888888888889, 1.207437641723356, 1.811156462585034, 2.426485260770975, 3.030204081632653, 3.5294331065759637, 4.017052154195011, 4.504671201814059, 4.992290249433107, 5.479909297052155, 6.072018140589569, 6.664126984126984, 7.267845804988662, 7.836734693877551, 8.417233560090702, 9.032562358276644, 9.520181405895691, 10.100680272108843, 10.727619047619047, 11.296507936507936, 11.842176870748299, 12.353015873015874, 12.863854875283447, 13.339863945578232, 13.815873015873017, 14.419591836734694, 14.97687074829932, 15.464489795918368, 16.07981859410431, 16.718367346938777, 17.39174603174603, 17.96063492063492, 18.506303854875284, 19.02875283446712, 19.539591836734694, 20.073650793650792, 20.58448979591837, 21.118548752834467, 21.687437641723356, 22.256326530612245, 22.801995464852606, 23.254784580498868, 23.695963718820863, 24.14875283446712, 24.659591836734695, 25.158820861678006, 25.66965986394558, 26.157278911564624, 26.70294784580499, 27.248616780045353, 27.68979591836735, 28.142585034013607, 28.69986394557823, 29.18748299319728, 29.709931972789114, 30.26721088435374, 30.83609977324263, 31.40498866213152, 31.915827664399092, 32.38022675736961, 32.8562358276644, 33.41351473922902, 33.982403628117915, 34.56290249433106, 35.12018140589569, 35.66585034013605, 36.18829931972789, 36.710748299319725, 37.23319727891157, 37.767256235827666, 38.27809523809524, 38.800544217687076, 39.334603174603174, 39.880272108843535, 40.4259410430839, 41.029659863945575, 41.61015873015873, 42.21387755102041, 42.71310657596372, 43.24716553287982, 43.8508843537415, 44.39655328798186, 44.95383219954648, 45.51111111111111, 46.11482993197279], "beat_labels": [1, 28, 15, 20, 2, 23, 29, 29, 5, 18, 11, 9, 7, 18, 2, 27, 2, 20, 2, 7, 12, 10, 7, 20, 2, 10, 7, 25, 18, 5, 12, 12, 12, 1, 1, 12, 5, 24, 24, 4, 22, 19, 6, 0, 0, 14, 9, 21, 11, 12, 24, 17, 6, 26, 17, 17, 13, 1, 4, 17, 17, 4, 11, 12, 8, 8, 3, 3, 3, 3, 3, 3, 8, 8, 8, 8, 8, 8, 16, 12, 1, 1, 1, 1, 1, 1], "beat_selections": [43, 34, 14, 67, 58, 8, 52, 22, 76, 11, 25, 62, 32, 56, 45, 2, 78, 51, 13, 41, 23, 47, 40, 5, 50, 27, 53, 15, 1, 7]}