{"beat_times": [0.3250793650793651, 1.1145578231292517, 1.8808163265306121, 2.6354648526077096, 3.378503401360544, 4.133151927437642, 4.887800453514739, 5.61922902494331, 6.373877551020408, 7.070476190476191, 7.801904761904762, 8.52172335600907, 9.287981859410431, 10.147120181405896, 10.983038548752834, 11.644807256235827, 12.387845804988663, 13.119274376417234, 13.862312925170068, 14.698231292517006, 15.406439909297053, 16.056598639455782, 16.77641723356009, 17.519455782312924, 18.250884353741498, 18.982312925170067, 19.736961451247165, 20.468390022675738, 21.199818594104308, 21.91963718820862, 22.523356009070294, 23.510204081632654, 24.29968253968254, 24.973061224489797, 25.71609977324263, 26.528798185941042, 27.2021768707483, 27.921995464852607, 28.65342403628118, 29.431292517006803, 30.1859410430839, 30.928979591836736, 31.672018140589568, 32.41505668934241, 33.158095238095235, 33.95918367346939, 34.702222222222225, 35.5265306122449, 36.30439909297052, 37.198367346938774, 37.89496598639456, 38.626394557823126, 39.32299319727891, 40.06603174603175, 40.78585034013606, 41.50566893424036, 42.22548752834467], "beat_labels": [27, 15, 15, 14, 12, 12, 25, 19, 21, 1, 25, 28, 19, 7, 2, 2, 4, 26, 29, 2, 11, 4, 24, 11, 16, 7, 2, 13, 18, 2, 17, 25, 25, 23, 25, 25, 5, 1, 6, 17, 3, 3, 28, 6, 6, 22, 29, 19, 9, 1, 8, 10, 10, 0, 20, 0, 0], "beat_selections": [56, 37, 15, 40, 21, 36, 38, 25, 50, 48, 51, 23, 4, 27, 3, 1, 24, 30, 28, 12, 54, 8, 45, 33, 22, 6, 17, 0, 42, 46]}