{"beat_times": [0.9868480725623583, 1.5441269841269842, 2.020136054421769, 2.5193650793650795, 2.972154195011338, 3.4481632653061225, 3.947392290249433, 4.458231292517007, 4.96907029478458, 5.537959183673469, 6.03718820861678, 6.559637188208617, 7.128526077097506, 7.616145124716553, 8.126984126984127, 8.661043083900227, 9.137052154195011, 9.729160997732427, 10.298049886621316, 10.89015873015873, 11.482267573696145, 12.016326530612245, 12.550385487528345, 13.096054421768708, 13.653333333333334, 14.187392290249432, 14.70984126984127, 15.220680272108844, 15.74312925170068, 16.27718820861678, 16.869297052154195, 17.426575963718822, 17.99546485260771, 18.52952380952381, 19.11002267573696, 19.690521541950112, 20.271020408163267, 20.82829931972789, 21.39718820861678, 21.89641723356009, 22.488526077097507, 23.04580498866213, 23.579863945578232, 24.23002267573696, 24.822131519274375, 25.344580498866215, 25.843809523809522, 26.343038548752833, 26.888707482993198, 27.434376417233562, 27.921995464852607, 28.43283446712018, 28.955283446712016, 29.559002267573696, 30.023401360544216, 30.48780045351474, 30.98702947845805, 31.509478458049887, 31.997097505668933, 32.53115646258503, 33.03038548752834, 33.55283446712018, 34.098503401360546, 34.586122448979594, 35.085351473922906, 35.59619047619048, 36.13024943310658, 36.710748299319725, 37.314467120181405, 37.860136054421766, 38.40580498866213, 38.905034013605444, 39.41587301587302, 39.92671201814059, 40.56526077097506, 41.23863945578231, 41.73786848072562, 42.283537414965984, 42.81759637188209, 43.35165532879819, 43.83927437641724, 44.32689342403628, 44.76807256235828, 45.255691609977326, 45.743310657596375, 46.26575963718821, 46.823038548752834, 47.33387755102041, 47.91437641723356, 48.44843537414966, 49.14503401360544, 49.71392290249433, 50.20154195011338, 50.68916099773243, 51.16517006802721, 51.757278911564626, 52.31455782312925, 52.8021768707483, 53.31301587301587, 53.90512471655329, 54.46240362811791, 55.04290249433107, 55.60018140589569, 56.25034013605442, 56.79600907029479, 57.446167800453516, 58.03827664399093, 58.525895691609975, 59.013514739229024, 59.47791383219955, 60.08163265306123, 60.60408163265306, 61.11492063492064, 61.68380952380952, 62.194648526077096, 62.62421768707483, 63.20471655328798, 63.82004535147392, 64.27283446712018, 64.74884353741497, 65.19002267573696, 65.68925170068027, 66.17687074829932, 66.72253968253968], "beat_labels": [7, 16, 7, 1, 1, 1, 10, 10, 10, 10, 1, 16, 1, 7, 7, 1, 1, 1, 1, 1, 10, 28, 1, 1, 1, 1, 13, 13, 1, 1, 1, 1, 1, 13, 13, 13, 1, 16, 27, 24, 2, 18, 2, 28, 17, 27, 21, 28, 1, 4, 26, 26, 26, 26, 22, 12, 3, 8, 2, 26, 16, 16, 16, 7, 7, 7, 7, 27, 8, 14, 6, 8, 6, 3, 13, 25, 14, 27, 3, 11, 11, 23, 23, 21, 8, 21, 21, 21, 3, 21, 21, 11, 15, 17, 17, 17, 6, 6, 6, 2, 25, 15, 15, 11, 26, 6, 9, 19, 19, 19, 5, 29, 29, 6, 3, 13, 13, 20, 9, 0, 0, 6, 13, 6], "beat_selections": [120, 24, 42, 114, 49, 110, 121, 14, 71, 118, 6, 103, 55, 116, 69, 92, 61, 94, 41, 109, 117, 85, 54, 81, 39, 75, 104, 38, 21, 112]}