{"beat_times": [5.2477097505668935, 5.77015873015873, 6.2693877551020405, 6.780226757369615, 7.325895691609977, 7.790294784580499, 8.324353741496598, 8.800362811791382, 9.276371882086167, 9.810430839002267, 10.298049886621316, 10.797278911564625, 11.3081179138322, 11.842176870748299, 12.364625850340136, 12.84063492063492, 13.374693877551021, 13.885532879818594, 14.384761904761906, 14.872380952380952, 15.383219954648526, 15.882448979591837, 16.39328798185941, 16.77641723356009, 17.333696145124716, 17.84453514739229, 18.36698412698413, 18.877823129251702, 19.400272108843538, 19.922721088435374, 20.456780045351476, 20.94439909297052, 21.408798185941045, 21.91963718820862, 22.418866213151926, 22.987755102040815, 23.556643990929704, 24.021043083900228, 24.49705215419501, 24.98467120181406, 25.48390022675737, 25.994739229024944], "beat_labels": [0, 27, 10, 10, 7, 7, 7, 13, 13, 0, 0, 0, 19, 12, 16, 25, 9, 28, 29, 1, 1, 20, 22, 9, 20, 20, 15, 14, 6, 8, 2, 2, 26, 23, 5, 4, 21, 3, 18, 24, 17, 11], "beat_selections": [11, 19, 31, 37, 35, 34, 28, 6, 29, 16, 2, 41, 13, 8, 27, 26, 14, 40, 38, 12, 25, 36, 22, 33, 39, 15, 32, 1, 17, 18]}