{"beat_times": [1.555736961451247, 1.9969160997732427, 2.426485260770975, 2.8792743764172335, 3.320453514739229, 3.7616326530612243, 4.20281179138322, 4.655600907029479, 5.143219954648526, 5.61922902494331, 6.025578231292517, 6.489977324263038, 6.931156462585034, 7.360725623582766, 7.790294784580499, 8.243083900226758, 8.730702947845804, 9.148662131519274, 9.58984126984127, 9.984580498866213, 10.437369614512471, 10.843718820861678, 11.3081179138322, 11.69124716553288, 12.097596371882085, 12.561995464852608, 13.049614512471654, 13.502403628117914, 14.001632653061224, 14.419591836734694, 14.849160997732426, 15.336780045351475, 15.847619047619048, 16.300408163265306, 16.753197278911564, 17.182766439909297, 17.68199546485261, 18.18122448979592, 18.634013605442178, 19.06358276643991, 19.551201814058956, 20.01560090702948, 20.456780045351476, 20.86312925170068, 21.3275283446712, 21.826757369614512, 22.244716553287983, 22.651065759637188, 23.103854875283446, 23.556643990929704, 24.03265306122449, 24.508662131519273, 24.91501133786848, 25.33297052154195, 25.774149659863944, 26.226938775510202, 26.610068027210886, 27.062857142857144, 27.46920634920635, 27.875555555555554, 28.31673469387755, 28.792743764172336, 29.23392290249433, 29.6518820861678, 30.093061224489794, 30.545850340136056, 30.975419501133786, 31.393378684807256, 31.79972789115646, 32.19446712018141, 32.58920634920635, 32.995555555555555, 33.378684807256235, 33.78503401360544, 34.17977324263038, 34.690612244897956, 35.073741496598636, 35.514920634920635, 35.95609977324263, 36.3740589569161, 36.78040816326531, 37.209977324263036, 37.63954648526077, 38.10394557823129, 38.49868480725623, 38.951473922902494, 39.3578231292517, 39.85705215419501, 40.333061224489796], "beat_labels": [28, 7, 25, 25, 7, 7, 20, 1, 1, 5, 5, 2, 2, 12, 12, 12, 12, 12, 12, 11, 11, 11, 11, 0, 0, 27, 27, 0, 21, 21, 9, 9, 9, 9, 4, 21, 21, 9, 4, 21, 12, 29, 18, 0, 0, 27, 27, 27, 0, 18, 18, 4, 4, 4, 4, 21, 4, 21, 21, 21, 9, 21, 4, 4, 15, 15, 17, 17, 17, 17, 8, 8, 8, 22, 22, 3, 3, 3, 14, 26, 19, 6, 24, 16, 16, 13, 13, 23, 10], "beat_selections": [24, 7, 11, 75, 38, 9, 81, 1, 72, 33, 88, 21, 14, 86, 78, 64, 83, 67, 42, 80, 6, 55, 74, 87, 82, 2, 79, 45, 0, 41]}