{"beat_times": [0.5340589569160997, 0.9868480725623583, 1.4164172335600906, 1.8692063492063493, 2.3219954648526078, 2.7631746031746034, 3.2275736961451247, 3.6687528344671203, 4.133151927437642, 4.5859410430839, 5.038730158730159, 5.491519274376417, 5.932698412698413, 6.339047619047619, 6.791836734693877, 7.267845804988662, 7.685804988662132, 8.103764172335602, 8.475283446712018, 8.962902494331066, 9.438911564625851, 9.93814058956916, 10.367709750566894, 10.820498866213152, 11.319727891156463, 11.737687074829932, 12.1556462585034, 12.620045351473923, 13.038004535147392, 13.525623582766439, 14.001632653061224, 14.431201814058957, 14.86077097505669, 15.290340136054422, 15.719909297052155, 16.149478458049888, 16.579047619047618, 16.99700680272109, 17.449795918367347, 17.914195011337867, 18.355374149659863, 18.83138321995465, 19.260952380952382, 19.644081632653062, 20.073650793650792, 20.514829931972788, 20.93278911564626, 21.36235827664399, 21.78031746031746, 22.291156462585032, 22.77877551020408, 23.289614512471655, 23.76562358276644, 24.206802721088437, 24.636371882086166, 25.042721088435375, 25.56517006802721, 26.041179138321997, 26.482358276643993, 26.969977324263038, 27.46920634920635, 27.956825396825398, 28.46766439909297, 28.908843537414967, 29.31519274376417, 29.779591836734692, 30.220770975056688, 30.661950113378683, 31.126349206349207, 31.52108843537415, 31.962267573696145, 32.40344671201814, 32.84462585034014, 33.23936507936508, 33.62249433106576, 34.04045351473923, 34.42358276643991, 34.81832199546485, 35.20145124716553, 35.561360544217685, 35.944489795918365, 36.327619047619045, 36.78040816326531, 37.17514739229025, 37.61632653061225, 38.034285714285716, 38.42902494331066, 38.85859410430839, 39.2649433106576, 39.70612244897959, 40.1124716553288, 40.518820861678, 41.01804988662131, 41.528888888888886, 41.95845804988662, 42.36480725623583, 42.75954648526077, 43.20072562358277, 43.64190476190476], "beat_labels": [24, 0, 0, 15, 15, 15, 15, 15, 11, 15, 29, 4, 5, 2, 2, 2, 11, 11, 11, 7, 11, 12, 7, 3, 3, 3, 6, 6, 6, 6, 6, 9, 9, 5, 5, 22, 22, 1, 27, 16, 7, 1, 8, 8, 8, 18, 18, 18, 19, 5, 5, 5, 5, 24, 2, 29, 19, 23, 24, 5, 5, 11, 6, 21, 21, 6, 9, 20, 13, 13, 20, 13, 29, 25, 23, 26, 6, 17, 17, 20, 16, 10, 10, 24, 16, 28, 28, 20, 24, 16, 24, 7, 20, 14, 14, 15, 15, 11, 14], "beat_selections": [1, 37, 14, 24, 11, 12, 76, 91, 43, 32, 81, 18, 21, 71, 94, 96, 89, 78, 45, 56, 87, 63, 36, 57, 53, 73, 75, 38, 85, 72]}