{"beat_times": [0.7662585034013606, 1.1609977324263039, 1.5673469387755101, 2.0317460317460316, 2.4729251700680273, 3.0418140589569163, 3.541043083900227, 4.028662131519274, 4.504671201814059, 4.96907029478458, 5.445079365079365, 5.874648526077097, 6.350657596371882, 6.826666666666667, 7.279455782312925, 7.743854875283446, 8.208253968253969, 8.684263038548753, 9.137052154195011, 9.613061224489796, 10.077460317460318, 10.530249433106576, 10.983038548752834, 11.470657596371883, 11.935056689342403, 12.387845804988663, 12.863854875283447, 13.339863945578232, 13.815873015873017, 14.268662131519275, 14.721451247165533, 15.197460317460317, 15.650249433106575, 16.091428571428573, 16.532607709750568, 16.99700680272109, 17.484625850340137, 17.937414965986395, 18.390204081632653, 18.854603174603174, 19.30739229024943, 19.783401360544218, 20.224580498866214, 20.688979591836734, 21.153378684807254, 21.606167800453516, 22.058956916099774, 22.50013605442177, 22.952925170068028, 23.417324263038548, 23.893333333333334, 24.369342403628117, 24.845351473922904, 25.26331065759637, 25.71609977324263, 26.180498866213153, 26.644897959183673, 27.109297052154194, 27.573696145124718, 28.0497052154195, 28.50249433106576, 28.955283446712016, 29.41968253968254, 29.8724716553288, 30.33687074829932, 30.801269841269843, 31.277278911564625, 31.730068027210883, 32.182857142857145, 32.658866213151924, 33.111655328798186, 33.57605442176871, 34.0172335600907, 34.49324263038549, 34.969251700680275, 35.42204081632653, 35.87482993197279, 36.33922902494331, 36.80362811791383, 37.29124716553288, 37.73242630385487, 38.26648526077098, 38.846984126984125, 39.31138321995465, 39.75256235827664, 40.13569160997732, 40.61170068027211, 41.09931972789116, 41.517278911564624, 41.912018140589566, 42.36480725623583, 42.75954648526077, 43.20072562358277, 43.67673469387755, 44.17596371882086, 44.6055328798186, 45.05832199546485], "beat_labels": [28, 7, 25, 11, 12, 1, 5, 5, 10, 10, 10, 10, 10, 20, 10, 0, 10, 0, 3, 3, 0, 0, 3, 18, 18, 9, 29, 9, 9, 20, 29, 3, 18, 29, 21, 21, 21, 29, 29, 29, 21, 29, 9, 0, 29, 29, 29, 3, 9, 9, 9, 21, 21, 21, 3, 0, 0, 0, 3, 21, 9, 9, 18, 18, 18, 18, 18, 18, 20, 18, 18, 18, 20, 3, 3, 3, 20, 21, 7, 27, 27, 7, 2, 24, 14, 16, 26, 19, 4, 15, 6, 23, 13, 22, 8, 17, 7], "beat_selections": [57, 5, 82, 73, 88, 6, 90, 81, 94, 60, 10, 3, 4, 92, 84, 89, 85, 95, 69, 87, 68, 51, 93, 91, 83, 2, 86, 80, 0, 33]}