{"beat_times": [0.26702947845804986, 0.7430385487528345, 1.3119274376417234, 1.8343764172335602, 2.380045351473923, 2.948934240362812, 3.4713832199546486, 4.017052154195011, 4.527891156462585, 5.050340136054421, 5.537959183673469, 6.072018140589569, 6.582857142857143, 7.128526077097506, 7.650975056689342, 8.13859410430839, 8.684263038548753, 9.195102040816327, 9.7059410430839, 10.228390022675738, 10.727619047619047, 11.412607709750567, 12.027936507936507, 12.480725623582767, 13.096054421768708, 13.606893424036281, 14.233832199546486, 14.721451247165533, 15.232290249433106, 15.70829931972789, 16.184308390022675], "beat_labels": [23, 2, 20, 17, 8, 10, 29, 28, 25, 26, 10, 27, 0, 15, 19, 24, 3, 5, 6, 16, 11, 9, 7, 21, 22, 18, 1, 14, 13, 12, 4], "beat_selections": [12, 26, 1, 16, 30, 17, 18, 22, 4, 21, 5, 20, 29, 28, 27, 13, 19, 3, 25, 14, 2, 23, 24, 0, 15, 8, 9, 11, 7, 6]}