{"beat_times": [9.137052154195011, 9.636281179138322, 10.112290249433107, 10.565079365079365, 11.00625850340136, 11.435827664399094, 11.865396825396825, 12.30657596371882, 12.759365079365079, 13.200544217687074, 13.618503401360543, 14.001632653061224, 14.431201814058957, 14.872380952380952, 15.383219954648526, 15.882448979591837, 16.416507936507937, 16.857687074829933, 17.356916099773244, 17.890975056689342, 18.355374149659863, 18.819773242630387, 19.33061224489796, 19.841451247165534, 20.352290249433107, 20.816689342403627, 21.35074829931973, 21.873197278911565, 22.360816326530614, 22.84843537414966, 23.312834467120183, 23.788843537414966, 24.288072562358277, 24.740861678004535, 25.228480725623584, 25.71609977324263, 26.226938775510202, 26.691337868480726, 27.2021768707483, 27.70140589569161, 28.189024943310656, 28.665034013605442, 29.245532879818594, 29.698321995464852, 30.197551020408163, 30.67356009070295, 31.126349206349207, 31.567528344671203, 32.04353741496599, 32.496326530612244, 32.879455782312924, 33.332244897959185, 33.7966439909297, 34.27265306122449, 34.853151927437644, 35.31755102040816, 35.79356009070295, 36.281179138321995, 36.72235827664399, 37.17514739229025, 37.63954648526077, 38.10394557823129, 38.55673469387755, 39.00952380952381, 39.46231292517007, 39.880272108843535, 40.34467120181406, 40.820680272108845, 41.2734693877551, 41.66820861678004, 42.09777777777778, 42.53895691609977, 42.98013605442177, 43.42131519274376, 43.874104308390024, 44.315283446712016, 44.756462585034015, 45.20925170068027, 45.66204081632653, 46.126439909297055, 46.602448979591834, 47.055238095238096, 47.57768707482993, 48.07691609977324, 48.518095238095235, 48.98249433106576, 49.44689342403628, 49.9112925170068, 50.36408163265306, 50.81687074829932, 51.26965986394558, 51.72244897959184, 52.17523809523809, 52.628027210884355, 53.09242630385488, 53.53360544217687, 53.998004535147395, 54.474013605442174, 54.9384126984127, 55.33315192743764, 55.7859410430839, 56.21551020408163, 56.66829931972789, 57.109478458049885, 57.57387755102041, 58.0150566893424, 58.44462585034014, 58.89741496598639, 59.31537414965987, 59.7449433106576, 60.1512925170068, 60.546031746031744, 60.95238095238095, 61.37034013605442, 61.78829931972789, 62.21786848072562, 62.65904761904762, 63.111836734693874, 63.55301587301587], "beat_labels": [0, 0, 0, 15, 15, 9, 18, 18, 18, 9, 9, 21, 6, 4, 3, 3, 5, 10, 3, 28, 3, 3, 5, 14, 14, 5, 14, 5, 16, 5, 10, 28, 10, 28, 14, 28, 14, 5, 3, 5, 14, 6, 1, 1, 29, 24, 24, 24, 24, 24, 23, 23, 24, 12, 26, 16, 19, 2, 26, 4, 13, 2, 26, 4, 12, 2, 26, 4, 19, 2, 13, 2, 13, 2, 13, 2, 5, 2, 19, 2, 19, 2, 6, 4, 25, 17, 16, 16, 25, 4, 25, 16, 14, 16, 4, 17, 17, 11, 11, 11, 6, 11, 11, 28, 22, 22, 22, 22, 7, 7, 7, 7, 7, 7, 7, 27, 20, 8, 8], "beat_selections": [1, 43, 77, 18, 83, 39, 82, 113, 117, 9, 30, 102, 53, 72, 23, 3, 28, 96, 6, 78, 116, 11, 106, 51, 49, 90, 58, 115, 19, 44]}