{"beat_times": [18.622403628117915, 19.260952380952382, 19.89950113378685, 20.538049886621316, 21.16498866213152, 21.757097505668934, 22.38403628117914, 22.96453514739229, 23.56825396825397, 24.171972789115646, 24.775691609977326, 25.391020408163264, 26.006349206349206, 26.62167800453515, 27.237006802721087, 27.85233560090703, 28.43283446712018, 29.024943310657598, 29.628662131519274, 30.45297052154195, 31.010249433106576, 31.683628117913834, 32.298956916099776, 32.97233560090703, 33.68054421768707, 34.365532879818595, 34.98086167800454, 35.5265306122449, 36.060589569160996, 36.57142857142857, 37.093877551020405, 37.593106575963716, 38.17360544217687, 38.76571428571429, 39.334603174603174, 39.90349206349207, 40.46077097505669, 41.087709750566894, 41.78430839002267, 42.59700680272109, 43.23555555555556, 43.885714285714286, 44.54748299319728, 45.20925170068027, 45.905850340136055, 46.6140589569161, 47.217777777777776, 47.83310657596372, 48.6225850340136, 49.24952380952381, 49.85324263038549, 50.45696145124717, 51.08390022675737, 51.67600907029478, 52.30294784580499, 52.92988662131519, 53.510385487528346, 54.114104308390026, 54.75265306122449], "beat_labels": [22, 8, 15, 15, 25, 5, 20, 24, 11, 17, 2, 2, 2, 2, 2, 7, 7, 0, 13, 28, 28, 12, 6, 9, 10, 7, 7, 0, 29, 23, 14, 4, 8, 22, 18, 22, 8, 8, 8, 8, 13, 21, 21, 1, 5, 16, 3, 16, 1, 1, 26, 23, 27, 23, 1, 23, 19, 3, 26], "beat_selections": [17, 54, 14, 57, 31, 44, 22, 25, 39, 23, 24, 8, 21, 18, 30, 2, 47, 9, 34, 56, 6, 42, 33, 53, 7, 4, 50, 52, 19, 28]}