{"beat_times": [18.099954648526076, 18.517913832199547, 18.970702947845805, 19.44671201814059, 19.87628117913832, 20.29424036281179, 20.770249433106574, 21.199818594104308, 21.640997732426303, 22.0821768707483, 22.511746031746032, 22.941315192743765, 23.394104308390023, 23.83528344671202, 24.264852607709752, 24.71764172335601, 25.123990929705215, 25.56517006802721, 26.01795918367347, 26.459138321995464, 26.90031746031746, 27.295056689342402, 27.70140589569161, 28.096145124716553, 28.490884353741496, 28.88562358276644, 29.31519274376417, 29.779591836734692, 30.243990929705216, 30.68517006802721, 31.184399092970523, 31.62557823129252, 32.1015873015873, 32.55437641723356, 33.08843537414966, 33.51800453514739, 34.00562358276644, 34.365532879818595, 34.89959183673469, 35.25950113378685, 35.7471201814059, 36.165079365079364, 36.62947845804989, 37.03582766439909, 37.488616780045355, 37.918185941043085, 38.417414965986396, 38.88181405895691, 39.334603174603174, 39.75256235827664, 40.19374149659864, 40.63492063492063, 41.09931972789116, 41.517278911564624], "beat_labels": [19, 6, 0, 0, 14, 14, 18, 27, 27, 7, 10, 28, 24, 1, 13, 15, 12, 7, 18, 1, 18, 12, 10, 29, 5, 10, 17, 4, 26, 4, 4, 4, 21, 25, 11, 11, 11, 9, 3, 9, 3, 23, 3, 8, 8, 2, 2, 8, 22, 22, 20, 20, 20, 16], "beat_selections": [3, 19, 46, 38, 31, 24, 1, 9, 47, 37, 25, 35, 16, 14, 5, 15, 53, 26, 18, 0, 51, 32, 48, 41, 12, 33, 28, 8, 11, 23]}