{"beat_times": [0.29024943310657597, 0.7430385487528345, 1.253877551020408, 1.7414965986394557, 2.2871655328798184, 2.7631746031746034, 3.250793650793651, 3.7964625850340137, 4.272471655328798, 4.760090702947846, 5.2128798185941045, 5.746938775510204, 6.2345578231292516, 6.722176870748299, 7.22140589569161, 7.767074829931973, 8.266303854875284, 8.730702947845804, 9.229931972789116, 9.682721088435374, 10.158730158730158, 10.704399092970522, 11.203628117913832, 11.69124716553288, 12.19047619047619, 12.72453514739229, 13.165714285714285, 13.653333333333334, 14.187392290249432, 14.675011337868481, 15.116190476190477, 15.615419501133786, 16.184308390022675, 16.69514739229025], "beat_labels": [0, 27, 9, 11, 5, 5, 26, 12, 10, 10, 19, 19, 15, 2, 25, 28, 16, 29, 1, 1, 23, 7, 3, 24, 8, 18, 17, 6, 22, 20, 13, 4, 21, 14], "beat_selections": [0, 19, 13, 22, 31, 4, 27, 21, 24, 2, 9, 3, 7, 30, 33, 12, 16, 26, 25, 10, 29, 32, 28, 20, 23, 14, 6, 1, 15, 17]}