{"beat_times": [0.3599092970521542, 1.1261678004535147, 1.7298866213151927, 2.2871655328798184, 2.809614512471655, 3.436553287981859, 3.947392290249433, 4.481451247165533, 5.00390022675737, 5.526349206349207, 6.048798185941043, 6.606077097505669, 7.163356009070295, 7.6741950113378685, 8.219863945578231, 8.78875283446712, 9.357641723356009, 9.949750566893425, 10.541859410430838, 11.133968253968254, 11.644807256235827, 12.213696145124716, 12.747755102040816, 13.293424036281179, 13.862312925170068, 14.44281179138322, 14.988480725623583, 15.580589569160997, 16.288798185941044, 16.84607709750567, 17.368526077097506, 17.949024943310658, 18.52952380952381, 19.098412698412698, 19.667301587301587, 20.236190476190476, 20.78185941043084, 21.35074829931973, 21.91963718820862, 22.418866213151926, 22.918095238095237, 23.475374149659864, 24.044263038548753, 24.57832199546485, 25.26331065759637, 25.820589569160997, 26.389478458049886, 26.946757369614513, 27.527256235827664, 28.107755102040816, 28.665034013605442, 29.22231292517007, 29.779591836734692, 30.33687074829932, 30.882539682539683, 31.346938775510203, 31.834557823129252, 32.36861678004535, 32.93750566893424, 33.50639455782313, 34.05206349206349, 34.62095238095238, 35.14340136054422, 35.72390022675737, 36.281179138321995, 36.87328798185941, 37.51183673469388, 38.196825396825396, 38.75410430839002, 39.32299319727891, 39.8918820861678, 40.46077097505669, 41.00643990929705, 41.586938775510205, 42.132607709750566, 42.70149659863946, 43.24716553287982, 43.816054421768705, 44.28045351473923, 44.74485260770975, 45.348571428571425, 45.91746031746032, 46.451519274376416, 46.99718820861678, 47.56607709750567, 48.12335600907029, 48.66902494331066, 49.22630385487528, 49.771972789115644, 50.340861678004536, 50.921360544217684, 51.50185941043084, 52.03591836734694, 52.5815873015873, 53.18530612244898], "beat_labels": [0, 0, 12, 4, 4, 29, 11, 29, 29, 18, 26, 29, 29, 29, 10, 20, 7, 5, 5, 5, 22, 2, 27, 5, 27, 5, 23, 14, 23, 5, 27, 19, 15, 15, 24, 2, 2, 2, 25, 13, 17, 27, 28, 28, 16, 9, 9, 1, 3, 21, 21, 21, 21, 21, 8, 21, 1, 8, 21, 6, 8, 8, 6, 6, 8, 8, 3, 3, 8, 8, 8, 6, 8, 8, 21, 3, 3, 8, 8, 8, 8, 8, 21, 3, 6, 8, 8, 8, 8, 8, 3, 3, 3, 8, 1], "beat_selections": [1, 94, 37, 90, 3, 19, 59, 16, 87, 45, 14, 6, 2, 39, 27, 33, 44, 40, 9, 31, 15, 74, 20, 26, 34, 38, 10, 22, 42, 8]}