{"beat_times": [6.222947845804988, 6.780226757369615, 7.325895691609977, 7.836734693877551, 8.370793650793651, 8.904852607709751, 9.334421768707482, 9.775600907029478, 10.216780045351474, 10.739229024943311, 11.215238095238096, 11.656417233560092, 12.248526077097505, 12.712925170068027, 13.246984126984128, 13.781043083900228, 14.303492063492063, 14.779501133786848, 15.290340136054422, 15.81278911564626, 16.23074829931973, 16.753197278911564, 17.252426303854875, 17.670385487528346, 18.18122448979592, 18.738503401360543, 19.29578231292517, 19.783401360544218, 20.259410430839, 20.712199546485262, 21.16498866213152, 21.675827664399094, 22.256326530612245, 22.732335600907028, 23.2431746031746, 23.754013605442175, 24.253242630385486, 24.752471655328797, 25.25170068027211, 25.762539682539682, 26.261768707482993, 26.73777777777778, 27.213786848072562, 27.724625850340136, 28.293514739229025, 28.827573696145123, 29.30358276643991, 29.80281179138322, 30.25560090702948, 30.708390022675736, 31.172789115646257, 31.62557823129252, 32.066757369614514, 32.6356462585034, 33.158095238095235, 33.68054421768707, 34.15655328798186, 34.65578231292517, 35.16662131519274, 35.64263038548753, 36.14185941043084, 36.67591836734694, 37.198367346938774, 37.70920634920635, 38.23165532879818, 38.75410430839002, 39.230113378684806, 39.74095238095238, 40.263401360544215, 40.79746031746032, 41.319909297052156, 41.86557823129252, 42.353197278911566, 42.840816326530614, 43.46775510204082, 44.083083900226754, 44.54748299319728, 45.05832199546485, 45.61560090702948, 46.10321995464852, 46.556009070294785, 47.03201814058957], "beat_labels": [24, 5, 1, 5, 25, 5, 1, 7, 7, 22, 6, 27, 20, 21, 10, 1, 5, 5, 25, 28, 20, 20, 20, 20, 7, 7, 8, 8, 5, 8, 8, 3, 3, 19, 0, 0, 0, 0, 0, 0, 17, 29, 1, 1, 13, 1, 7, 11, 11, 7, 7, 13, 13, 7, 7, 16, 4, 4, 9, 13, 4, 4, 9, 4, 4, 9, 17, 18, 18, 23, 15, 1, 19, 14, 14, 2, 2, 2, 2, 12, 12, 26], "beat_selections": [35, 15, 75, 32, 60, 5, 10, 54, 27, 65, 14, 47, 80, 52, 73, 70, 55, 66, 67, 33, 20, 13, 9, 69, 0, 18, 81, 11, 19, 41]}