{"beat_times": [0.301859410430839, 0.8243083900226758, 1.3699773242630386, 1.8459863945578232, 2.380045351473923, 2.9373242630385485, 3.564263038548753, 4.098321995464852, 4.6439909297052155, 5.154829931972789, 5.723718820861678, 6.292607709750567, 6.826666666666667, 7.3723356009070296, 7.9412244897959186, 8.428843537414966, 8.881632653061224, 9.357641723356009, 9.880090702947847, 10.425759637188209, 10.95981859410431, 11.528707482993198, 12.062766439909296, 12.527165532879819, 13.084444444444445, 13.664943310657597, 14.257052154195012, 14.802721088435375, 15.220680272108844, 15.81278911564626, 16.195918367346938, 16.671927437641724, 17.171156462585035, 17.68199546485261, 18.204444444444444, 18.703673469387756, 19.37705215419501, 19.922721088435374, 20.526439909297054, 21.095328798185943, 21.69904761904762, 22.38403628117914, 22.976145124716552, 23.53342403628118, 24.14875283446712, 24.68281179138322, 25.25170068027211, 25.78575963718821, 26.343038548752833, 27.028027210884353, 27.654965986394558, 28.177414965986394, 28.723083900226758, 29.19909297052154, 29.733151927437643, 30.29043083900227, 30.975419501133786, 31.544308390022675, 32.03192743764173, 32.58920634920635, 33.065215419501136, 33.645714285714284, 34.144943310657595, 34.62095238095238, 35.085351473922906, 35.53814058956916, 36.03736961451247, 36.548208616780045, 37.047437641723356, 37.56988662131519, 38.12716553287982, 38.76571428571429, 39.29977324263039, 39.81061224489796, 40.36789115646258, 40.983219954648526, 41.59854875283447, 42.08616780045352, 42.620226757369615, 43.23555555555556, 43.82766439909297, 44.32689342403628, 44.82612244897959, 45.31374149659864, 45.81297052154195, 46.32380952380952, 46.88108843537415, 47.391927437641726, 47.96081632653061, 48.529705215419504, 49.075374149659865, 49.51655328798186, 49.96934240362812, 50.46857142857143, 50.921360544217684, 51.478639455782314, 51.94303854875283, 52.511927437641724, 53.03437641723356, 53.60326530612245, 54.1837641723356, 54.89197278911565, 55.49569160997732, 56.076190476190476, 56.62185941043084, 57.167528344671204, 57.77124716553288, 58.258866213151926, 58.71165532879819, 59.28054421768707, 59.8378231292517, 60.337052154195014, 60.87111111111111, 61.381950113378686], "beat_labels": [28, 23, 19, 19, 29, 29, 9, 9, 18, 18, 8, 24, 24, 18, 4, 6, 15, 5, 14, 27, 14, 27, 18, 4, 28, 26, 21, 1, 17, 4, 4, 4, 23, 3, 24, 9, 9, 9, 8, 6, 14, 18, 28, 9, 17, 23, 20, 24, 15, 19, 17, 8, 15, 19, 9, 9, 16, 7, 9, 28, 16, 18, 28, 20, 22, 9, 6, 13, 1, 17, 29, 8, 0, 0, 0, 6, 24, 24, 4, 10, 3, 28, 4, 12, 4, 10, 2, 4, 17, 10, 10, 10, 10, 4, 6, 6, 13, 17, 17, 11, 9, 17, 17, 25, 11, 25, 6, 23, 23, 9, 9, 6, 3, 22], "beat_selections": [74, 27, 86, 80, 78, 17, 39, 57, 10, 54, 89, 99, 83, 96, 20, 52, 60, 50, 61, 3, 63, 26, 113, 32, 11, 105, 25, 21, 42, 4]}