{"beat_times": [0.26702947845804986, 1.0681179138321995, 1.811156462585034, 2.449705215419501, 3.1463038548752835, 3.8312925170068026, 4.527891156462585, 5.2128798185941045, 5.909478458049887, 6.594467120181406, 7.337505668934241, 7.987664399092971, 8.602993197278911, 9.218321995464853, 9.822040816326531, 10.39092970521542, 11.017868480725623, 11.795736961451247, 12.620045351473923, 13.351473922902494, 14.140952380952381, 14.79111111111111, 15.47609977324263, 16.184308390022675, 16.764807256235827, 17.426575963718822, 18.04190476190476, 18.76172335600907, 19.469931972789116, 20.340680272108845, 21.072108843537414, 21.81514739229025, 22.50013605442177, 23.18512471655329, 23.893333333333334, 24.49705215419501, 25.054331065759637, 25.692879818594104, 26.389478458049886, 27.074467120181406], "beat_labels": [17, 9, 2, 14, 10, 16, 13, 21, 4, 6, 4, 26, 7, 28, 8, 25, 0, 8, 27, 20, 25, 15, 24, 25, 25, 3, 3, 18, 19, 12, 19, 7, 23, 7, 5, 11, 11, 29, 1, 22], "beat_selections": [16, 38, 2, 26, 10, 34, 9, 12, 14, 1, 4, 35, 29, 6, 3, 21, 5, 0, 27, 30, 19, 7, 39, 32, 22, 24, 11, 18, 13, 37]}