{"beat_times": [0.313469387755102, 0.8591383219954648, 1.474467120181406, 2.10140589569161, 2.716734693877551, 3.2275736961451247, 3.7035827664399092, 4.156371882086168, 4.6788208616780045, 5.282539682539682, 5.8165986394557825, 6.30421768707483, 6.815056689342404, 7.395555555555555, 7.883174603174603, 8.394013605442177, 9.02095238095238, 9.601451247165533, 10.216780045351474, 10.85532879818594, 11.42421768707483, 12.016326530612245, 12.585215419501134, 13.119274376417234, 13.699773242630386, 14.199002267573697, 14.744671201814059, 15.313560090702948, 15.975328798185942, 16.62548752834467, 17.217596371882085, 17.821315192743764, 18.436643990929706, 19.017142857142858, 19.667301587301587, 20.236190476190476, 20.816689342403627, 21.36235827664399, 21.954467120181405, 22.523356009070294, 23.08063492063492, 23.556643990929704, 24.067482993197277, 24.589931972789117, 25.123990929705215, 25.727709750566895, 26.354648526077096, 27.00480725623583, 27.445986394557824, 28.0497052154195, 28.583764172335602, 29.129433106575963, 29.6518820861678, 30.1859410430839, 30.766439909297052, 31.474648526077097, 32.07836734693878, 32.612426303854875, 33.14648526077097, 33.66893424036281, 34.261043083900226, 34.864761904761906, 35.43365079365079, 36.002539682539684, 36.548208616780045, 37.1287074829932, 37.79047619047619, 38.40580498866213, 38.93986394557823, 39.497142857142855, 40.00798185941043, 40.57687074829932, 41.041269841269845, 41.65659863945578, 42.283537414965984, 42.898866213151926, 43.4097052154195, 43.90893424036281, 44.4778231292517, 44.977052154195015, 45.464671201814056, 45.952290249433105, 46.66049886621315, 47.42675736961451, 47.98403628117914, 48.50648526077097, 49.16825396825397, 49.70231292517007, 50.18993197278912, 50.80526077097505, 51.40897959183673, 52.15201814058957, 52.70929705215419, 53.25496598639456, 53.85868480725624, 54.45079365079365, 55.04290249433107], "beat_labels": [1, 14, 22, 20, 29, 15, 11, 29, 3, 10, 9, 8, 19, 11, 2, 15, 1, 29, 11, 20, 8, 6, 24, 11, 9, 13, 12, 11, 8, 1, 8, 3, 15, 5, 8, 27, 22, 15, 29, 11, 7, 0, 0, 3, 29, 3, 0, 29, 12, 13, 9, 25, 3, 0, 23, 18, 3, 11, 23, 6, 11, 26, 19, 3, 10, 29, 26, 3, 3, 7, 2, 9, 19, 16, 3, 6, 12, 19, 13, 25, 27, 8, 6, 6, 28, 17, 28, 8, 4, 14, 14, 4, 8, 27, 4, 18, 21], "beat_selections": [46, 0, 14, 68, 94, 33, 82, 40, 92, 24, 64, 6, 26, 25, 89, 32, 73, 85, 95, 12, 19, 96, 36, 54, 22, 79, 66, 35, 84, 7]}