{"beat_times": [0.18575963718820862, 0.6733786848072563, 1.172607709750567, 1.6021768707482993, 2.0317460317460316, 2.449705215419501, 2.9373242630385485, 3.3668934240362813, 3.8080725623582765, 4.237641723356009, 4.6788208616780045, 5.166439909297052, 5.642448979591837, 6.048798185941043, 6.5712471655328795, 7.047256235827664, 7.500045351473923, 7.9412244897959186, 8.312743764172335, 8.684263038548753, 9.09061224489796, 9.47374149659864, 9.833650793650794, 10.298049886621316, 10.669569160997732, 11.099138321995465, 11.447437641723356, 11.911836734693878, 12.387845804988663, 12.852244897959183, 13.246984126984128, 13.606893424036281, 13.978412698412699, 14.419591836734694, 14.849160997732426, 15.24390022675737, 15.719909297052155, 16.195918367346938, 16.590657596371884, 17.066666666666666, 17.507845804988662, 17.972244897959182, 18.42503401360544, 18.854603174603174, 19.202902494331067, 19.586031746031747, 19.969160997732427, 20.39873015873016, 20.78185941043084, 21.176598639455783, 21.571337868480725, 21.97768707482993, 22.430476190476192, 22.88326530612245, 23.278004535147392, 23.672743764172335, 24.13714285714286, 24.61315192743764, 25.031111111111112], "beat_labels": [29, 2, 19, 24, 5, 5, 8, 14, 24, 22, 5, 20, 1, 0, 11, 8, 9, 4, 4, 25, 12, 10, 10, 15, 15, 26, 20, 7, 11, 11, 7, 20, 20, 27, 23, 23, 3, 20, 7, 3, 3, 17, 17, 6, 6, 6, 18, 21, 11, 11, 20, 20, 28, 28, 13, 10, 10, 10, 16], "beat_selections": [13, 12, 1, 36, 18, 5, 44, 38, 6, 16, 57, 48, 20, 54, 7, 23, 58, 41, 46, 2, 50, 47, 9, 34, 3, 19, 25, 33, 52, 0]}