{"beat_times": [0.37151927437641724, 0.8243083900226758, 1.2770975056689342, 1.7531065759637188, 2.2291156462585033, 2.7399546485260773, 3.274013605442177, 3.7616326530612243, 4.2260317460317465, 4.702040816326531, 5.259319727891157, 5.793378684807256, 6.2693877551020405, 6.8034467120181406, 7.430385487528345, 7.952834467120182, 8.463673469387755, 9.05578231292517, 9.578231292517007, 10.054240362811791, 10.576689342403627, 11.04108843537415, 11.517097505668934, 11.993106575963719, 12.45750566893424, 12.933514739229025, 13.514013605442177, 13.978412698412699, 14.477641723356008, 14.965260770975057, 15.418049886621315, 15.940498866213153, 16.451337868480724, 16.938956916099773, 17.438185941043084, 17.902585034013605, 18.37859410430839, 18.877823129251702, 19.400272108843538, 19.969160997732427, 20.654149659863947, 21.223038548752836, 21.745487528344672, 22.27954648526077, 22.77877551020408, 23.278004535147392, 23.76562358276644, 24.241632653061224, 24.706031746031748, 25.193650793650793, 25.75092970521542, 26.25015873015873, 26.760997732426304, 27.28344671201814, 27.713015873015873, 28.16580498866213, 28.69986394557823, 29.22231292517007, 29.698321995464852, 30.232380952380954, 30.789659863945577, 31.30049886621315, 31.753287981859412, 32.21768707482993, 32.70530612244898, 33.216145124716554, 33.715374149659866, 34.17977324263038, 34.702222222222225, 35.247891156462586, 35.781950113378684, 36.30439909297052, 36.815238095238094, 37.268027210884355, 37.697596371882085], "beat_labels": [5, 5, 5, 25, 11, 18, 6, 2, 2, 2, 28, 28, 28, 23, 17, 2, 3, 16, 14, 20, 20, 29, 3, 28, 21, 19, 19, 16, 18, 18, 28, 1, 29, 29, 28, 20, 20, 29, 9, 9, 9, 9, 6, 0, 20, 27, 8, 6, 29, 20, 12, 20, 12, 7, 12, 12, 1, 24, 24, 6, 6, 28, 3, 3, 15, 15, 22, 4, 12, 26, 10, 13, 4, 4, 1], "beat_selections": [43, 74, 7, 63, 67, 2, 6, 53, 46, 40, 70, 4, 54, 71, 18, 65, 17, 14, 5, 25, 20, 24, 66, 13, 57, 3, 69, 45, 12, 33]}