{"beat_times": [0.08126984126984127, 0.5456689342403628, 0.9636281179138322, 1.4512471655328798, 1.9272562358276644, 2.3568253968253967, 2.8212244897959184, 3.274013605442177, 3.900952380952381, 4.516281179138322, 4.957460317460318, 5.38702947845805, 5.8165986394557825, 6.292607709750567, 6.6873469387755105, 7.082086167800454, 7.569705215419501, 8.010884353741497, 8.382403628117913, 8.858412698412698, 9.32281179138322, 9.659501133786849, 10.100680272108843, 10.448979591836734, 10.901768707482994, 11.377777777777778, 11.749297052154194, 12.167256235827665, 12.64326530612245, 13.130884353741497, 13.630113378684808, 14.082902494331066, 14.686621315192744, 15.139410430839002, 15.557369614512472, 15.963718820861677, 16.416507936507937, 16.822857142857142, 17.217596371882085, 17.670385487528346, 18.06512471655329, 18.44825396825397, 18.901043083900227, 19.37705215419501, 19.853061224489796, 20.352290249433107, 20.839909297052156, 21.408798185941045, 21.89641723356009, 22.349206349206348, 22.790385487528344, 23.23156462585034, 23.73079365079365, 24.241632653061224, 24.706031746031748, 25.14721088435374, 25.588390022675735, 26.076009070294784, 26.51718820861678, 26.958367346938775, 27.434376417233562, 27.85233560090703, 28.31673469387755, 28.81596371882086, 29.26875283446712, 29.640272108843536, 30.035011337868482, 30.418140589569163, 30.905759637188208, 31.41659863945578, 31.90421768707483, 32.53115646258503, 32.995555555555555, 33.45995464852608, 33.90113378684807, 34.319092970521545, 34.73705215419501, 35.18984126984127, 35.64263038548753, 36.10702947845805, 36.55981859410431, 37.02421768707483, 37.477006802721085, 37.964625850340134, 38.44063492063492, 38.91664399092971, 39.404263038548756, 39.90349206349207, 40.40272108843537], "beat_labels": [8, 8, 26, 8, 6, 25, 14, 9, 9, 21, 21, 6, 11, 29, 13, 13, 16, 14, 24, 24, 24, 2, 0, 21, 0, 27, 4, 4, 4, 21, 7, 7, 21, 18, 28, 14, 14, 16, 18, 16, 16, 21, 2, 2, 25, 14, 11, 27, 6, 21, 21, 11, 11, 11, 6, 21, 0, 27, 14, 21, 18, 18, 11, 19, 19, 4, 19, 19, 19, 3, 3, 6, 20, 20, 9, 10, 10, 17, 10, 9, 10, 15, 5, 5, 22, 23, 1, 12, 12], "beat_selections": [24, 86, 42, 69, 26, 82, 71, 31, 0, 7, 80, 53, 88, 14, 35, 81, 39, 77, 33, 64, 72, 32, 84, 85, 18, 5, 2, 57, 34, 13]}