{"beat_times": [0.8591383219954648, 1.3931972789115645, 2.020136054421769, 2.5193650793650795, 3.0650340136054424, 3.5062131519274375, 4.017052154195011, 4.551111111111111, 5.0967800453514736, 5.61922902494331, 6.15328798185941, 6.6873469387755105, 7.233015873015873, 7.778684807256236, 8.277913832199546, 8.811972789115647, 9.346031746031747, 9.880090702947847, 10.39092970521542, 10.913378684807256, 11.482267573696145, 12.051156462585034, 12.57360544217687, 13.10766439909297, 13.653333333333334, 14.187392290249432, 14.721451247165533, 15.255510204081633, 15.74312925170068, 16.288798185941044, 16.69514739229025, 17.171156462585035, 17.705215419501133, 18.22766439909297, 18.75011337868481, 19.284172335600907, 19.748571428571427, 20.224580498866214, 20.758639455782312, 21.28108843537415, 21.873197278911565, 22.3956462585034, 22.952925170068028, 23.49859410430839, 24.021043083900228, 24.543492063492064, 25.0659410430839, 25.518730158730158, 25.994739229024944, 26.55201814058957, 27.09768707482993, 27.596916099773242, 28.07292517006803, 28.54893424036281, 29.03655328798186, 29.60544217687075, 30.15111111111111, 30.661950113378683, 31.196009070294785, 31.741678004535146, 32.25251700680272, 32.76335600907029, 33.28580498866213, 33.80825396825397, 34.365532879818595, 34.82993197278912, 35.32916099773242, 35.77034013605442, 36.234739229024946, 36.69913832199546, 37.2215873015873, 37.77886621315193, 38.35936507936508, 38.85859410430839, 39.41587301587302, 39.92671201814059, 40.4259410430839, 40.925170068027214, 41.50566893424036, 42.132607709750566, 42.63183673469388, 43.14267573696145, 43.653514739229024, 44.12952380952381, 44.6055328798186, 45.10476190476191, 45.627210884353744, 46.11482993197279, 46.672108843537416, 47.19455782312925, 47.67056689342404, 48.251065759637186, 48.81995464852608, 49.31918367346939, 49.80680272108844, 50.30603174603175, 50.78204081632653, 51.304489795918364, 51.85015873015873, 52.360997732426306, 52.953106575963716, 53.53360544217687, 54.03283446712018, 54.53206349206349, 55.05451247165533, 55.58857142857143, 56.08780045351474, 56.610249433106574, 57.17913832199547, 57.67836734693878, 58.22403628117914, 58.71165532879819, 59.199274376417236, 59.675283446712015, 60.19773242630386], "beat_labels": [29, 19, 24, 4, 19, 5, 20, 27, 20, 20, 27, 20, 20, 27, 27, 8, 5, 5, 20, 0, 27, 0, 0, 8, 0, 8, 0, 0, 17, 12, 21, 0, 24, 22, 4, 16, 22, 19, 7, 24, 24, 8, 0, 28, 22, 4, 24, 22, 19, 7, 7, 2, 2, 7, 28, 16, 28, 16, 2, 16, 16, 28, 9, 9, 9, 6, 6, 6, 25, 18, 15, 9, 24, 22, 0, 0, 0, 8, 0, 8, 0, 5, 27, 22, 0, 8, 0, 8, 20, 12, 24, 24, 12, 12, 12, 4, 6, 23, 4, 4, 1, 26, 14, 10, 13, 11, 3, 22, 0, 0, 22, 0, 8, 5, 12], "beat_selections": [76, 100, 52, 106, 45, 81, 96, 50, 77, 62, 103, 105, 93, 104, 102, 70, 55, 28, 69, 37, 6, 30, 33, 97, 32, 68, 101, 82, 54, 0]}