{"beat_times": [1.4164172335600906, 1.799546485260771, 2.1942857142857144, 2.6354648526077096, 3.0998639455782313, 3.5294331065759637, 3.947392290249433, 4.365351473922902, 4.806530612244898, 5.282539682539682, 5.712108843537415, 6.106848072562358, 6.501587301587302, 6.9543764172335605, 7.383945578231293, 7.801904761904762, 8.231473922902495, 8.695873015873016, 9.160272108843538, 9.531791383219955, 9.961360544217687, 10.402539682539683, 10.797278911564625, 11.203628117913832, 11.644807256235827, 12.027936507936507, 12.411065759637188, 12.794195011337868, 13.246984126984128, 13.653333333333334, 14.210612244897959, 14.651791383219955, 15.116190476190477, 15.580589569160997, 16.021768707482995], "beat_labels": [24, 17, 13, 16, 10, 8, 26, 5, 27, 4, 15, 19, 0, 23, 29, 18, 6, 20, 1, 11, 3, 5, 22, 12, 7, 14, 28, 21, 9, 9, 9, 25, 9, 2, 3], "beat_selections": [12, 18, 33, 34, 9, 7, 16, 24, 5, 30, 4, 19, 23, 2, 25, 10, 3, 1, 15, 11, 17, 27, 22, 13, 0, 31, 6, 8, 26, 14]}