{"beat_times": [5.143219954648526, 5.642448979591837, 6.211337868480726, 6.757006802721088, 7.186575963718821, 7.697414965986394, 8.243083900226758, 8.753922902494331, 9.287981859410431, 9.833650793650794, 10.425759637188209, 11.04108843537415, 11.633197278911565, 12.097596371882085, 12.57360544217687, 13.223764172335601, 13.815873015873017, 14.500861678004535, 15.000090702947846, 15.51092970521542, 16.07981859410431, 16.69514739229025, 17.205986394557822, 17.740045351473924, 18.26249433106576, 18.819773242630387, 19.30739229024943, 19.87628117913832, 20.421950113378685, 21.002448979591836, 21.571337868480725, 22.175056689342405, 22.69750566893424, 23.254784580498868, 23.823673469387757, 24.357732426303855, 24.90340136054422, 25.576780045351473, 26.21532879818594, 26.842267573696144, 27.353106575963718, 27.875555555555554, 28.398004535147393, 28.955283446712016, 29.593832199546487, 30.232380952380954, 30.766439909297052, 31.451428571428572, 31.962267573696145, 32.48471655328798, 32.97233560090703, 33.52961451247165, 34.07528344671202, 34.59773242630386, 35.15501133786848, 35.70068027210884, 36.25795918367347, 36.74557823129252, 37.29124716553288, 37.90657596371882, 38.521904761904764, 39.14884353741497, 39.717732426303854, 40.29823129251701, 40.79746031746032, 41.37795918367347, 41.9352380952381, 42.515736961451246, 43.03818594104308, 43.57224489795918, 44.14113378684807, 44.72163265306123, 45.3253514739229, 45.80136054421769, 46.451519274376416, 47.12489795918367, 47.763446712018144, 48.37877551020408, 48.959274376417234, 49.52816326530612, 50.08544217687075, 50.607891156462586, 51.095510204081634, 51.57151927437642, 52.09396825396826, 52.65124716553288, 53.26657596371882, 53.823854875283445, 54.485623582766436], "beat_labels": [3, 0, 0, 15, 15, 11, 8, 11, 12, 2, 23, 26, 26, 9, 11, 18, 18, 18, 3, 11, 18, 7, 8, 17, 1, 1, 1, 2, 1, 1, 8, 8, 8, 6, 18, 7, 18, 0, 7, 18, 22, 19, 24, 2, 29, 13, 11, 13, 4, 21, 21, 5, 29, 1, 1, 2, 2, 2, 2, 2, 11, 11, 15, 25, 25, 15, 10, 16, 8, 11, 11, 8, 1, 8, 1, 2, 1, 1, 2, 2, 11, 7, 20, 5, 27, 14, 4, 28, 27], "beat_selections": [2, 54, 79, 0, 86, 51, 33, 38, 32, 13, 66, 7, 8, 45, 85, 65, 67, 23, 39, 41, 82, 50, 40, 10, 42, 63, 11, 88, 87, 44]}