{"beat_times": [0.13931972789115646, 0.7198185941043084, 1.1261678004535147, 1.5905668934240362, 2.0549659863945577, 2.403265306122449, 2.8792743764172335, 3.274013605442177, 3.7964625850340137, 4.260861678004535, 4.73687074829932, 5.12, 5.584399092970521, 6.141678004535147, 6.629297052154195, 7.186575963718821, 7.63936507936508, 8.126984126984127, 8.614603174603175, 9.102222222222222, 9.647891156462585, 10.112290249433107, 10.518639455782314, 10.971428571428572, 11.435827664399094, 11.92344671201814, 12.399455782312925, 12.863854875283447, 13.316643990929705, 13.781043083900228, 14.280272108843537, 14.733061224489797, 15.185850340136055, 15.66185941043084, 16.149478458049888, 16.637097505668933, 17.101496598639457, 17.589115646258502, 18.06512471655329, 18.517913832199547, 18.99392290249433, 19.481541950113378, 19.9459410430839, 20.421950113378685, 20.97922902494331, 21.478458049886623, 21.873197278911565, 22.3027664399093, 22.76716553287982, 23.254784580498868, 23.742403628117913, 24.2184126984127, 24.659591836734695, 25.089160997732428, 25.530340136054424, 25.959909297052153, 26.40108843537415, 26.853877551020407, 27.30666666666667, 27.66657596371882, 28.16580498866213, 28.54893424036281, 29.013333333333332, 29.58222222222222, 30.06984126984127, 30.441360544217687, 30.905759637188208, 31.463038548752834, 31.93904761904762, 32.3221768707483, 32.76335600907029, 33.32063492063492, 33.78503401360544, 34.15655328798186, 34.60934240362812, 34.94603174603174, 35.34077097505669, 35.79356009070295, 36.281179138321995, 36.72235827664399, 37.198367346938774, 37.68598639455782, 38.15038548752835, 38.6031746031746, 39.067573696145125, 39.54358276643991, 40.00798185941043, 40.46077097505669, 40.94839002267574, 41.44761904761905, 41.88879818594104, 42.353197278911566, 42.82920634920635, 43.30521541950113, 43.79283446712018, 44.22240362811792, 44.698412698412696, 45.16281179138322, 45.61560090702948, 46.068390022675736, 46.556009070294785, 47.02040816326531, 47.51963718820862, 48.00725623582766, 48.49487528344671], "beat_labels": [26, 3, 3, 15, 7, 3, 3, 3, 7, 7, 15, 7, 18, 18, 18, 16, 8, 11, 13, 2, 17, 20, 29, 14, 23, 5, 19, 10, 27, 19, 25, 21, 8, 11, 13, 2, 17, 20, 22, 14, 23, 5, 8, 19, 2, 28, 4, 14, 20, 4, 9, 9, 12, 1, 1, 1, 1, 6, 7, 3, 15, 7, 3, 3, 7, 7, 3, 3, 7, 3, 18, 3, 3, 16, 16, 11, 11, 13, 2, 17, 20, 22, 14, 23, 5, 11, 10, 27, 19, 25, 21, 8, 29, 13, 2, 17, 20, 4, 4, 0, 24, 12, 1, 1, 1], "beat_selections": [99, 55, 44, 59, 98, 41, 57, 58, 16, 50, 86, 75, 101, 18, 23, 10, 73, 36, 12, 29, 21, 90, 38, 40, 100, 89, 0, 28, 45, 92]}