{"beat_times": [0.2089795918367347, 0.5340589569160997, 0.8591383219954648, 1.18421768707483, 1.509297052154195, 1.799546485260771, 2.124625850340136, 2.461315192743764, 2.786394557823129, 3.111473922902494, 3.436553287981859, 3.7268027210884354, 4.028662131519274, 4.342131519274377, 4.655600907029479, 4.96907029478458, 5.282539682539682, 5.596009070294785, 5.921088435374149, 6.222947845804988, 6.513197278911565, 6.826666666666667, 7.151746031746032, 7.476825396825397, 7.790294784580499, 8.092154195011338, 8.394013605442177, 8.719092970521542, 9.032562358276644, 9.369251700680271, 9.671111111111111, 9.97297052154195, 10.27482993197279, 10.62312925170068, 10.936598639455783, 11.250068027210885, 11.551927437641723, 11.865396825396825, 12.167256235827665, 12.49233560090703, 12.817414965986394, 13.154104308390023, 13.444353741496599, 13.746213151927437, 14.05968253968254, 14.361541950113379, 14.686621315192744, 15.000090702947846, 15.313560090702948, 15.638639455782313, 15.952108843537415, 16.265578231292515, 16.579047619047618, 16.869297052154195, 17.182766439909297, 17.519455782312924, 17.832925170068027, 18.15800453514739, 18.483083900226756, 18.773333333333333, 19.075192743764173, 19.388662131519276, 19.702131519274378, 20.038820861678005, 20.352290249433107, 20.67736961451247, 20.990839002267574, 21.304308390022676, 21.606167800453516, 21.93124716553288, 22.256326530612245, 22.58140589569161, 22.906485260770975, 23.219954648526077, 23.54503401360544, 23.858503401360544, 24.171972789115646, 24.485442176870748, 24.79891156462585, 25.112380952380953, 25.437460317460317, 25.75092970521542, 26.09922902494331, 26.41269841269841, 26.726167800453513, 27.028027210884353, 27.353106575963718, 27.678185941043083, 28.014875283446713, 28.35156462585034, 28.65342403628118, 28.966893424036282, 29.280362811791385, 29.58222222222222, 29.90730158730159, 30.243990929705216, 30.580680272108843, 30.963809523809523, 31.277278911564625, 31.579138321995465, 31.892607709750568, 32.24090702947846, 32.507936507936506, 32.879455782312924, 33.18131519274377, 33.483174603174604, 33.77342403628118, 34.098503401360546, 34.411972789115644, 34.73705215419501, 35.073741496598636, 35.398820861678004, 35.677460317460316, 35.944489795918365, 36.24634920634921, 36.594648526077094, 36.9081179138322, 37.23319727891157, 37.54666666666667, 37.95301587301587, 38.26648526077098, 38.568344671201814, 38.85859410430839, 39.172063492063494], "beat_labels": [13, 29, 29, 2, 11, 1, 13, 2, 2, 1, 1, 26, 26, 10, 10, 9, 9, 4, 4, 23, 23, 6, 18, 5, 5, 10, 6, 9, 21, 22, 12, 21, 6, 20, 15, 11, 11, 2, 21, 8, 8, 6, 15, 0, 6, 6, 13, 5, 13, 29, 29, 5, 11, 1, 13, 13, 2, 1, 1, 26, 26, 10, 10, 9, 9, 4, 4, 23, 20, 27, 18, 7, 16, 10, 6, 9, 23, 22, 12, 20, 20, 20, 15, 11, 11, 6, 21, 8, 8, 6, 15, 0, 0, 13, 13, 2, 2, 24, 25, 16, 16, 16, 16, 14, 14, 8, 29, 16, 9, 9, 17, 7, 25, 25, 25, 17, 17, 27, 19, 24, 28, 28, 3, 3], "beat_selections": [43, 10, 3, 123, 18, 47, 45, 71, 105, 109, 62, 36, 78, 48, 104, 34, 99, 110, 70, 118, 68, 38, 77, 76, 97, 114, 11, 69, 121, 49]}