{"beat_times": [0.23219954648526078, 0.7430385487528345, 1.3003174603174603, 1.822766439909297, 2.380045351473923, 2.8792743764172335, 3.3436734693877552, 3.877732426303855, 4.31891156462585, 4.85297052154195, 5.340589569160998, 5.804988662131519, 6.2693877551020405, 6.733786848072563, 7.233015873015873, 7.732244897959184, 8.219863945578231, 8.649433106575964, 9.113832199546485, 9.613061224489796, 10.08907029478458, 10.565079365079365, 11.052698412698414, 11.54031746031746, 12.062766439909296, 12.585215419501134, 13.072834467120181, 13.537233560090703, 13.990022675736961, 14.466031746031746, 14.930430839002268, 15.406439909297053, 15.882448979591837, 16.35845804988662, 16.880907029478458, 17.333696145124716, 17.890975056689342, 18.390204081632653, 18.935873015873018, 19.539591836734694, 20.131700680272107, 20.700589569160996, 21.257868480725623, 21.757097505668934, 22.175056689342405, 22.709115646258503, 23.18512471655329, 23.637913832199548, 24.14875283446712, 24.636371882086166, 25.170430839002268, 25.63482993197279], "beat_labels": [5, 16, 10, 10, 0, 0, 29, 22, 25, 11, 11, 4, 18, 16, 8, 10, 10, 0, 24, 24, 19, 19, 26, 26, 26, 7, 7, 7, 6, 14, 14, 9, 20, 9, 20, 28, 3, 23, 12, 21, 15, 15, 13, 27, 13, 28, 23, 21, 17, 1, 1, 2], "beat_selections": [5, 49, 51, 36, 11, 0, 28, 27, 14, 31, 15, 10, 38, 42, 29, 41, 13, 48, 12, 21, 32, 47, 7, 37, 19, 8, 24, 43, 35, 6]}