{"beat_times": [0.2438095238095238, 0.626938775510204, 0.9868480725623583, 1.3235374149659864, 1.6834467120181407, 2.020136054421769, 2.36843537414966, 2.728344671201814, 3.076643990929705, 3.436553287981859, 3.7964625850340137, 4.144761904761904, 4.504671201814059, 4.841360544217687, 5.201269841269841, 5.5495691609977325, 5.897868480725624, 6.257777777777778, 6.617687074829932, 6.965986394557823, 7.314285714285714, 7.650975056689342, 7.999274376417233, 8.347573696145124, 8.70748299319728, 9.067392290249433, 9.427301587301587, 9.763990929705216, 10.135510204081633, 10.495419501133787, 10.832108843537416, 11.168798185941043, 11.505487528344672, 11.877006802721088, 12.225306122448979, 12.585215419501134, 12.933514739229025, 13.281814058956916, 13.618503401360543, 13.978412698412699, 14.338321995464852, 14.686621315192744, 15.034920634920635, 15.394829931972788, 15.74312925170068, 16.091428571428573, 16.451337868480724, 16.81124716553288, 17.159546485260773, 17.519455782312924, 17.890975056689342, 18.239274376417235, 18.599183673469387, 18.94748299319728, 19.30739229024943, 19.667301587301587, 20.01560090702948, 20.36390022675737, 20.723809523809525, 21.072108843537414, 21.43201814058957, 21.768707482993197, 22.128616780045352, 22.488526077097507, 22.836825396825397, 23.196734693877552, 23.556643990929704, 23.893333333333334, 24.253242630385486, 24.589931972789117, 24.961451247165535, 25.321360544217686, 25.66965986394558, 26.02956916099773, 26.377868480725624, 26.73777777777778, 27.08607709750567, 27.434376417233562, 27.794285714285714, 28.15419501133787, 28.50249433106576, 28.862403628117914, 29.22231292517007, 29.58222222222222, 29.91891156462585, 30.26721088435374, 30.603900226757368, 30.963809523809523, 31.32371882086168, 31.672018140589568, 32.03192743764173, 32.38022675736961, 32.74013605442177, 33.08843537414966, 33.448344671201816, 33.80825396825397, 34.144943310657595, 34.49324263038549, 34.853151927437644, 35.2130612244898, 35.561360544217685, 35.898049886621315, 36.234739229024946, 36.594648526077094, 36.95455782312925, 37.314467120181405, 37.67437641723356, 38.02267573696145, 38.37097505668934, 38.71927437641723, 39.067573696145125, 39.41587301587302, 39.77578231292517, 40.12408163265306, 40.483990929705215, 40.84390022675737, 41.19219954648526, 41.54049886621315, 41.900408163265304, 42.26031746031746, 42.60861678004535, 42.956916099773245, 43.316825396825394], "beat_labels": [7, 3, 7, 1, 1, 3, 7, 14, 14, 3, 3, 14, 14, 3, 14, 1, 1, 0, 7, 1, 1, 3, 7, 7, 19, 19, 19, 0, 3, 0, 0, 16, 4, 2, 2, 13, 13, 27, 2, 13, 20, 28, 28, 4, 4, 17, 6, 6, 5, 5, 5, 5, 25, 26, 29, 13, 16, 27, 28, 9, 4, 8, 27, 16, 13, 18, 13, 9, 15, 15, 10, 10, 10, 21, 21, 22, 22, 6, 18, 12, 12, 18, 13, 4, 4, 18, 27, 9, 9, 18, 27, 0, 0, 17, 16, 16, 13, 2, 18, 12, 12, 8, 8, 16, 20, 18, 27, 4, 4, 17, 6, 25, 26, 18, 24, 11, 11, 23, 23, 6, 13, 18, 18], "beat_selections": [30, 19, 97, 1, 84, 50, 119, 2, 101, 67, 70, 115, 80, 36, 14, 69, 56, 45, 89, 26, 40, 73, 76, 117, 114, 52, 53, 62, 42, 54]}