{"beat_times": [0.0, 0.3831292517006803, 0.8591383219954648, 1.3351473922902495, 1.7414965986394557, 2.147845804988662, 2.5309750566893423, 2.914104308390023, 3.297233560090703, 3.645532879818594, 4.017052154195011, 4.388571428571429, 4.760090702947846, 5.131609977324263, 5.5147392290249435, 5.897868480725624, 6.292607709750567, 6.675736961451247, 7.047256235827664, 7.418775510204082, 7.813514739229025, 8.208253968253969, 8.602993197278911, 8.962902494331066, 9.357641723356009, 9.717551020408163, 10.08907029478458, 10.460589569160998, 10.820498866213152, 11.19201814058957, 11.563537414965987, 11.946666666666667, 12.329795918367347, 12.701315192743763, 13.084444444444445, 13.444353741496599, 13.839092970521541, 14.210612244897959, 14.59374149659864, 15.000090702947846, 15.371609977324264, 15.754739229024944, 16.12625850340136, 16.520997732426302, 16.89251700680272, 17.2756462585034, 17.647165532879818, 18.030294784580498, 18.401814058956916, 18.784943310657596, 19.156462585034014, 19.52798185941043, 19.91111111111111, 20.29424036281179, 20.688979591836734, 21.072108843537414, 21.466848072562357, 21.849977324263037, 22.221496598639455, 22.593015873015872, 22.96453514739229, 23.34766439909297, 23.707573696145126, 24.079092970521543, 24.473832199546486, 24.856961451247166, 25.228480725623584, 25.623219954648526, 26.02956916099773, 26.41269841269841, 26.79582766439909, 27.155736961451247, 27.538866213151927, 27.945215419501135, 28.31673469387755, 28.69986394557823, 29.071383219954647, 29.454512471655327, 29.826031746031745, 30.209160997732425, 30.592290249433105, 30.98702947845805, 31.37015873015873, 31.741678004535146, 32.124807256235826, 32.496326530612244, 32.879455782312924, 33.274195011337866, 33.65732426303855, 34.04045351473923, 34.411972789115644, 34.795102040816325, 35.16662131519274, 35.54975056689342, 35.90965986394558, 36.30439909297052, 36.6875283446712, 37.07065759637188, 37.4421768707483, 37.82530612244898, 38.20843537414966, 38.59156462585034, 38.97469387755102, 39.3578231292517, 39.74095238095238, 40.13569160997732, 40.50721088435374, 40.87873015873016, 41.203809523809525], "beat_labels": [20, 20, 20, 5, 17, 17, 28, 2, 1, 3, 3, 3, 24, 24, 11, 8, 14, 14, 4, 2, 7, 2, 2, 2, 21, 21, 21, 23, 1, 3, 6, 27, 15, 25, 15, 6, 29, 29, 29, 26, 1, 19, 2, 25, 16, 16, 18, 19, 18, 19, 2, 2, 7, 23, 23, 23, 16, 12, 2, 28, 7, 28, 17, 5, 5, 5, 17, 16, 16, 16, 0, 0, 0, 0, 16, 16, 1, 9, 9, 13, 1, 13, 15, 6, 22, 24, 6, 6, 0, 0, 16, 9, 1, 6, 6, 13, 9, 13, 2, 2, 22, 24, 17, 3, 1, 10, 10, 10, 10], "beat_selections": [71, 92, 50, 9, 18, 64, 93, 60, 15, 96, 105, 14, 57, 79, 17, 32, 67, 66, 46, 41, 1, 25, 84, 54, 85, 43, 39, 31, 59, 37]}