{"beat_times": [0.301859410430839, 1.4048072562358276, 2.36843537414966, 3.3901133786848074, 4.3769614512471655, 5.363809523809524, 6.3854875283446715, 7.418775510204082, 8.498503401360544, 9.531791383219955, 10.47219954648526, 11.493877551020407, 12.434285714285714, 13.49079365079365, 14.500861678004535, 15.568979591836735, 16.579047619047618, 17.554285714285715, 18.634013605442178, 19.667301587301587, 20.654149659863947, 21.640997732426303, 22.651065759637188, 23.672743764172335, 24.706031746031748, 25.623219954648526, 26.63328798185941, 27.654965986394558, 28.665034013605442, 29.6518820861678, 30.603900226757368, 31.62557823129252, 32.658866213151924, 33.63410430839002, 34.59773242630386, 35.54975056689342, 36.51337868480726, 37.50022675736962, 38.44063492063492, 39.404263038548756, 40.44916099773243, 41.4940589569161], "beat_labels": [11, 7, 15, 24, 22, 5, 1, 9, 21, 20, 25, 27, 23, 2, 18, 1, 13, 2, 3, 29, 13, 26, 1, 1, 16, 16, 10, 5, 19, 4, 12, 28, 4, 8, 8, 6, 12, 14, 5, 20, 0, 17], "beat_selections": [40, 23, 13, 18, 32, 38, 35, 1, 34, 7, 26, 0, 36, 20, 37, 2, 24, 41, 14, 28, 39, 8, 4, 12, 3, 10, 21, 11, 31, 19]}