{"beat_times": [0.5108390022675737, 0.9752380952380952, 1.3931972789115645, 1.787936507936508, 2.1710657596371883, 2.5658049886621317, 2.972154195011338, 3.4481632653061225, 3.924172335600907, 4.3769614512471655, 4.794920634920635, 5.23609977324263, 5.61922902494331, 6.03718820861678, 6.478367346938776, 6.919546485260771, 7.337505668934241, 7.778684807256236, 8.301133786848073, 8.753922902494331, 9.148662131519274, 9.601451247165533, 10.065850340136054, 10.518639455782314, 10.971428571428572, 11.470657596371883, 11.969886621315192, 12.469115646258503, 12.956734693877552, 13.455963718820861, 13.978412698412699, 14.500861678004535, 14.988480725623583, 15.429659863945579, 15.836009070294784, 16.288798185941044, 16.799637188208617, 17.252426303854875, 17.69360544217687, 18.134784580498867, 18.575963718820862, 19.02875283446712, 19.504761904761907, 19.957551020408165, 20.39873015873016, 20.839909297052156, 21.292698412698414, 21.745487528344672, 22.221496598639455, 22.66267573696145, 23.057414965986396, 23.54503401360544, 24.009433106575965, 24.450612244897957, 24.938231292517006, 25.391020408163264, 25.843809523809522, 26.308208616780046, 26.749387755102042, 27.190566893424037, 27.620136054421767, 28.061315192743763, 28.525714285714287, 28.92045351473923, 29.38485260770975, 29.895691609977323, 30.34848072562358, 30.801269841269843, 31.24244897959184, 31.660408163265306, 32.07836734693878, 32.496326530612244, 32.90267573696145, 33.30902494331066, 33.84308390022676, 34.2378231292517, 34.632562358276644, 35.03891156462585, 35.49170068027211, 35.944489795918365], "beat_labels": [9, 22, 22, 2, 2, 24, 2, 3, 16, 11, 1, 18, 18, 1, 18, 5, 5, 8, 5, 5, 8, 8, 8, 8, 8, 8, 5, 5, 8, 11, 11, 4, 20, 12, 28, 28, 28, 28, 0, 28, 0, 0, 0, 0, 28, 28, 0, 0, 0, 28, 0, 0, 28, 21, 15, 25, 0, 9, 27, 9, 0, 9, 17, 17, 14, 17, 7, 7, 7, 26, 19, 6, 6, 0, 13, 27, 23, 23, 10, 29], "beat_selections": [40, 10, 3, 7, 31, 19, 72, 67, 17, 59, 78, 9, 33, 74, 64, 54, 8, 62, 14, 70, 32, 53, 2, 76, 5, 55, 69, 58, 44, 79]}