{"beat_times": [0.26702947845804986, 0.7082086167800453, 1.2190476190476192, 1.7182766439909296, 2.2058956916099772, 2.6354648526077096, 3.1230839002267574, 3.5874829931972787, 4.051882086167801, 4.504671201814059, 4.96907029478458, 5.433469387755102, 5.88625850340136, 6.362267573696145, 6.826666666666667, 7.302675736961452, 7.75546485260771, 8.231473922902495, 8.695873015873016, 9.1718820861678, 9.624671201814058, 10.08907029478458, 10.565079365079365, 11.04108843537415, 11.493877551020407, 11.95827664399093, 12.434285714285714, 12.910294784580499, 13.374693877551021, 13.839092970521541, 14.291882086167801, 14.767891156462586, 15.24390022675737, 15.696689342403628, 16.16108843537415, 16.637097505668933, 17.08988662131519, 17.57750566893424, 18.04190476190476, 18.506303854875284, 18.94748299319728, 19.423492063492063, 19.887891156462587, 20.352290249433107, 20.82829931972789, 21.292698412698414, 21.757097505668934, 22.23310657596372, 22.68589569160998, 23.16190476190476, 23.637913832199548, 24.11392290249433, 24.57832199546485, 25.054331065759637, 25.518730158730158, 25.994739229024944, 26.470748299319727, 26.923537414965985, 27.39954648526077, 27.875555555555554, 28.339954648526078, 28.804353741496598, 29.26875283446712, 29.72154195011338, 30.209160997732425, 30.68517006802721, 31.149569160997732, 31.613968253968252, 32.066757369614514, 32.53115646258503, 33.00716553287982, 33.47156462585034, 33.924353741496596, 34.40036281179138, 34.864761904761906, 35.32916099773242, 35.79356009070295, 36.26956916099773, 36.74557823129252, 37.209977324263036, 37.68598639455782, 38.15038548752835, 38.626394557823126, 39.07918367346939, 39.566802721088436, 40.03120181405896, 40.50721088435374, 40.97160997732426, 41.43600907029479, 41.900408163265304, 42.36480725623583, 42.82920634920635, 43.29360544217687, 43.769614512471655, 44.23401360544218, 44.71002267573696, 45.186031746031745], "beat_labels": [1, 1, 24, 24, 6, 23, 11, 3, 3, 22, 22, 3, 3, 0, 28, 27, 0, 12, 5, 3, 3, 23, 23, 3, 6, 23, 11, 27, 27, 16, 17, 9, 15, 15, 29, 20, 20, 17, 5, 18, 18, 8, 10, 0, 0, 4, 19, 0, 9, 10, 21, 6, 20, 13, 22, 14, 9, 13, 8, 20, 11, 2, 2, 14, 14, 14, 8, 20, 20, 2, 17, 9, 10, 10, 5, 6, 20, 4, 23, 9, 15, 15, 26, 15, 13, 19, 19, 14, 14, 20, 9, 20, 16, 16, 16, 7, 25], "beat_selections": [47, 1, 69, 23, 45, 18, 75, 95, 41, 56, 72, 26, 17, 84, 64, 81, 29, 30, 39, 85, 36, 50, 9, 78, 3, 96, 82, 15, 14, 34]}