{"beat_times": [0.4179591836734694, 1.0448979591836736, 1.5441269841269842, 2.2987755102040817, 2.914104308390023, 3.564263038548753, 4.191201814058957, 4.829750566893424, 5.445079365079365, 6.060408163265306, 6.6873469387755105, 7.314285714285714, 7.9412244897959186, 8.579773242630386, 9.195102040816327, 9.822040816326531, 10.460589569160998, 11.087528344671203, 11.598367346938776, 12.34140589569161, 12.979954648526077, 13.595283446712019, 14.222222222222221, 14.849160997732426, 15.47609977324263, 16.103038548752835, 16.72997732426304, 17.368526077097506, 18.007074829931973, 18.634013605442178, 19.272562358276645, 19.89950113378685, 20.514829931972788, 21.141768707482992, 21.768707482993197, 22.3956462585034, 23.022585034013606, 23.64952380952381, 24.276462585034015, 24.90340136054422, 25.530340136054424, 26.157278911564624, 26.78421768707483, 27.411156462585033, 28.038095238095238, 28.665034013605442, 29.291972789115647, 29.930521541950114, 30.545850340136056, 31.172789115646257, 31.79972789115646, 32.43827664399093, 33.053605442176874, 33.69215419501134, 34.33070294784581, 34.94603174603174, 35.57297052154195, 36.22312925170068, 36.83845804988662, 37.45378684807256, 38.09233560090703, 38.71927437641723, 39.34621315192744, 39.9847619047619, 40.600090702947846, 41.23863945578231, 41.87718820861678, 42.504126984126984, 43.13106575963719, 43.75800453514739, 44.3849433106576, 45.0118820861678, 45.65043083900227, 46.288979591836735, 46.9275283446712, 47.53124716553288, 48.15818594104309, 48.78512471655329, 49.42367346938776, 50.05061224489796, 50.67755102040816, 51.2928798185941, 51.93142857142857, 52.55836734693877, 53.19691609977324, 53.81224489795918, 54.41596371882086, 55.05451247165533, 55.68145124716553, 56.32, 56.946938775510205, 57.56226757369615, 58.18920634920635, 58.816145124716556, 59.43147392290249, 60.04680272108843, 60.6853514739229, 61.32390022675737, 61.95083900226757, 62.577777777777776, 63.227936507936505, 63.85487528344671, 64.48181405895691, 65.10875283446713, 65.73569160997732, 66.38585034013606, 67.01278911564626, 67.61650793650794, 68.27827664399094, 68.89360544217688, 69.52054421768707], "beat_labels": [4, 8, 3, 21, 24, 23, 3, 21, 17, 23, 25, 8, 17, 8, 9, 8, 14, 1, 19, 1, 22, 1, 9, 18, 5, 5, 28, 15, 19, 10, 12, 15, 0, 10, 28, 2, 0, 2, 28, 15, 11, 13, 6, 2, 29, 29, 7, 15, 7, 7, 11, 29, 11, 20, 12, 1, 29, 29, 11, 15, 13, 20, 20, 1, 11, 11, 11, 1, 13, 20, 20, 15, 1, 29, 27, 5, 12, 1, 6, 1, 23, 15, 18, 1, 17, 15, 9, 2, 14, 19, 19, 1, 1, 19, 9, 18, 0, 11, 11, 2, 16, 10, 26, 2, 11, 10, 26, 2, 0, 11, 26], "beat_selections": [36, 21, 107, 2, 0, 24, 78, 49, 15, 94, 105, 64, 30, 60, 16, 81, 100, 8, 23, 18, 53, 7, 20, 80, 4, 10, 102, 74, 26, 51]}