{"beat_times": [0.592108843537415, 1.3815873015873017, 2.1942857142857144, 2.995374149659864, 3.7964625850340137, 4.597551020408163, 5.3986394557823125, 6.211337868480726, 7.012426303854875, 7.813514739229025, 8.614603174603175, 9.415691609977324, 10.216780045351474, 11.017868480725623, 11.830566893424036, 12.631655328798185, 13.444353741496599, 14.233832199546486, 15.011700680272108, 15.836009070294784, 16.637097505668933, 17.449795918367347, 18.239274376417235, 19.040362811791383, 19.86467120181406, 20.67736961451247, 21.466848072562357, 22.27954648526077, 23.08063492063492, 23.893333333333334, 24.694421768707482, 25.495510204081633, 26.296598639455784, 27.109297052154194, 27.910385487528345, 28.723083900226758, 29.524172335600905, 30.30204081632653, 31.13795918367347, 31.927437641723355, 32.670476190476194, 33.541224489795916, 34.34231292517007, 35.14340136054422, 35.95609977324263, 36.768798185941044, 37.56988662131519, 38.37097505668934, 39.172063492063494, 39.9847619047619, 40.739410430839, 41.56371882086168, 42.37641723356009, 43.17750566893424, 43.97859410430839, 44.7912925170068, 45.60399092970521, 46.40507936507937, 47.206167800453514, 48.00725623582766, 48.81995464852608, 49.621043083900226, 50.41052154195011, 51.22321995464853, 52.03591836734694, 52.848616780045354, 53.6497052154195, 54.46240362811791, 55.251882086167804, 56.05297052154195, 56.8540589569161, 57.666757369614515, 58.4562358276644, 59.26893424036281, 60.070022675736965, 60.882721088435375, 61.68380952380952, 62.49650793650794], "beat_labels": [7, 1, 29, 1, 1, 15, 24, 1, 2, 1, 1, 1, 9, 2, 24, 26, 6, 19, 12, 21, 13, 4, 14, 4, 1, 27, 13, 20, 16, 4, 16, 23, 24, 28, 16, 18, 24, 16, 5, 25, 16, 26, 9, 9, 16, 20, 9, 26, 24, 3, 13, 21, 16, 0, 9, 18, 1, 18, 12, 11, 24, 17, 24, 22, 24, 28, 12, 11, 10, 28, 14, 8, 1, 10, 13, 6, 1, 8], "beat_selections": [53, 76, 8, 49, 21, 38, 16, 0, 71, 43, 68, 67, 66, 74, 70, 5, 52, 61, 57, 17, 27, 51, 63, 31, 14, 39, 15, 25, 65, 2]}