{"beat_times": [0.034829931972789115, 0.4527891156462585, 0.8707482993197279, 1.2887074829931973, 1.6950566893424037, 2.10140589569161, 2.5309750566893423, 2.9373242630385485, 3.3436734693877552, 3.7616326530612243, 4.191201814058957, 4.609160997732427, 5.015510204081632, 5.433469387755102, 5.863038548752835, 6.280997732426304, 6.698956916099773, 7.1053061224489795, 7.534875283446712, 7.9412244897959186, 8.370793650793651, 8.777142857142858, 9.183492063492064, 9.58984126984127, 10.00780045351474, 10.425759637188209, 10.832108843537416, 11.261678004535147, 11.679637188208616, 12.085986394557823, 12.49233560090703, 12.910294784580499, 13.316643990929705, 13.734603174603174, 14.140952380952381, 14.547301587301588, 14.97687074829932, 15.406439909297053, 15.836009070294784, 16.253968253968253, 16.671927437641724, 17.07827664399093, 17.4962358276644, 17.914195011337867, 18.332154195011338, 18.75011337868481, 19.168072562358276, 19.574421768707484, 19.98077097505669, 20.39873015873016, 20.805079365079365, 21.2346485260771, 21.652607709750566, 22.070566893424036, 22.488526077097507, 22.906485260770975, 23.312834467120183, 23.73079365079365, 24.14875283446712, 24.56671201814059, 24.973061224489797, 25.379410430839002, 25.78575963718821, 26.203718820861678, 26.610068027210886, 27.01641723356009, 27.434376417233562, 27.829115646258504, 28.2702947845805, 28.69986394557823, 29.1178231292517, 29.53578231292517, 29.930521541950114, 30.33687074829932, 30.75482993197279, 31.149569160997732, 31.544308390022675, 31.892607709750568, 32.26412698412698, 32.670476190476194, 33.08843537414966], "beat_labels": [24, 18, 0, 0, 8, 14, 13, 21, 28, 14, 7, 18, 14, 14, 6, 6, 6, 13, 18, 0, 13, 13, 13, 21, 21, 14, 7, 7, 6, 15, 15, 6, 6, 5, 5, 5, 22, 2, 18, 9, 9, 9, 12, 17, 19, 2, 3, 4, 9, 9, 11, 26, 11, 2, 6, 10, 25, 25, 3, 29, 2, 8, 3, 10, 11, 11, 11, 11, 23, 3, 3, 27, 22, 5, 12, 2, 1, 2, 3, 16, 20], "beat_selections": [19, 76, 77, 46, 47, 35, 54, 10, 61, 49, 63, 64, 42, 21, 9, 30, 79, 43, 11, 44, 80, 7, 72, 68, 0, 56, 51, 71, 8, 59]}