{"beat_times": [0.19736961451247165, 0.6385487528344671, 1.1493877551020408, 1.6021768707482993, 2.078185941043084, 2.589024943310658, 3.0418140589569163, 3.5526530612244898, 3.959002267573696, 4.35374149659864, 4.783310657596372, 5.23609977324263, 5.7004988662131515, 6.130068027210885, 6.559637188208617, 6.977596371882086, 7.395555555555555, 7.801904761904762, 8.185034013605442, 8.6378231292517, 9.079002267573696, 9.520181405895691, 10.031020408163265, 10.495419501133787, 10.924988662131518, 11.366167800453514, 11.80734693877551, 12.225306122448979, 12.654875283446712, 13.10766439909297, 13.56045351473923, 14.001632653061224, 14.40798185941043, 14.895600907029479, 15.336780045351475, 15.731519274376417, 16.137868480725622, 16.590657596371884, 17.00861678004535, 17.41496598639456, 17.821315192743764, 18.250884353741498, 18.657233560090702, 19.098412698412698, 19.56281179138322, 20.01560090702948, 20.456780045351476, 20.897959183673468, 21.385578231292516, 21.849977324263037, 22.31437641723356, 22.720725623582766, 23.138684807256237, 23.56825396825397, 24.067482993197277, 24.555102040816326, 25.031111111111112, 25.437460317460317, 25.820589569160997, 26.296598639455784, 26.70294784580499, 27.074467120181406, 27.434376417233562, 27.817505668934242, 28.293514739229025, 28.781133786848073], "beat_labels": [1, 1, 1, 1, 10, 10, 1, 1, 11, 11, 22, 28, 3, 3, 19, 19, 8, 8, 8, 8, 8, 8, 7, 23, 5, 5, 21, 6, 16, 16, 16, 25, 9, 9, 14, 12, 12, 12, 29, 29, 21, 6, 6, 16, 24, 0, 0, 15, 15, 15, 18, 4, 4, 4, 18, 18, 4, 27, 27, 12, 20, 13, 2, 2, 17, 26], "beat_selections": [45, 7, 62, 13, 53, 24, 42, 22, 16, 33, 5, 9, 37, 61, 34, 48, 28, 64, 54, 14, 60, 26, 10, 23, 44, 31, 65, 58, 11, 39]}