{"beat_times": [0.11609977324263039, 0.8010884353741496, 1.3583673469387756, 1.9156462585034013, 2.461315192743764, 3.006984126984127, 3.517823129251701, 4.098321995464852, 4.667210884353741, 5.23609977324263, 5.804988662131519, 6.455147392290249, 6.896326530612245, 7.476825396825397, 7.999274376417233, 8.602993197278911, 9.113832199546485, 9.647891156462585, 10.27482993197279, 10.762448979591836, 11.226848072562358, 11.72607709750567, 12.236916099773243, 12.770975056689343, 13.293424036281179, 13.781043083900228, 14.349931972789115, 14.86077097505669, 15.36, 15.8940589569161, 16.404897959183675, 16.962176870748298, 17.4962358276644, 18.053514739229026, 18.76172335600907, 19.353832199546485, 19.969160997732427, 20.456780045351476, 21.04888888888889, 21.61777777777778, 22.140226757369614, 22.66267573696145, 23.254784580498868, 23.800453514739228, 24.404172335600908, 24.973061224489797, 25.530340136054424, 26.226938775510202, 26.81904761904762, 27.38793650793651, 27.93360544217687], "beat_labels": [0, 11, 11, 11, 6, 15, 29, 8, 8, 8, 22, 9, 20, 24, 19, 2, 4, 21, 13, 4, 20, 26, 22, 16, 12, 5, 13, 18, 21, 25, 25, 9, 28, 5, 14, 7, 19, 10, 10, 3, 23, 27, 1, 2, 0, 17, 5, 27, 0, 14, 5], "beat_selections": [48, 42, 43, 39, 16, 50, 4, 35, 8, 31, 37, 2, 24, 18, 34, 5, 23, 45, 27, 14, 20, 17, 22, 40, 13, 30, 21, 41, 32, 6]}