{"beat_times": [0.11609977324263039, 0.7430385487528345, 1.3583673469387756, 1.9040362811791383, 2.507755102040816, 3.111473922902494, 3.7151927437641725, 4.342131519274377, 4.9458503401360545, 5.537959183673469, 6.03718820861678, 6.606077097505669, 7.267845804988662, 7.929614512471655, 8.568163265306122, 9.137052154195011, 9.717551020408163, 10.228390022675738, 10.7740589569161, 11.296507936507936, 11.760907029478458, 12.34140589569161, 12.887074829931972, 13.455963718820861, 13.955192743764172, 14.454421768707483, 15.023310657596372, 15.592199546485261, 16.16108843537415, 16.69514739229025, 17.2756462585034, 17.902585034013605, 18.45986394557823, 19.040362811791383, 19.655691609977325, 20.271020408163267, 20.78185941043084, 21.339138321995463, 21.884807256235828, 22.3956462585034, 22.894875283446712, 23.4637641723356, 24.055873015873015, 24.671201814058957, 25.14721088435374, 25.901859410430838, 26.563628117913833, 27.2021768707483, 27.794285714285714, 28.35156462585034, 28.897233560090704, 29.512562358276643, 30.127891156462585, 30.68517006802721], "beat_labels": [11, 8, 8, 5, 8, 26, 11, 8, 29, 6, 17, 14, 9, 2, 27, 18, 4, 24, 28, 6, 6, 22, 17, 1, 16, 0, 21, 22, 2, 1, 16, 23, 1, 17, 12, 0, 16, 9, 21, 3, 14, 2, 14, 21, 25, 17, 12, 15, 13, 7, 19, 20, 19, 10], "beat_selections": [25, 23, 13, 39, 16, 3, 19, 49, 2, 37, 53, 6, 46, 48, 40, 47, 24, 22, 15, 52, 51, 26, 21, 31, 17, 44, 5, 14, 18, 8]}