{"beat_times": [0.09287981859410431, 0.6617687074829932, 1.172607709750567, 1.6486167800453515, 2.2058956916099772, 2.693514739229025, 3.1811337868480725, 3.680362811791383, 4.144761904761904, 4.562721088435374, 4.992290249433107, 5.456689342403628, 5.863038548752835, 6.292607709750567, 6.768616780045352, 7.174965986394557, 7.697414965986394, 8.231473922902495, 8.742312925170069, 9.287981859410431, 9.740770975056689, 10.205170068027211, 10.785668934240363, 11.215238095238096, 11.656417233560092, 12.10920634920635, 12.538775510204081, 13.014784580498866, 13.479183673469388, 13.908752834467121, 14.361541950113379, 14.930430839002268, 15.429659863945579, 15.928888888888888, 16.451337868480724, 16.880907029478458, 17.322086167800453, 17.786485260770974, 18.250884353741498, 18.715283446712018, 19.21451247165533, 19.736961451247165, 20.201360544217685, 20.66575963718821, 21.118548752834467, 21.606167800453516, 22.024126984126983, 22.430476190476192, 22.88326530612245, 23.312834467120183, 23.754013605442175, 24.18358276643991, 24.624761904761904, 25.031111111111112, 25.56517006802721, 25.98312925170068, 26.459138321995464, 26.93514739229025, 27.38793650793651, 27.805895691609976, 28.293514739229025, 28.76952380952381, 29.30358276643991, 29.744761904761905, 30.15111111111111, 30.55746031746032, 31.0334693877551, 31.532698412698412, 31.997097505668933, 32.48471655328798, 32.97233560090703, 33.425124716553285, 33.877913832199546, 34.38875283446712, 34.89959183673469, 35.41043083900227, 35.944489795918365, 36.385668934240364, 36.80362811791383, 37.23319727891157, 37.697596371882085, 38.196825396825396, 38.64961451247166, 39.183673469387756, 39.63646258503401, 40.100861678004534, 40.530430839002264, 40.96, 41.424399092970525, 41.84235827664399, 42.27192743764172], "beat_labels": [2, 2, 2, 2, 2, 10, 2, 2, 5, 7, 8, 23, 29, 29, 11, 20, 10, 3, 23, 17, 24, 7, 8, 14, 14, 14, 14, 10, 6, 23, 23, 14, 16, 8, 3, 3, 20, 10, 25, 12, 12, 12, 5, 0, 0, 8, 8, 28, 10, 5, 8, 0, 6, 14, 15, 22, 27, 13, 14, 11, 21, 26, 26, 27, 27, 27, 23, 5, 14, 0, 19, 13, 14, 7, 10, 10, 3, 15, 12, 13, 18, 1, 4, 23, 13, 13, 5, 11, 9, 5, 23], "beat_selections": [44, 81, 0, 76, 82, 42, 52, 73, 50, 88, 37, 59, 39, 79, 26, 54, 32, 19, 80, 70, 36, 60, 55, 18, 20, 38, 61, 65, 47, 12]}