{"beat_times": [0.10448979591836735, 0.7082086167800453, 1.253877551020408, 1.7531065759637188, 2.3103854875283445, 2.728344671201814, 3.1927437641723357, 3.657142857142857, 4.179591836734694, 4.597551020408163, 5.166439909297052, 5.6540589569161, 6.15328798185941, 6.698956916099773, 7.244625850340136, 7.813514739229025, 8.394013605442177, 8.93968253968254, 9.485351473922902, 9.903310657596371, 10.437369614512471, 10.924988662131518, 11.435827664399094, 11.935056689342403, 12.445895691609977, 12.898684807256236, 13.467573696145125, 13.94358276643991, 14.500861678004535, 15.034920634920635, 15.580589569160997, 16.24235827664399], "beat_labels": [11, 2, 23, 8, 20, 7, 27, 25, 29, 28, 13, 18, 0, 4, 1, 22, 26, 21, 5, 3, 6, 10, 4, 19, 17, 1, 24, 15, 16, 14, 12, 9], "beat_selections": [12, 25, 1, 19, 13, 18, 20, 5, 3, 31, 21, 0, 30, 10, 29, 27, 28, 24, 11, 23, 4, 17, 15, 2, 26, 7, 16, 6, 9, 8]}