{"beat_times": [0.10448979591836735, 0.6733786848072563, 1.1377777777777778, 1.6021768707482993, 2.066575963718821, 2.5309750566893423, 2.9837641723356008, 3.436553287981859, 3.93578231292517, 4.4117913832199545, 4.911020408163266, 5.375419501133787, 5.8165986394557825, 6.2693877551020405, 6.710566893424036, 7.267845804988662, 7.743854875283446, 8.196643990929704, 8.614603174603175, 9.044172335600907, 9.601451247165533, 10.12390022675737, 10.681179138321996, 11.226848072562358, 11.737687074829932, 12.202086167800454, 12.654875283446712, 13.10766439909297, 13.572063492063492, 14.036462585034014, 14.616961451247166, 15.151020408163266, 15.719909297052155, 16.27718820861678, 16.799637188208617, 17.31047619047619, 17.84453514739229, 18.3437641723356, 18.91265306122449, 19.458321995464853, 19.934331065759636, 20.410340136054423, 20.897959183673468, 21.443628117913832, 21.966077097505668, 22.372426303854876, 22.894875283446712, 23.370884353741495, 23.904943310657597, 24.427392290249433, 24.938231292517006, 25.437460317460317, 25.86702947845805, 26.308208616780046, 26.749387755102042, 27.190566893424037, 27.620136054421767, 27.991655328798185, 28.43283446712018, 28.85079365079365, 29.454512471655327, 29.9653514739229, 30.418140589569163, 30.963809523809523, 31.474648526077097, 32.02031746031746, 32.5427664399093, 33.041995464852604, 33.541224489795916, 34.13333333333333, 34.59773242630386, 35.10857142857143, 35.5265306122449, 35.95609977324263, 36.385668934240364, 36.87328798185941, 37.36090702947846, 37.8485260770975, 38.33614512471655, 38.78893424036281, 39.2649433106576, 39.81061224489796, 40.28662131519275, 40.867120181405895, 41.38956916099773, 41.912018140589566, 42.43446712018141], "beat_labels": [24, 7, 9, 9, 9, 9, 9, 11, 4, 5, 10, 10, 2, 2, 1, 6, 4, 22, 10, 14, 10, 2, 1, 25, 12, 10, 1, 23, 8, 3, 18, 1, 1, 8, 4, 5, 0, 5, 15, 22, 16, 13, 22, 1, 8, 6, 5, 26, 15, 27, 29, 6, 5, 19, 2, 8, 20, 20, 17, 5, 28, 28, 28, 5, 1, 1, 17, 4, 4, 17, 20, 5, 16, 21, 4, 12, 1, 1, 15, 4, 5, 5, 26, 18, 12, 2, 18], "beat_selections": [36, 65, 12, 29, 74, 46, 15, 1, 44, 3, 25, 7, 75, 41, 19, 48, 72, 69, 83, 53, 70, 73, 42, 27, 0, 23, 82, 49, 62, 50]}