{"beat_times": [0.11609977324263039, 0.5804988662131519, 0.9984580498866213, 1.4048072562358276, 1.799546485260771, 2.1942857142857144, 2.6238548752834467, 3.0418140589569163, 3.4713832199546486, 3.959002267573696, 4.4117913832199545, 4.794920634920635, 5.23609977324263, 5.677278911564626, 6.0836281179138325, 6.455147392290249, 6.942766439909297, 7.4071655328798185, 7.813514739229025, 8.208253968253969, 8.591383219954649, 8.93968253968254, 9.357641723356009, 9.729160997732427, 10.135510204081633, 10.541859410430838, 10.983038548752834, 11.482267573696145, 11.900226757369614, 12.364625850340136, 12.829024943310658, 13.165714285714285, 13.537233560090703, 14.094512471655328, 14.547301587301588, 14.907210884353741, 15.301950113378684, 15.754739229024944, 16.219138321995466, 16.72997732426304, 17.182766439909297, 17.589115646258502, 17.98385487528345, 18.413424036281178, 18.819773242630387, 19.237732426303854, 19.644081632653062, 20.050430839002267, 20.456780045351476, 20.851519274376418, 21.21142857142857, 21.606167800453516, 22.01251700680272], "beat_labels": [18, 2, 2, 2, 15, 15, 28, 7, 7, 17, 17, 29, 24, 13, 27, 26, 19, 20, 4, 21, 23, 20, 8, 6, 8, 6, 3, 25, 12, 10, 14, 11, 11, 14, 14, 14, 16, 6, 6, 3, 5, 5, 19, 0, 0, 22, 18, 9, 1, 1, 9, 9, 9], "beat_selections": [43, 48, 1, 26, 18, 41, 38, 8, 24, 47, 29, 32, 28, 13, 34, 5, 36, 10, 0, 42, 21, 19, 45, 20, 12, 27, 15, 14, 6, 11]}