{"beat_times": [0.08126984126984127, 0.615328798185941, 1.1493877551020408, 1.6834467120181407, 2.2175056689342405, 2.75156462585034, 3.215963718820862, 3.7964625850340137, 4.3769614512471655, 4.957460317460318, 5.561179138321996, 6.176507936507937, 6.873106575963718, 7.453605442176871, 7.999274376417233, 8.568163265306122, 9.148662131519274, 9.671111111111111, 10.24, 10.80888888888889, 11.38938775510204, 12.039546485260772, 12.678095238095239, 13.351473922902494, 13.94358276643991, 14.640181405895692, 15.232290249433106, 15.905668934240364, 16.486167800453515, 17.101496598639457, 17.751655328798186, 18.37859410430839, 18.92426303854875, 19.469931972789116, 20.01560090702948, 20.58448979591837, 21.199818594104308, 21.66421768707483, 22.23310657596372, 22.801995464852606, 23.312834467120183, 23.904943310657597, 24.473832199546486, 25.089160997732428], "beat_labels": [7, 0, 0, 0, 0, 7, 7, 27, 4, 1, 3, 14, 2, 25, 17, 29, 25, 20, 14, 9, 4, 15, 1, 6, 8, 19, 19, 22, 23, 10, 3, 14, 3, 12, 24, 18, 11, 28, 21, 26, 8, 13, 5, 16], "beat_selections": [4, 22, 12, 30, 8, 42, 23, 5, 40, 19, 29, 36, 33, 41, 31, 21, 43, 14, 35, 25, 17, 38, 27, 28, 34, 16, 39, 7, 37, 15]}