{"beat_times": [0.09287981859410431, 0.6733786848072563, 1.172607709750567, 1.6718367346938776, 2.1710657596371883, 2.75156462585034, 3.1811337868480725, 3.610702947845805, 4.063492063492063, 4.446621315192743, 4.899410430839002, 5.328979591836735, 5.7817687074829935, 6.222947845804988, 6.664126984126984, 7.128526077097506, 7.581315192743764, 8.045714285714286, 8.52172335600907, 9.009342403628118, 9.462131519274376, 10.019410430839002, 10.530249433106576, 10.95981859410431, 11.459047619047618, 11.92344671201814, 12.376235827664399, 12.782585034013605, 13.235374149659863, 13.688163265306123, 14.106122448979592, 14.524081632653061, 15.046530612244897, 15.557369614512472, 15.975328798185942, 16.497777777777777, 17.07827664399093, 17.57750566893424, 18.007074829931973, 18.44825396825397, 18.901043083900227, 19.353832199546485, 19.783401360544218, 20.259410430839, 20.723809523809525, 21.153378684807254, 21.571337868480725, 21.989297052154196, 22.407256235827663], "beat_labels": [24, 5, 5, 12, 19, 5, 5, 21, 14, 14, 17, 6, 6, 8, 6, 15, 15, 25, 11, 4, 4, 8, 25, 10, 3, 2, 29, 9, 18, 13, 23, 19, 7, 28, 2, 2, 20, 2, 17, 8, 22, 16, 16, 0, 27, 26, 1, 1, 1], "beat_selections": [43, 46, 34, 24, 19, 2, 11, 32, 13, 27, 23, 18, 3, 29, 8, 16, 41, 10, 28, 4, 36, 7, 40, 30, 0, 17, 45, 44, 33, 26]}