{"beat_times": [5.294149659863946, 5.897868480725624, 6.513197278911565, 7.116916099773243, 7.767074829931973, 8.370793650793651, 8.997732426303855, 9.613061224489796, 10.24, 10.843718820861678, 11.459047619047618, 12.07437641723356, 12.712925170068027, 13.316643990929705, 13.931972789115646, 14.55891156462585, 15.185850340136055, 15.789569160997733, 16.416507936507937, 17.020226757369613, 17.65877551020408, 18.26249433106576, 18.889433106575964, 19.504761904761907, 20.131700680272107, 20.735419501133787, 21.35074829931973, 21.966077097505668, 22.604625850340135, 23.208344671201814, 23.823673469387757, 24.450612244897957, 25.077551020408162, 25.68126984126984, 26.296598639455784, 26.911927437641722, 27.55047619047619, 28.15419501133787, 28.781133786848073, 29.396462585034012, 30.023401360544216, 30.627120181405896, 31.2540589569161, 31.857777777777777, 32.496326530612244, 33.10004535147392, 33.72698412698413, 34.35392290249433, 34.969251700680275, 35.60780045351474, 36.234739229024946, 36.826848072562356, 37.46539682539682, 38.09233560090703, 38.70766439909297, 39.288163265306125, 39.91510204081633, 40.50721088435374, 41.087709750566894, 41.76108843537415, 42.3415873015873, 42.99174603174603, 43.607074829931975, 44.22240362811792, 44.860952380952384, 45.453061224489794, 46.05678004535147, 46.69532879818594, 47.33387755102041, 47.93759637188209, 48.66902494331066, 49.30757369614513, 49.957732426303856, 50.607891156462586, 51.258049886621315, 51.908208616780044, 52.55836734693877, 53.2085260770975, 53.83546485260771, 54.427573696145124, 55.05451247165533, 55.693061224489796, 56.30839002267574, 56.92371882086168, 57.53904761904762, 58.16598639455783, 58.78131519274376, 59.43147392290249, 60.011972789115646, 60.63891156462585, 61.25424036281179, 61.869569160997735, 62.49650793650794, 63.111836734693874, 63.727165532879816, 64.3308843537415, 64.94621315192744, 65.46866213151928, 66.18848072562358, 66.86185941043084, 67.43074829931973, 68.04607709750567, 68.67301587301587, 69.31156462585034, 69.90367346938775, 70.53061224489795, 71.1459410430839, 71.7728798185941, 72.37659863945578, 73.00353741496599, 73.60725623582766, 74.21097505668934, 74.84952380952382, 75.47646258503401, 76.09179138321996, 76.66068027210885, 77.3340589569161, 77.98421768707483, 78.4950566893424, 79.0291156462585, 79.5980045351474, 80.27138321995464, 80.86349206349206], "beat_labels": [10, 22, 11, 25, 10, 22, 2, 25, 11, 22, 17, 1, 10, 22, 2, 25, 8, 22, 10, 25, 10, 22, 20, 25, 8, 22, 2, 1, 10, 22, 2, 25, 8, 22, 10, 1, 10, 22, 2, 25, 8, 25, 17, 1, 11, 22, 2, 15, 26, 23, 13, 18, 18, 7, 12, 1, 19, 21, 24, 7, 29, 21, 24, 1, 3, 21, 4, 1, 1, 21, 9, 16, 0, 0, 0, 0, 6, 3, 21, 14, 1, 3, 7, 4, 1, 3, 21, 7, 7, 22, 7, 4, 1, 19, 21, 5, 1, 5, 7, 7, 1, 5, 7, 7, 1, 19, 21, 4, 7, 29, 1, 27, 1, 22, 21, 4, 7, 27, 28, 7, 28, 7, 21], "beat_selections": [72, 80, 30, 85, 91, 101, 76, 88, 24, 70, 12, 8, 54, 50, 79, 47, 71, 10, 51, 56, 22, 78, 89, 49, 58, 7, 48, 111, 118, 109]}