{"beat_times": [0.6501587301587302, 1.0332879818594105, 1.4396371882086167, 1.8808163265306121, 2.380045351473923, 2.7631746031746034, 3.1927437641723357, 3.610702947845805, 4.051882086167801, 4.46984126984127, 4.864580498866213, 5.259319727891157, 5.6540589569161, 6.03718820861678, 6.524807256235827, 6.942766439909297, 7.337505668934241, 7.75546485260771, 8.17342403628118, 8.602993197278911, 9.02095238095238, 9.404081632653062, 9.740770975056689, 10.08907029478458, 10.437369614512471, 10.762448979591836, 11.110748299319727, 11.493877551020407, 11.842176870748299, 12.19047619047619, 12.585215419501134, 12.910294784580499, 13.235374149659863, 13.64172335600907, 14.036462585034014, 14.44281179138322, 14.86077097505669, 15.255510204081633, 15.615419501133786, 15.986938775510204, 16.35845804988662, 16.72997732426304, 17.182766439909297, 17.600725623582765, 18.007074829931973, 18.37859410430839, 18.75011337868481, 19.13324263038549, 19.51637188208617, 19.91111111111111, 20.352290249433107, 20.74702947845805, 21.13015873015873, 21.501678004535147, 21.884807256235828, 22.267936507936508, 22.651065759637188, 23.04580498866213, 23.53342403628118, 23.95138321995465, 24.357732426303855, 24.729251700680273, 25.123990929705215, 25.507120181405895, 25.890249433106575, 26.296598639455784, 26.726167800453513, 27.109297052154194, 27.492426303854874, 27.875555555555554, 28.258684807256238, 28.606984126984127, 28.93206349206349, 29.31519274376417, 29.663492063492065, 29.9653514739229, 30.30204081632653, 30.68517006802721, 31.068299319727892, 31.463038548752834, 31.79972789115646, 32.13641723356009, 32.51954648526077, 32.93750566893424, 33.36707482993197, 33.7966439909297, 34.17977324263038, 34.57451247165533, 34.98086167800454, 35.38721088435374, 35.851609977324266, 36.25795918367347, 36.6875283446712, 37.093877551020405, 37.56988662131519, 37.9762358276644, 38.35936507936508, 38.76571428571429, 39.114013605442175, 39.41587301587302, 39.82222222222222, 40.2053514739229, 40.58848072562358, 40.99482993197279, 41.44761904761905, 41.807528344671205, 42.20226757369615, 42.58539682539683, 42.96852607709751, 43.29360544217687, 43.6302947845805, 44.036643990929704, 44.373333333333335, 44.71002267573696, 45.12798185941043, 45.49950113378685, 45.94068027210884, 46.40507936507937, 46.78820861678005, 47.18294784580499, 47.57768707482993, 48.07691609977324, 48.49487528344671, 48.86639455782313, 49.27274376417233, 49.76036281179138, 50.14349206349206, 50.54984126984127], "beat_labels": [17, 17, 9, 9, 17, 10, 26, 19, 9, 10, 2, 28, 17, 20, 18, 19, 19, 17, 1, 17, 8, 8, 27, 27, 9, 8, 15, 16, 24, 24, 26, 19, 7, 4, 4, 1, 12, 26, 6, 14, 14, 14, 6, 6, 26, 23, 2, 19, 10, 7, 12, 6, 6, 11, 22, 19, 19, 16, 27, 8, 12, 18, 7, 4, 10, 10, 2, 10, 24, 11, 18, 2, 15, 7, 16, 5, 4, 2, 17, 23, 23, 23, 13, 4, 19, 12, 27, 6, 2, 2, 18, 2, 6, 6, 6, 7, 2, 21, 13, 3, 5, 5, 3, 15, 25, 2, 28, 7, 4, 3, 5, 1, 19, 5, 25, 25, 3, 5, 5, 0, 0, 11, 3, 29, 29, 0, 5, 18], "beat_selections": [120, 111, 105, 99, 83, 117, 51, 73, 25, 2, 64, 121, 60, 98, 39, 103, 57, 17, 127, 16, 13, 97, 54, 80, 29, 114, 30, 86, 11, 123]}