{"beat_times": [0.40634920634920635, 1.0332879818594105, 1.6253968253968254, 2.3568253968253967, 2.8792743764172335, 3.517823129251701, 4.121541950113379, 4.73687074829932, 5.363809523809524, 5.990748299319728, 6.594467120181406, 7.22140589569161, 7.836734693877551, 8.452063492063493, 9.067392290249433, 9.694331065759638, 10.309659863945578, 10.948208616780045, 11.54031746031746, 12.178866213151927, 12.782585034013605, 13.40952380952381, 14.013242630385488, 14.640181405895692, 15.24390022675737, 15.882448979591837, 16.486167800453515, 17.101496598639457, 17.728435374149658, 18.3437641723356, 18.959092970521542, 19.586031746031747, 20.201360544217685, 20.839909297052156, 21.43201814058957, 22.058956916099774, 22.674285714285713, 23.301224489795917, 23.904943310657597, 24.508662131519273, 25.14721088435374, 25.762539682539682, 26.377868480725624, 26.9815873015873, 27.620136054421767, 28.24707482993197, 28.85079365079365, 29.477732426303856, 30.093061224489794, 30.708390022675736, 31.32371882086168, 31.93904761904762, 32.55437641723356, 33.158095238095235, 33.78503401360544], "beat_labels": [19, 0, 1, 11, 1, 18, 29, 12, 29, 6, 29, 3, 26, 21, 1, 23, 29, 13, 29, 16, 29, 10, 29, 27, 29, 5, 1, 7, 17, 25, 29, 2, 26, 5, 17, 28, 8, 10, 17, 5, 26, 4, 1, 15, 17, 9, 17, 22, 17, 24, 8, 20, 8, 14, 8], "beat_selections": [1, 14, 31, 11, 41, 39, 9, 27, 54, 45, 21, 3, 7, 17, 53, 43, 19, 46, 5, 0, 51, 13, 47, 15, 49, 29, 12, 23, 35, 20]}