{"beat_times": [0.26702947845804986, 0.8359183673469388, 1.4512471655328798, 2.066575963718821, 2.647074829931973, 3.250793650793651, 3.912562358276644, 4.562721088435374, 5.131609977324263, 5.677278911564626, 6.199727891156463, 6.757006802721088, 7.453605442176871, 8.068934240362811, 8.614603174603175, 9.206712018140589, 9.810430839002267, 10.402539682539683, 10.994648526077098, 11.598367346938776, 12.202086167800454, 12.794195011337868, 13.328253968253968, 13.908752834467121, 14.500861678004535, 15.116190476190477, 15.719909297052155, 16.31201814058957, 16.92734693877551, 17.519455782312924, 18.11156462585034], "beat_labels": [14, 23, 20, 17, 7, 16, 10, 12, 3, 18, 15, 6, 0, 19, 2, 9, 29, 28, 11, 11, 1, 25, 24, 27, 13, 21, 5, 26, 4, 22, 8], "beat_selections": [12, 20, 14, 8, 28, 26, 11, 4, 30, 15, 6, 18, 7, 24, 0, 10, 5, 3, 9, 13, 2, 25, 29, 1, 22, 21, 27, 23, 17, 16]}