{"beat_times": [0.2786394557823129, 0.8010884353741496, 1.3583673469387756, 1.8924263038548752, 2.426485260770975, 2.995374149659864, 3.517823129251701, 4.051882086167801, 4.609160997732427, 5.166439909297052, 5.723718820861678, 6.2693877551020405, 6.8382766439909295, 7.395555555555555, 7.964444444444444, 8.52172335600907, 9.09061224489796, 9.659501133786849, 10.228390022675738, 10.80888888888889, 11.38938775510204, 11.95827664399093, 12.503945578231292, 13.072834467120181, 13.64172335600907, 14.222222222222221, 14.779501133786848, 15.336780045351475, 15.917278911564626, 16.486167800453515, 17.055056689342404, 17.589115646258502, 18.134784580498867, 18.68045351473923, 19.22612244897959, 19.760181405895693, 20.329070294784582, 21.04888888888889, 21.675827664399094, 22.23310657596372, 22.755555555555556, 23.34766439909297, 23.962993197278912, 24.450612244897957, 24.94984126984127, 25.530340136054424, 26.110839002267575, 26.668117913832198, 27.225396825396825, 27.794285714285714, 28.374784580498865, 28.943673469387754, 29.50095238095238, 30.06984126984127, 30.627120181405896, 31.196009070294785, 31.7881179138322, 32.345396825396826, 32.93750566893424, 33.50639455782313, 34.05206349206349, 34.632562358276644, 35.18984126984127, 35.72390022675737, 36.22312925170068, 36.75718820861678, 37.314467120181405, 37.89496598639456, 38.42902494331066, 39.021133786848075, 39.5784126984127, 40.13569160997732, 40.66975056689343, 41.21541950113379, 41.795918367346935, 42.30675736961451, 42.86403628117914, 43.39809523809524, 43.932154195011336, 44.50104308390023, 45.023492063492064, 45.55755102040816, 46.11482993197279, 46.672108843537416, 47.22938775510204, 47.77505668934241, 48.34394557823129, 48.901224489795915, 49.47011337868481, 50.02739229024943, 50.59628117913832, 51.16517006802721, 51.74566893424036, 52.31455782312925, 52.895056689342404, 53.46394557823129, 54.00961451247166], "beat_labels": [21, 16, 16, 16, 21, 2, 7, 21, 29, 29, 7, 17, 25, 10, 28, 10, 26, 20, 20, 20, 2, 2, 0, 17, 2, 2, 0, 9, 25, 9, 21, 19, 26, 14, 26, 26, 7, 7, 14, 26, 15, 14, 19, 15, 6, 25, 9, 0, 15, 2, 21, 0, 2, 2, 6, 15, 20, 17, 10, 24, 10, 12, 17, 18, 15, 15, 18, 18, 18, 3, 13, 13, 13, 18, 3, 13, 13, 13, 11, 1, 27, 11, 1, 1, 27, 23, 5, 8, 8, 8, 23, 22, 22, 22, 22, 4, 4], "beat_selections": [22, 83, 25, 69, 96, 86, 44, 6, 87, 46, 60, 78, 61, 70, 38, 55, 2, 62, 68, 42, 56, 0, 92, 90, 59, 45, 16, 84, 14, 9]}