{"beat_times": [0.3831292517006803, 0.9171882086167801, 1.5789569160997732, 2.078185941043084, 2.5774149659863945, 3.076643990929705, 3.622312925170068, 4.167981859410431, 4.690430839002268, 5.201269841269841, 5.735328798185941, 6.30421768707483, 6.884716553287982, 7.441995464852607, 7.999274376417233, 8.452063492063493, 9.02095238095238, 9.566621315192744, 10.181950113378685, 10.704399092970522, 11.250068027210885, 11.795736961451247, 12.283356009070294, 12.817414965986394, 13.374693877551021, 13.955192743764172, 14.431201814058957, 14.930430839002268, 15.522539682539682, 16.114648526077097, 16.62548752834467, 17.264036281179138, 17.821315192743764, 18.37859410430839, 18.91265306122449, 19.539591836734694, 20.108480725623583, 20.607709750566894, 21.16498866213152, 21.768707482993197, 22.337596371882086, 22.86004535147392, 23.54503401360544, 24.13714285714286, 24.68281179138322, 25.25170068027211, 25.762539682539682, 26.343038548752833, 26.946757369614513, 27.562086167800455, 28.061315192743763, 28.50249433106576, 29.013333333333332, 29.50095238095238, 30.035011337868482, 30.592290249433105, 31.126349206349207, 31.672018140589568, 32.21768707482993, 32.69369614512472, 33.19292517006803, 33.68054421768707, 34.22621315192744], "beat_labels": [19, 1, 12, 3, 12, 4, 4, 4, 4, 3, 4, 27, 10, 0, 3, 0, 20, 3, 3, 4, 10, 4, 4, 10, 4, 4, 0, 4, 18, 24, 22, 3, 25, 7, 7, 12, 4, 17, 22, 2, 13, 15, 26, 23, 17, 0, 0, 21, 11, 9, 16, 22, 22, 1, 1, 29, 6, 6, 8, 8, 28, 5, 14], "beat_selections": [13, 53, 39, 3, 10, 61, 56, 33, 59, 49, 23, 48, 4, 40, 62, 41, 50, 37, 28, 0, 16, 47, 51, 43, 29, 32, 42, 11, 60, 55]}