{"beat_times": [0.7546485260770975, 1.4396371882086167, 2.10140589569161, 2.681904761904762, 3.2856235827664397, 3.877732426303855, 4.46984126984127, 5.038730158730159, 5.572789115646258, 6.2693877551020405, 6.977596371882086, 7.581315192743764, 8.266303854875284, 8.93968253968254, 9.450521541950113, 10.08907029478458, 10.716009070294785, 11.180408163265307, 11.80734693877551, 12.399455782312925, 13.049614512471654, 13.618503401360543, 14.222222222222221, 14.79111111111111, 15.429659863945579, 16.068208616780044, 16.683537414965986, 17.41496598639456, 18.053514739229026, 18.494693877551022, 19.11002267573696, 19.702131519274378, 20.44517006802721, 21.095328798185943, 21.826757369614512, 22.46530612244898, 23.057414965986396, 23.62630385487528, 24.253242630385486, 24.83374149659864, 25.425850340136055, 26.284988662131518, 26.877097505668935, 27.457596371882087, 28.07292517006803, 28.676643990929705, 29.280362811791385, 29.91891156462585, 30.53424036281179, 31.207619047619048, 31.811337868480727, 32.43827664399093, 32.995555555555555, 33.6108843537415, 34.249433106575964, 34.795102040816325, 35.41043083900227, 35.9677097505669, 36.58303854875283, 37.151927437641724, 37.74403628117914, 38.301315192743765, 38.89342403628118, 39.450702947845805, 40.18213151927438, 40.77424036281179, 41.38956916099773, 42.03972789115646, 42.689886621315196, 43.316825396825394, 43.9437641723356, 44.5707029478458, 45.20925170068027, 45.81297052154195, 46.439909297052154, 47.06684807256236, 47.69378684807256, 48.32072562358277, 48.93605442176871, 49.58621315192744, 50.21315192743764, 50.84009070294785, 51.44380952380953, 51.919818594104306, 52.38421768707483, 52.98793650793651, 53.58004535147392, 54.1837641723356, 54.810702947845805, 55.42603174603175, 56.018140589569164, 56.62185941043084, 57.24879818594104, 57.85251700680272, 58.44462585034014, 59.04834467120181, 59.65206349206349], "beat_labels": [19, 0, 15, 15, 12, 11, 13, 3, 3, 11, 26, 12, 12, 9, 21, 19, 26, 26, 2, 7, 14, 20, 20, 4, 8, 6, 22, 6, 6, 22, 22, 6, 6, 29, 27, 23, 23, 7, 1, 10, 10, 4, 23, 23, 7, 7, 7, 5, 24, 24, 10, 7, 24, 23, 7, 10, 1, 7, 2, 28, 28, 28, 28, 10, 6, 18, 18, 28, 2, 27, 14, 16, 7, 17, 8, 8, 17, 2, 4, 4, 16, 17, 17, 4, 16, 25, 16, 14, 8, 25, 16, 8, 4, 4, 22, 6, 22], "beat_selections": [1, 38, 68, 8, 93, 47, 95, 72, 74, 13, 63, 9, 12, 6, 20, 3, 80, 76, 65, 0, 22, 14, 94, 53, 49, 89, 16, 34, 67, 33]}