{"beat_times": [6.559637188208617, 7.1401360544217685, 7.720634920634921, 8.301133786848073, 8.928072562358278, 9.427301587301587, 10.08907029478458, 10.576689342403627, 11.099138321995465, 11.57514739229025, 12.097596371882085, 12.60843537414966, 13.154104308390023, 13.746213151927437, 14.32671201814059, 14.849160997732426, 15.32517006802721, 15.777959183673469, 16.35845804988662, 16.91573696145125, 17.47301587301587, 18.007074829931973, 18.552743764172334, 19.14485260770975, 19.760181405895693, 20.317460317460316, 20.874739229024943, 21.455238095238094, 22.00090702947846, 22.558185941043085, 23.08063492063492, 23.579863945578232, 24.102312925170068, 24.61315192743764, 25.112380952380953, 25.66965986394558, 26.226938775510202, 26.772607709750567, 27.329886621315193, 27.817505668934242, 28.35156462585034, 28.804353741496598, 29.26875283446712, 29.80281179138322, 30.37170068027211, 30.847709750566892, 31.33532879818594, 31.86938775510204, 32.43827664399093, 32.93750566893424], "beat_labels": [4, 4, 3, 12, 7, 9, 3, 19, 23, 3, 20, 29, 10, 17, 19, 25, 22, 3, 19, 8, 5, 5, 14, 1, 12, 24, 1, 27, 11, 6, 6, 13, 13, 3, 26, 4, 0, 28, 4, 4, 4, 15, 15, 12, 21, 19, 16, 19, 18, 2], "beat_selections": [36, 23, 49, 17, 1, 21, 30, 4, 19, 5, 12, 28, 24, 31, 22, 42, 46, 13, 48, 47, 10, 44, 16, 8, 25, 15, 34, 27, 37, 11]}