{"beat_times": [1.4628571428571429, 1.811156462585034, 2.159455782312925, 2.4961451247165534, 2.8212244897959184, 3.1579138321995464, 3.5062131519274375, 3.8545124716553287, 4.179591836734694, 4.527891156462585, 4.864580498866213, 5.2128798185941045, 5.5495691609977325, 5.909478458049887, 6.257777777777778, 6.617687074829932, 6.965986394557823, 7.325895691609977, 7.63936507936508, 7.9760544217687075, 8.324353741496598, 8.672653061224489, 8.997732426303855, 9.346031746031747, 9.717551020408163, 10.065850340136054, 10.402539682539683, 10.750839002267574, 11.099138321995465, 11.459047619047618, 11.818956916099774, 12.178866213151927, 12.550385487528345, 12.898684807256236, 13.270204081632652, 13.630113378684808, 13.978412698412699, 14.303492063492063, 14.605351473922903, 14.953650793650795, 15.313560090702948, 15.66185941043084, 16.04498866213152, 16.370068027210884, 16.69514739229025, 17.04344671201814, 17.356916099773244, 17.68199546485261, 18.018684807256236, 18.332154195011338, 18.634013605442178, 18.970702947845805, 19.272562358276645, 19.586031746031747, 19.9459410430839, 20.259410430839, 20.56126984126984, 20.93278911564626, 21.21142857142857, 21.501678004535147, 21.838367346938774, 22.140226757369614, 22.453696145124717, 22.790385487528344, 23.092244897959183, 23.394104308390023, 23.742403628117913, 24.044263038548753, 24.346122448979592, 24.71764172335601, 24.99628117913832], "beat_labels": [6, 6, 10, 10, 10, 1, 1, 1, 1, 1, 1, 14, 14, 24, 24, 17, 14, 24, 17, 3, 3, 3, 13, 13, 5, 5, 25, 16, 16, 16, 7, 7, 28, 28, 25, 25, 8, 25, 8, 8, 23, 20, 11, 20, 22, 12, 0, 29, 15, 0, 29, 15, 9, 21, 22, 2, 19, 19, 18, 26, 4, 18, 26, 4, 9, 21, 12, 2, 27, 12, 0], "beat_selections": [46, 6, 55, 20, 63, 24, 1, 30, 38, 52, 3, 42, 45, 23, 11, 51, 28, 15, 61, 56, 43, 53, 44, 40, 17, 26, 59, 68, 32, 50]}