{"beat_times": [0.4527891156462585, 1.0100680272108844, 1.6021768707482993, 2.2291156462585033, 2.8444444444444446, 3.4829931972789114, 4.098321995464852, 4.725260770975057, 5.363809523809524, 5.9675283446712015, 6.594467120181406, 7.233015873015873, 7.836734693877551, 8.486893424036282, 9.113832199546485, 9.740770975056689, 10.402539682539683, 11.029478458049887, 11.69124716553288, 12.34140589569161, 12.968344671201814, 13.630113378684808, 14.268662131519275, 14.895600907029479, 15.557369614512472, 16.12625850340136, 16.69514739229025, 17.264036281179138, 17.902585034013605, 18.483083900226756, 19.17968253968254, 19.841451247165534, 20.491609977324263, 21.106938775510205], "beat_labels": [0, 26, 27, 3, 26, 26, 9, 5, 20, 29, 9, 22, 16, 2, 21, 10, 19, 12, 18, 15, 7, 17, 28, 1, 8, 24, 6, 11, 14, 13, 25, 23, 11, 4], "beat_selections": [0, 23, 13, 3, 33, 7, 26, 20, 24, 6, 15, 27, 17, 29, 28, 19, 12, 21, 18, 16, 8, 14, 11, 31, 25, 30, 1, 2, 22, 9]}