{"beat_times": [0.3250793650793651, 0.9520181405895691, 1.6021768707482993, 2.2523356009070294, 3.0650340136054424, 3.8080725623582765, 4.527891156462585, 5.340589569160998, 6.222947845804988, 7.267845804988662, 8.057324263038549, 8.870022675736962, 9.659501133786849, 10.460589569160998, 11.250068027210885, 11.946666666666667, 12.817414965986394, 13.572063492063492, 14.291882086167801, 15.116190476190477, 15.905668934240364, 16.683537414965986, 17.47301587301587, 18.216054421768707, 19.017142857142858, 19.79501133786848, 20.58448979591837, 21.36235827664399, 22.09378684807256, 22.929705215419503, 23.719183673469388, 24.52027210884354, 25.29814058956916, 26.087619047619047, 26.90031746031746, 27.643356009070295, 28.43283446712018, 29.22231292517007, 30.011791383219954, 30.743219954648527, 31.613968253968252, 32.391836734693875, 33.158095238095235, 33.94757369614513, 34.78349206349206, 35.54975056689342, 36.281179138321995, 37.08226757369614, 37.89496598639456, 38.684444444444445, 39.497142857142855, 40.263401360544215, 41.06448979591837, 41.853968253968254, 42.515736961451246, 43.37487528344671, 44.199183673469385, 45.0118820861678, 45.80136054421769, 46.602448979591834, 47.40353741496599, 48.18140589569161, 48.94766439909297, 49.771972789115644, 50.561451247165536, 51.35092970521542, 52.16362811791383, 52.964716553287985], "beat_labels": [0, 0, 0, 12, 12, 12, 0, 5, 23, 21, 9, 9, 26, 18, 14, 29, 25, 16, 22, 24, 27, 6, 10, 1, 17, 17, 4, 4, 19, 19, 20, 8, 3, 2, 2, 13, 13, 5, 5, 5, 23, 15, 9, 9, 16, 25, 1, 24, 26, 6, 16, 16, 11, 6, 28, 7, 17, 6, 10, 4, 10, 10, 20, 8, 3, 2, 2, 0], "beat_selections": [67, 23, 34, 32, 27, 39, 57, 55, 63, 42, 60, 52, 5, 36, 14, 41, 51, 24, 13, 29, 62, 9, 18, 40, 47, 16, 12, 20, 54, 15]}