{"beat_times": [0.034829931972789115, 0.5224489795918368, 1.0100680272108844, 1.5209070294784581, 2.020136054421769, 2.5193650793650795, 3.006984126984127, 3.5062131519274375, 3.9938321995464854, 4.481451247165533, 4.9458503401360545, 5.433469387755102, 5.863038548752835, 6.350657596371882, 6.8382766439909295, 7.395555555555555, 7.894784580498866, 8.382403628117913, 8.858412698412698, 9.357641723356009, 9.845260770975056, 10.32126984126984, 10.797278911564625, 11.27328798185941, 11.77251700680272, 12.26013605442177, 12.770975056689343, 13.270204081632652, 13.699773242630386, 14.17578231292517, 14.651791383219955, 15.116190476190477, 15.603809523809524, 16.07981859410431, 16.637097505668933, 17.124716553287982, 17.554285714285715, 18.030294784580498, 18.517913832199547, 19.005532879818595, 19.481541950113378, 19.969160997732427, 20.44517006802721, 20.93278911564626, 21.408798185941045, 21.966077097505668, 22.430476190476192, 22.941315192743765, 23.417324263038548, 23.904943310657597, 24.392562358276646, 24.775691609977326, 25.36780045351474, 25.739319727891157, 26.354648526077096, 26.749387755102042, 27.36471655328798, 27.77106575963719, 28.258684807256238, 28.746303854875283, 29.3384126984127, 29.744761904761905, 30.34848072562358, 30.743219954648527, 31.346938775510203, 31.741678004535146, 32.298956916099776, 32.8562358276644, 33.29741496598639, 33.77342403628118, 34.27265306122449, 34.84154195011338, 35.352380952380955, 35.851609977324266, 36.33922902494331, 36.815238095238094, 37.33768707482993, 37.83691609977324, 38.32453514739229, 38.8237641723356, 39.27655328798186, 39.717732426303854, 40.22857142857143, 40.66975056689343, 41.145759637188206, 41.633378684807255, 42.09777777777778, 42.58539682539683, 43.0962358276644, 43.57224489795918, 44.09469387755102, 44.593922902494334, 45.19764172335601, 45.69687074829932, 46.19609977324263], "beat_labels": [8, 8, 11, 5, 5, 5, 5, 5, 5, 5, 20, 20, 20, 20, 20, 20, 9, 19, 17, 14, 19, 12, 12, 1, 1, 6, 4, 4, 21, 4, 27, 4, 21, 20, 15, 29, 15, 29, 29, 2, 15, 19, 7, 3, 10, 13, 5, 1, 1, 18, 18, 18, 6, 6, 6, 6, 25, 25, 18, 18, 23, 23, 26, 26, 16, 16, 27, 4, 27, 27, 27, 4, 21, 2, 2, 2, 29, 2, 2, 29, 24, 13, 7, 3, 10, 13, 7, 3, 28, 0, 17, 14, 22, 12, 5], "beat_selections": [89, 47, 77, 43, 27, 9, 52, 42, 1, 16, 44, 2, 93, 85, 91, 40, 65, 90, 51, 41, 15, 72, 92, 61, 80, 56, 63, 70, 88, 35]}