{"beat_times": [1.9388662131519274, 2.36843537414966, 2.8212244897959184, 3.2043537414965986, 3.657142857142857, 4.08671201814059, 4.504671201814059, 4.922630385487528, 5.363809523809524, 5.8165986394557825, 6.211337868480726, 6.606077097505669, 7.024036281179138, 7.453605442176871, 7.918004535147392, 8.335963718820862, 8.753922902494331, 9.1718820861678, 9.578231292517007, 9.996190476190476, 10.437369614512471, 10.866938775510205, 11.3081179138322, 11.749297052154194, 12.202086167800454, 12.666485260770974, 13.096054421768708, 13.548843537414966, 13.990022675736961, 14.361541950113379, 14.79111111111111, 15.232290249433106, 15.673469387755102, 16.091428571428573, 16.590657596371884, 17.08988662131519, 17.4962358276644, 17.914195011337867, 18.436643990929706, 18.866213151927436, 19.30739229024943, 19.748571428571427, 20.189750566893423, 20.619319727891156, 21.037278911564627, 21.466848072562357, 21.89641723356009, 22.337596371882086, 22.77877551020408, 23.219954648526077, 23.661133786848072, 24.067482993197277, 24.485442176870748, 24.90340136054422, 25.321360544217686, 25.739319727891157, 26.110839002267575, 26.493968253968255, 26.877097505668935, 27.295056689342402, 27.678185941043083, 28.08453514739229, 28.50249433106576, 28.955283446712016, 29.442902494331065, 29.95374149659864, 30.429750566893425, 30.859319727891158, 31.288888888888888, 31.71845804988662, 32.13641723356009, 32.53115646258503, 32.92589569160998, 33.32063492063492, 33.7037641723356, 34.144943310657595, 34.56290249433106, 34.9924716553288, 35.41043083900227, 35.851609977324266, 36.29278911564626, 36.74557823129252, 37.16353741496599, 37.593106575963716, 38.04589569160998, 38.47546485260771, 38.93986394557823, 39.381043083900224, 39.787392290249436, 40.2053514739229, 40.63492063492063, 41.01804988662131, 41.424399092970525, 41.81913832199547, 42.20226757369615, 42.64344671201814, 43.06140589569161, 43.456145124716556, 43.874104308390024, 44.29206349206349, 44.71002267573696, 45.12798185941043, 45.522721088435375, 45.92907029478458, 46.393469387755104, 46.834648526077096, 47.29904761904762, 47.74022675736961, 48.23945578231292, 48.64580498866213, 49.0637641723356, 49.52816326530612, 49.98095238095238, 50.387301587301586, 50.81687074829932, 51.24643990929705, 51.67600907029478, 52.11718820861678, 52.523537414965986, 52.94149659863945, 53.440725623582765, 53.92834467120181, 54.4043537414966, 54.868752834467124, 55.29832199546485, 55.72789115646258, 56.180680272108845], "beat_labels": [22, 10, 10, 6, 6, 6, 10, 3, 7, 7, 15, 15, 15, 10, 10, 10, 28, 28, 28, 28, 28, 28, 1, 25, 24, 24, 6, 6, 10, 10, 6, 7, 19, 29, 3, 3, 0, 7, 7, 7, 13, 13, 13, 13, 13, 1, 5, 5, 5, 18, 18, 25, 25, 25, 12, 12, 9, 9, 18, 23, 23, 23, 17, 17, 17, 17, 11, 4, 4, 20, 20, 20, 4, 8, 16, 16, 16, 3, 16, 21, 0, 21, 21, 21, 21, 16, 16, 0, 0, 0, 0, 0, 7, 14, 14, 14, 14, 14, 14, 23, 1, 27, 27, 27, 29, 29, 3, 3, 3, 3, 29, 29, 19, 26, 26, 26, 26, 2, 2, 2, 2, 2, 2, 2, 2, 2, 2], "beat_selections": [91, 22, 124, 109, 72, 46, 26, 37, 73, 57, 1, 66, 54, 44, 98, 11, 74, 62, 58, 112, 69, 83, 0, 99, 25, 52, 116, 102, 17, 33]}