{"beat_times": [0.22058956916099773, 0.6849886621315193, 1.1261678004535147, 1.5673469387755101, 2.0085260770975055, 2.4380952380952383, 2.8908843537414968, 3.3436734693877552, 3.7964625850340137, 4.237641723356009, 4.655600907029479, 5.050340136054421, 5.445079365079365, 5.839818594104308, 6.246167800453515, 6.6525170068027215, 7.058866213151927, 7.465215419501134, 7.929614512471655, 8.347573696145124, 8.765532879818593, 9.1718820861678, 9.613061224489796, 10.054240362811791, 10.495419501133787, 10.924988662131518, 11.354557823129252, 11.853786848072563, 12.294965986394558, 12.72453514739229, 13.165714285714285, 13.606893424036281, 14.094512471655328, 14.512471655328799, 15.023310657596372, 15.429659863945579, 15.870839002267573, 16.300408163265306, 16.741587301587302, 17.19437641723356, 17.635555555555555, 18.07673469387755, 18.506303854875284, 18.94748299319728, 19.388662131519276, 19.82984126984127, 20.259410430839, 20.688979591836734, 21.13015873015873, 21.59455782312925, 22.035736961451246, 22.47691609977324, 22.918095238095237, 23.324444444444445, 23.777233560090703, 24.23002267573696, 24.671201814058957, 25.112380952380953, 25.55356009070295, 26.006349206349206, 26.470748299319727, 26.923537414965985, 27.353106575963718, 27.78267573696145, 28.212244897959184, 28.63020408163265, 29.059773242630385, 29.50095238095238, 29.9653514739229, 30.383310657596372, 30.824489795918367, 31.265668934240363, 31.695238095238096, 32.14802721088435, 32.58920634920635, 32.995555555555555, 33.40190476190476, 33.819863945578234, 34.2378231292517, 34.65578231292517, 35.073741496598636, 35.49170068027211, 35.92126984126984, 36.3740589569161, 36.826848072562356, 37.29124716553288, 37.755646258503404, 38.196825396825396, 38.66122448979592, 39.12562358276644, 39.566802721088436, 39.9847619047619, 40.40272108843537, 40.85551020408163, 41.34312925170068, 41.77269841269841, 42.20226757369615, 42.63183673469388, 43.06140589569161, 43.502585034013606, 43.9437641723356], "beat_labels": [3, 0, 7, 22, 3, 29, 0, 14, 6, 9, 18, 21, 11, 11, 11, 18, 15, 15, 12, 12, 23, 23, 25, 20, 9, 15, 6, 14, 9, 28, 2, 17, 26, 3, 7, 22, 29, 29, 29, 13, 15, 19, 24, 1, 2, 9, 21, 2, 6, 26, 6, 26, 3, 23, 10, 5, 26, 26, 13, 13, 28, 28, 17, 17, 15, 15, 12, 12, 23, 23, 25, 20, 9, 15, 6, 14, 18, 17, 2, 8, 16, 16, 4, 16, 8, 17, 17, 16, 16, 16, 4, 8, 8, 10, 10, 10, 27, 27, 27, 8, 8], "beat_selections": [1, 43, 47, 52, 90, 55, 8, 34, 79, 9, 94, 13, 67, 39, 7, 64, 88, 62, 10, 41, 71, 46, 35, 20, 42, 22, 49, 96, 29, 37]}