{"beat_times": [0.058049886621315196, 0.4876190476190476, 0.9171882086167801, 1.3583673469387756, 1.8343764172335602, 2.2639455782312927, 2.681904761904762, 3.1346938775510202, 3.564263038548753, 3.982222222222222, 4.4117913832199545, 4.841360544217687, 5.270929705215419, 5.7004988662131515, 6.130068027210885, 6.582857142857143, 7.035646258503402, 7.48843537414966, 7.929614512471655, 8.382403628117913, 8.765532879818593, 9.195102040816327, 9.624671201814058, 10.065850340136054, 10.47219954648526, 10.878548752834467, 11.27328798185941, 11.644807256235827, 12.051156462585034, 12.480725623582767, 12.945124716553288, 13.363083900226757, 13.781043083900228, 14.164172335600908, 14.547301587301588, 14.94204081632653, 15.47609977324263, 15.963718820861677, 16.416507936507937, 16.880907029478458, 17.31047619047619, 17.740045351473924, 18.18122448979592, 18.575963718820862, 18.970702947845805, 19.353832199546485, 19.760181405895693, 20.352290249433107, 20.839909297052156, 21.257868480725623, 21.675827664399094, 22.128616780045352, 22.593015873015872, 23.04580498866213, 23.486984126984126, 23.904943310657597, 24.346122448979592], "beat_labels": [4, 4, 23, 23, 23, 23, 23, 4, 28, 23, 1, 28, 28, 1, 1, 20, 20, 20, 17, 25, 25, 15, 24, 8, 3, 10, 0, 0, 5, 5, 29, 12, 1, 28, 13, 11, 21, 11, 22, 16, 18, 17, 8, 14, 14, 6, 6, 27, 2, 2, 17, 17, 19, 26, 7, 20, 9], "beat_selections": [26, 14, 49, 24, 7, 28, 45, 54, 23, 56, 25, 35, 31, 34, 43, 21, 39, 50, 40, 52, 17, 36, 38, 4, 22, 19, 53, 47, 33, 30]}