{"beat_times": [0.10448979591836735, 0.9287981859410431, 1.6950566893424037, 2.403265306122449, 2.9837641723356008, 3.7384126984126986, 4.504671201814059, 5.270929705215419, 6.03718820861678, 6.791836734693877, 7.6741950113378685, 8.428843537414966, 9.206712018140589, 10.019410430839002, 10.80888888888889, 11.598367346938776, 12.387845804988663, 13.154104308390023, 13.955192743764172, 14.733061224489797, 15.557369614512472, 16.35845804988662, 17.19437641723356, 18.007074829931973, 18.76172335600907, 19.51637188208617, 20.305850340136054, 21.118548752834467, 21.93124716553288, 22.69750566893424, 23.49859410430839, 24.2184126984127, 24.938231292517006, 25.75092970521542, 26.749387755102042, 27.50403628117914, 28.293514739229025, 29.094603174603176, 29.90730158730159, 30.696780045351474, 31.509478458049887, 32.3221768707483, 33.111655328798186, 33.91274376417233, 34.702222222222225, 35.50331065759637, 36.327619047619045], "beat_labels": [7, 9, 9, 20, 0, 4, 4, 4, 4, 4, 3, 4, 3, 4, 3, 18, 18, 19, 16, 2, 29, 2, 23, 16, 25, 19, 29, 2, 12, 12, 22, 1, 26, 24, 15, 17, 8, 13, 27, 5, 28, 6, 10, 14, 11, 11, 21], "beat_selections": [4, 31, 19, 12, 6, 39, 41, 0, 36, 1, 42, 44, 29, 37, 43, 34, 18, 35, 16, 25, 3, 46, 30, 22, 33, 24, 32, 38, 40, 26]}