{"beat_times": [0.046439909297052155, 0.603718820861678, 1.1609977324263039, 1.7066666666666668, 2.2407256235827666, 2.786394557823129, 3.332063492063492, 3.877732426303855, 4.423401360544218, 4.957460317460318, 5.38702947845805, 5.88625850340136, 6.443537414965986, 6.989206349206349, 7.558095238095238, 8.103764172335602, 8.6378231292517, 9.206712018140589, 9.798820861678005, 10.309659863945578, 10.85532879818594, 11.412607709750567, 11.95827664399093, 12.480725623582767, 13.10766439909297, 13.781043083900228, 14.32671201814059, 14.872380952380952, 15.429659863945579, 15.952108843537415, 16.50938775510204, 17.055056689342404, 17.600725623582765, 18.14639455782313, 18.68045351473923, 19.21451247165533, 19.760181405895693, 20.305850340136054, 20.82829931972789, 21.385578231292516, 21.93124716553288, 22.453696145124717, 23.034195011337868, 23.56825396825397, 24.090702947845806, 24.636371882086166, 25.158820861678006, 25.739319727891157, 26.273378684807255, 26.79582766439909, 27.225396825396825, 27.68979591836735, 28.223854875283447, 28.746303854875283, 29.257142857142856, 29.860861678004536, 30.394920634920634, 30.963809523809523, 31.509478458049887, 32.03192743764173, 32.565986394557825, 33.13487528344671, 33.69215419501134, 34.19138321995465, 34.71383219954649, 35.28272108843537, 35.80517006802721, 36.327619047619045, 36.87328798185941, 37.56988662131519, 38.080725623582765, 38.61478458049886, 39.14884353741497, 39.68290249433107, 40.24018140589569, 40.79746031746032, 41.33151927437642, 41.86557823129252, 42.42285714285714, 42.956916099773245, 43.490975056689344, 44.02503401360544, 44.535873015873015, 45.081541950113376, 45.61560090702948, 46.14965986394558, 46.672108843537416, 47.206167800453514, 47.74022675736961, 48.28589569160998, 48.808344671201816, 49.33079365079365, 49.888072562358275, 50.46857142857143, 51.02585034013605, 51.57151927437642, 52.11718820861678, 52.65124716553288, 53.19691609977324, 53.74258503401361, 54.24181405895692, 54.74104308390023, 55.263492063492066], "beat_labels": [14, 13, 3, 11, 15, 28, 1, 0, 24, 28, 28, 15, 21, 6, 18, 6, 8, 6, 8, 13, 0, 1, 26, 1, 19, 1, 1, 9, 23, 6, 20, 5, 12, 20, 15, 11, 15, 28, 1, 0, 10, 28, 1, 0, 2, 13, 20, 11, 29, 22, 20, 20, 25, 1, 29, 15, 5, 20, 5, 20, 27, 20, 29, 13, 4, 20, 7, 22, 7, 15, 15, 16, 15, 22, 1, 20, 1, 7, 1, 16, 15, 13, 7, 13, 15, 15, 15, 16, 15, 22, 15, 22, 15, 7, 1, 17, 15, 7, 7, 22, 13, 15, 15], "beat_selections": [39, 21, 44, 2, 64, 58, 15, 98, 18, 27, 40, 35, 32, 83, 0, 55, 79, 95, 14, 24, 51, 12, 49, 28, 8, 52, 22, 60, 37, 48]}