{"beat_times": [0.22058956916099773, 0.7314285714285714, 1.242267573696145, 1.7531065759637188, 2.2407256235827666, 2.7399546485260773, 3.2275736961451247, 3.7384126984126986, 4.237641723356009, 4.73687074829932, 5.23609977324263, 5.735328798185941, 6.2345578231292516, 6.733786848072563, 7.233015873015873, 7.743854875283446, 8.231473922902495, 8.742312925170069, 9.241541950113378, 9.740770975056689, 10.24, 10.739229024943311, 11.23845804988662, 11.749297052154194, 12.236916099773243, 12.736145124716554, 13.246984126984128, 13.746213151927437, 14.233832199546486, 14.733061224489797, 15.24390022675737, 15.74312925170068, 16.23074829931973, 16.741587301587302, 17.240816326530613, 17.740045351473924, 18.239274376417235, 18.738503401360543, 19.237732426303854, 19.748571428571427, 20.236190476190476, 20.735419501133787, 21.24625850340136, 21.745487528344672, 22.23310657596372, 22.743945578231294, 23.2431746031746, 23.742403628117913, 24.241632653061224, 24.740861678004535, 25.240090702947846, 25.739319727891157, 26.23854875283447, 26.73777777777778, 27.237006802721087, 27.736235827664398, 28.23546485260771, 28.73469387755102, 29.245532879818594, 29.733151927437643, 30.243990929705216, 30.743219954648527, 31.24244897959184, 31.741678004535146, 32.24090702947846, 32.74013605442177, 33.23936507936508, 33.73859410430839, 34.2378231292517, 34.73705215419501, 35.247891156462586, 35.735510204081635, 36.234739229024946, 36.74557823129252, 37.24480725623583, 37.73242630385487, 38.243265306122446, 38.74249433106576, 39.24172335600907, 39.72934240362812, 40.24018140589569, 40.739410430839, 41.23863945578231, 41.73786848072562, 42.237097505668935, 42.736326530612246, 43.24716553287982, 43.73478458049887, 44.23401360544218, 44.74485260770975, 45.244081632653064, 45.731700680272105, 46.242539682539686, 46.74176870748299, 47.2409977324263, 47.74022675736961, 48.23945578231292, 48.738684807256234, 49.237913832199546, 49.73714285714286, 50.23637188208617, 50.73560090702948, 51.23482993197279, 51.7340589569161, 52.244897959183675, 52.744126984126986, 53.2433560090703, 53.74258503401361, 54.24181405895692, 54.74104308390023, 55.240272108843534, 55.739501133786845, 56.23873015873016, 56.73795918367347], "beat_labels": [3, 8, 3, 16, 10, 20, 26, 11, 14, 11, 15, 1, 21, 11, 25, 11, 25, 20, 9, 11, 17, 19, 0, 1, 14, 20, 18, 1, 17, 5, 21, 19, 0, 11, 18, 5, 17, 19, 0, 11, 27, 11, 18, 1, 28, 1, 0, 11, 9, 19, 18, 5, 2, 19, 4, 20, 25, 20, 9, 11, 2, 5, 29, 19, 4, 11, 23, 5, 24, 7, 29, 20, 13, 20, 9, 7, 2, 19, 4, 20, 4, 20, 23, 11, 24, 19, 4, 19, 13, 20, 23, 11, 24, 19, 29, 12, 12, 20, 22, 7, 21, 19, 29, 12, 6, 12, 6, 7, 2, 19, 4, 19, 15, 20], "beat_selections": [22, 11, 76, 0, 86, 67, 104, 99, 1, 48, 4, 41, 95, 72, 8, 10, 3, 36, 26, 109, 25, 30, 98, 90, 92, 14, 6, 40, 44, 94]}