{"beat_times": [0.6849886621315193, 1.2887074829931973, 1.787936507936508, 2.2871655328798184, 2.7399546485260773, 3.1811337868480725, 3.7151927437641725, 4.272471655328798, 4.818140589569161, 5.38702947845805, 5.944308390022676, 6.455147392290249, 7.058866213151927, 7.63936507936508, 8.219863945578231, 8.753922902494331, 9.346031746031747, 9.903310657596371, 10.460589569160998, 11.00625850340136, 11.57514739229025, 12.097596371882085, 12.689705215419501, 13.223764172335601, 13.757823129251701, 14.303492063492063, 14.837551020408164, 15.371609977324264, 15.928888888888888, 16.474557823129253, 17.03183673469388, 17.740045351473924, 18.3437641723356, 18.959092970521542, 19.52798185941043, 20.073650793650792, 20.58448979591837, 21.16498866213152, 21.69904761904762, 22.209886621315192, 22.790385487528344, 23.359274376417233, 23.881723356009072, 24.41578231292517, 24.973061224489797, 25.530340136054424, 26.05278911564626, 26.610068027210886, 27.155736961451247, 27.70140589569161, 28.24707482993197, 28.804353741496598, 29.350022675736962, 29.90730158730159, 30.429750566893425, 30.975419501133786, 31.52108843537415, 32.07836734693878, 32.62403628117914, 33.20453514739229, 33.75020408163265, 34.202993197278914, 34.65578231292517, 35.25950113378685, 35.86321995464853, 36.4669387755102, 37.03582766439909, 37.55827664399093, 38.09233560090703, 38.6031746031746, 39.12562358276644, 39.72934240362812, 40.333061224489796, 40.90195011337868, 41.44761904761905, 42.00489795918367, 42.5621768707483, 43.119455782312926, 43.67673469387755, 44.23401360544218, 44.74485260770975, 45.255691609977326, 45.77814058956916, 46.31219954648526, 46.84625850340136, 47.438367346938776, 48.03047619047619, 48.6225850340136, 49.21469387755102, 49.80680272108844, 50.387301587301586, 50.96780045351474, 51.54829931972789, 52.140408163265306, 52.69768707482993, 53.26657596371882, 53.84707482993197, 54.41596371882086, 54.95002267573696, 55.44925170068027, 55.94848072562358, 56.459319727891156, 56.95854875283447, 57.492607709750565, 58.06149659863946, 58.63038548752834, 59.199274376417236, 59.76816326530612, 60.337052154195014, 60.89433106575964, 61.35873015873016, 61.869569160997735, 62.40362811791383, 62.94929705215419, 63.506575963718824, 63.93614512471655, 64.45859410430839, 64.98104308390023, 65.5847619047619, 66.17687074829932], "beat_labels": [0, 0, 25, 25, 22, 21, 26, 9, 3, 26, 3, 14, 26, 9, 21, 25, 12, 21, 26, 9, 3, 26, 9, 6, 26, 9, 9, 27, 7, 12, 9, 27, 7, 14, 14, 24, 6, 6, 6, 27, 7, 17, 1, 27, 27, 14, 22, 24, 24, 7, 22, 7, 7, 27, 1, 27, 7, 14, 22, 6, 14, 24, 14, 26, 26, 29, 19, 2, 5, 4, 5, 4, 13, 5, 19, 5, 2, 15, 2, 13, 19, 10, 15, 4, 13, 23, 15, 15, 4, 13, 12, 22, 18, 21, 21, 22, 21, 20, 22, 20, 11, 22, 14, 22, 14, 22, 11, 11, 17, 17, 16, 8, 10, 10, 10, 10, 17, 3, 17, 28], "beat_selections": [0, 54, 67, 20, 69, 73, 37, 52, 111, 26, 112, 100, 90, 89, 11, 82, 110, 41, 92, 66, 99, 93, 101, 85, 48, 3, 6, 27, 119, 65]}