{"beat_times": [10.971428571428572, 11.586757369614512, 12.34140589569161, 13.096054421768708, 13.653333333333334, 14.210612244897959, 14.849160997732426, 15.499319727891157, 16.16108843537415, 16.822857142857142, 17.46140589569161, 18.099954648526076, 18.738503401360543, 19.37705215419501, 20.01560090702948, 20.654149659863947, 21.304308390022676, 21.954467120181405, 22.604625850340135, 23.254784580498868, 23.904943310657597, 24.555102040816326, 25.228480725623584, 25.890249433106575, 26.55201814058957, 27.225396825396825, 27.88716553287982, 28.54893424036281, 29.210702947845807, 29.8724716553288, 30.63873015873016, 31.41659863945578, 32.05514739229025, 32.69369614512472, 33.332244897959185, 33.97079365079365, 34.59773242630386, 35.22467120181406, 35.851609977324266, 36.47854875283447, 37.11709750566894, 37.755646258503404, 38.417414965986396, 39.0443537414966, 39.68290249433107, 40.35628117913832, 41.01804988662131, 41.65659863945578, 42.29514739229025, 42.956916099773245, 43.59546485260771, 44.23401360544218, 44.860952380952384, 45.51111111111111, 46.16126984126984, 46.81142857142857, 47.47319727891156, 48.134965986394555, 48.78512471655329, 49.43528344671202, 50.09705215419501, 50.758820861678004, 51.420589569160995, 52.082358276643994, 52.744126984126986, 53.40589569160998, 54.160544217687075, 54.91519274376417, 55.460861678004534, 56.018140589569164, 56.679909297052156, 57.34167800453515, 58.00344671201814, 58.66521541950113, 59.43147392290249, 60.20934240362812, 60.85950113378685, 61.50965986394558, 62.17142857142857, 62.83319727891156, 63.49496598639456, 64.15673469387755, 64.80689342403628, 65.45705215419501, 66.10721088435375, 66.75736961451247, 67.39591836734694, 68.04607709750567, 68.70784580498866, 69.36961451247166, 70.00816326530612, 70.66993197278912, 71.3665306122449, 72.06312925170069, 72.77133786848073, 73.34022675736962, 73.92072562358277, 74.50122448979592, 75.15138321995465, 75.80154195011337, 76.45170068027211, 77.10185941043083, 77.75201814058957, 78.39056689342404, 79.0291156462585, 79.66766439909297, 80.30621315192744, 80.9447619047619, 81.58331065759637, 82.22185941043084, 82.8604081632653, 83.49895691609977, 84.13750566893424, 84.7760544217687, 85.54231292517007, 86.3201814058957, 86.87746031746032, 87.43473922902494, 88.2009977324263, 88.96725623582766, 89.53614512471655, 90.09342403628118, 90.85968253968254], "beat_labels": [7, 13, 20, 9, 24, 3, 29, 4, 11, 22, 20, 10, 16, 5, 5, 17, 7, 5, 12, 29, 7, 27, 20, 9, 24, 21, 20, 4, 11, 2, 29, 10, 16, 5, 29, 17, 7, 5, 12, 17, 7, 4, 28, 0, 23, 15, 19, 19, 25, 15, 0, 19, 23, 1, 1, 17, 7, 10, 5, 17, 7, 5, 29, 17, 7, 13, 20, 9, 24, 3, 29, 4, 11, 2, 12, 10, 16, 5, 12, 17, 7, 5, 12, 17, 7, 14, 8, 10, 16, 14, 8, 10, 10, 14, 6, 1, 1, 28, 29, 4, 11, 12, 9, 24, 7, 16, 5, 17, 7, 5, 5, 17, 7, 18, 20, 9, 24, 26, 20, 4, 11, 2, 12], "beat_selections": [50, 54, 29, 5, 7, 33, 94, 36, 86, 3, 87, 100, 18, 65, 85, 45, 88, 111, 113, 46, 10, 25, 9, 44, 116, 48, 117, 21, 42, 30]}