{"beat_times": [0.0, 0.37151927437641724, 0.7430385487528345, 1.1029478458049886, 1.474467120181406, 1.8459863945578232, 2.2175056689342405, 2.6006349206349206, 2.9837641723356008, 3.3668934240362813, 3.7268027210884354, 4.040272108843538, 4.388571428571429, 4.73687074829932, 5.12, 5.5147392290249435, 5.909478458049887, 6.280997732426304, 6.617687074829932, 6.9543764172335605, 7.291065759637188, 7.616145124716553, 7.952834467120182, 8.335963718820862, 8.719092970521542, 9.102222222222222, 9.496961451247165, 9.891700680272109, 10.228390022675738, 10.588299319727891, 10.936598639455783, 11.296507936507936, 11.656417233560092, 12.027936507936507, 12.399455782312925, 12.770975056689343, 13.142494331065759, 13.49079365079365, 13.839092970521541, 14.187392290249432, 14.55891156462585, 14.918820861678004, 15.27873015873016, 15.685079365079366, 16.04498866213152, 16.451337868480724, 16.788027210884355, 17.136326530612244, 17.4962358276644, 17.856145124716555, 18.250884353741498, 18.622403628117915, 18.99392290249433, 19.342222222222222, 19.690521541950112, 20.050430839002267, 20.421950113378685, 20.78185941043084, 21.153378684807254, 21.524897959183672, 21.838367346938774, 22.244716553287983, 22.720725623582766, 23.138684807256237, 23.591473922902495, 23.939773242630384, 24.29968253968254, 24.659591836734695, 25.019501133786846, 25.379410430839002, 25.739319727891157, 26.09922902494331, 26.459138321995464, 26.81904761904762, 27.190566893424037, 27.562086167800455, 27.93360544217687, 28.374784580498865, 28.781133786848073, 29.164263038548754, 29.559002267573696, 29.95374149659864, 30.33687074829932, 30.708390022675736, 31.068299319727892, 31.40498866213152], "beat_labels": [18, 18, 18, 12, 12, 18, 18, 12, 14, 25, 17, 17, 8, 5, 25, 5, 5, 20, 18, 18, 9, 0, 0, 18, 9, 15, 9, 9, 28, 2, 16, 15, 16, 14, 25, 27, 5, 5, 17, 17, 6, 6, 6, 8, 22, 16, 2, 24, 24, 11, 11, 29, 2, 2, 21, 29, 29, 21, 16, 3, 3, 8, 8, 7, 13, 13, 10, 9, 20, 23, 23, 23, 23, 23, 1, 9, 26, 22, 16, 19, 19, 19, 4, 4, 4, 4], "beat_selections": [21, 74, 46, 60, 85, 13, 42, 63, 12, 67, 66, 50, 7, 64, 8, 31, 78, 10, 1, 79, 68, 57, 77, 70, 47, 14, 76, 35, 28, 55]}