{"beat_times": [0.08126984126984127, 0.603718820861678, 1.3235374149659864, 1.8343764172335602, 2.36843537414966, 2.9024943310657596, 3.4481632653061225, 3.9706122448979593, 4.481451247165533, 4.9806802721088435, 5.491519274376417, 6.002358276643991, 6.548027210884354, 7.047256235827664, 7.662585034013605, 8.208253968253969, 8.742312925170069, 9.32281179138322, 9.903310657596371, 10.379319727891156, 10.948208616780045, 11.470657596371883, 12.004716553287983, 12.550385487528345, 13.014784580498866, 13.467573696145125, 13.978412698412699, 14.454421768707483, 15.011700680272108, 15.557369614512472, 16.091428571428573, 16.741587301587302, 17.29886621315193, 17.914195011337867, 18.471473922902494, 18.92426303854875, 19.423492063492063, 19.934331065759636, 20.538049886621316, 21.095328798185943, 21.675827664399094, 22.175056689342405, 22.709115646258503, 23.18512471655329, 23.707573696145126, 24.288072562358277, 24.856961451247166, 25.437460317460317, 25.93668934240363, 26.59845804988662, 27.17895691609977, 27.759455782312926, 28.328344671201815, 28.85079365079365, 29.26875283446712, 29.779591836734692, 30.30204081632653, 30.824489795918367, 31.288888888888888, 31.753287981859412, 32.229297052154195, 32.70530612244898, 33.262585034013604, 33.80825396825397, 34.35392290249433], "beat_labels": [28, 29, 2, 15, 27, 4, 13, 23, 8, 9, 14, 29, 17, 19, 4, 26, 13, 18, 2, 10, 24, 3, 20, 11, 16, 29, 6, 12, 1, 1, 5, 11, 5, 22, 1, 21, 6, 22, 9, 25, 2, 16, 1, 6, 0, 7, 25, 8, 6, 16, 18, 9, 29, 19, 13, 25, 1, 13, 18, 25, 11, 6, 11, 14, 1], "beat_selections": [44, 29, 18, 21, 14, 32, 26, 45, 47, 51, 19, 62, 27, 16, 63, 3, 24, 12, 50, 53, 22, 35, 37, 7, 20, 59, 15, 4, 0, 25]}