{"beat_times": [4.85297052154195, 5.375419501133787, 5.874648526077097, 6.443537414965986, 6.896326530612245, 7.325895691609977, 7.848344671201814, 8.370793650793651, 8.846802721088435, 9.32281179138322, 9.903310657596371, 10.414149659863945, 10.820498866213152, 11.3081179138322, 11.830566893424036, 12.248526077097505, 12.701315192743763, 13.281814058956916, 13.850702947845805, 14.384761904761906, 14.918820861678004, 15.464489795918368, 16.114648526077097, 16.520997732426302, 17.03183673469388, 17.507845804988662, 18.018684807256236, 18.54113378684807, 19.051972789115645, 19.586031746031747, 20.108480725623583, 20.64253968253968, 21.199818594104308, 21.73387755102041, 22.267936507936508, 22.76716553287982, 23.336054421768708, 23.893333333333334, 24.38095238095238, 24.94984126984127, 25.44907029478458, 25.959909297052153, 26.459138321995464, 26.911927437641722, 27.46920634920635, 28.026485260770976, 28.53732426303855, 29.094603174603176, 29.628662131519274, 30.197551020408163, 30.75482993197279, 31.24244897959184, 31.7881179138322, 32.298956916099776, 32.86784580498866, 33.425124716553285, 34.028843537414964, 34.56290249433106, 35.073741496598636, 35.60780045351474, 36.13024943310658, 36.606258503401364, 37.093877551020405, 37.55827664399093, 38.10394557823129, 38.638004535147395, 39.137233560090706], "beat_labels": [5, 5, 18, 11, 24, 12, 24, 22, 1, 10, 19, 11, 6, 1, 17, 8, 3, 6, 20, 23, 24, 25, 24, 19, 26, 19, 21, 3, 1, 21, 21, 17, 8, 3, 3, 8, 2, 29, 14, 0, 20, 27, 0, 0, 9, 4, 4, 9, 4, 9, 15, 15, 15, 21, 16, 16, 16, 13, 13, 28, 7, 7, 9, 4, 4, 4, 7], "beat_selections": [39, 8, 36, 34, 48, 0, 17, 61, 35, 44, 9, 11, 5, 57, 38, 50, 55, 14, 2, 23, 18, 26, 7, 19, 4, 21, 24, 41, 59, 37]}