{"beat_times": [0.592108843537415, 1.1493877551020408, 1.6950566893424037, 2.2407256235827666, 2.7980045351473923, 3.355283446712018, 3.889342403628118, 4.458231292517007, 4.9806802721088435, 5.526349206349207, 6.072018140589569, 6.629297052154195, 7.174965986394557, 7.7090249433106575, 8.277913832199546, 8.835192743764173, 9.392471655328798, 9.926530612244898, 10.460589569160998, 11.017868480725623, 11.528707482993198, 12.07437641723356, 12.620045351473923, 13.154104308390023, 13.711383219954648, 14.303492063492063, 14.814331065759637, 15.336780045351475, 15.870839002267573, 16.4281179138322, 17.00861678004535, 17.531065759637187, 18.088344671201813, 18.68045351473923, 19.319002267573698, 19.934331065759636, 20.514829931972788, 21.095328798185943, 21.675827664399094, 22.244716553287983, 22.836825396825397, 23.440544217687076, 24.055873015873015, 24.60154195011338, 25.135600907029477, 25.64643990929705, 26.203718820861678, 26.772607709750567, 27.341496598639456, 27.945215419501135, 28.444444444444443, 29.013333333333332, 29.524172335600905, 30.058231292517007, 30.65034013605442, 31.149569160997732, 31.683628117913834, 32.20607709750567, 32.728526077097506, 33.23936507936508, 33.761814058956915, 34.29587301587301, 34.795102040816325, 35.36399092970522, 35.9677097505669, 36.58303854875283, 37.151927437641724, 37.67437641723356, 38.2897052154195, 38.8237641723356, 39.381043083900224, 39.90349206349207, 40.44916099773243, 40.99482993197279, 41.59854875283447, 42.09777777777778, 42.573786848072565, 43.06140589569161, 43.57224489795918, 44.152743764172335, 44.76807256235828, 45.3253514739229, 45.905850340136055, 46.49795918367347, 47.07845804988662, 47.67056689342404, 48.251065759637186, 48.808344671201816, 49.295963718820865, 49.783582766439906, 50.25959183673469, 50.758820861678004, 51.327709750566896, 51.89659863945578, 52.43065759637188, 52.99954648526077, 53.54521541950113, 54.102494331065756, 54.6249433106576, 55.147392290249435, 55.693061224489796], "beat_labels": [12, 24, 28, 28, 28, 1, 1, 1, 20, 20, 6, 6, 6, 6, 6, 6, 6, 6, 18, 18, 18, 18, 18, 6, 18, 18, 5, 5, 5, 5, 25, 25, 25, 5, 11, 11, 11, 9, 9, 11, 11, 9, 2, 0, 21, 3, 3, 15, 29, 19, 0, 22, 3, 3, 8, 10, 10, 2, 2, 7, 7, 21, 8, 8, 27, 23, 15, 8, 21, 17, 17, 17, 26, 23, 13, 13, 22, 22, 14, 14, 16, 2, 3, 3, 3, 4, 8, 27, 26, 2, 2, 7, 7, 8, 8, 8, 10, 23, 15, 4, 21], "beat_selections": [43, 5, 58, 83, 85, 28, 15, 60, 95, 37, 96, 36, 0, 75, 79, 47, 80, 69, 22, 49, 8, 68, 76, 65, 1, 30, 88, 87, 2, 48]}